sweep,level_mA,heat_ms,cycle,E_int_J,t_heat_s
sweep_20260731_145838,150,100,1,0.010605239624915708,0.099604
sweep_20260731_145838,150,100,2,0.010684018769555367,0.09968
sweep_20260731_145838,150,100,3,0.010383537605332182,0.099338
sweep_20260731_145838,150,100,4,0.010604939166407843,0.09996
sweep_20260731_145838,150,100,5,0.010892112409957135,0.099742
sweep_20260731_145838,150,100,6,0.019919267532270444,0.099492
sweep_20260731_145838,250,100,1,0.029563595292204918,0.099596
sweep_20260731_145838,250,100,2,0.03994467794134019,0.099213
sweep_20260731_145838,250,100,3,0.028626079105260382,0.099507
sweep_20260731_145838,250,100,4,0.027872933981257376,0.099394
sweep_20260731_145838,250,100,5,0.030579694728914517,0.099575
sweep_20260731_145838,250,100,6,0.031732664762923385,0.099894
sweep_20260731_145838,350,100,1,0.0553970200137588,0.099527
sweep_20260731_145838,350,100,2,0.05551445429761867,0.099248
sweep_20260731_145838,350,100,3,0.05594918641962244,0.09937
sweep_20260731_145838,350,100,4,0.05587758756966851,0.099536
sweep_20260731_145838,350,100,5,0.05301671824995956,0.09958
sweep_20260731_145838,350,100,6,0.055289716315235146,0.099347
sweep_20260731_145838,450,100,1,0.09017183423487185,0.099364
sweep_20260731_145838,450,100,2,0.08854508578877932,0.099589
sweep_20260731_145838,450,100,3,0.08934769535452003,0.099543
sweep_20260731_145838,450,100,4,0.08984384961367786,0.09943
sweep_20260731_145838,450,100,5,0.08995274472107526,0.09958
sweep_20260731_145838,450,100,6,0.08957198086768714,0.099475
sweep_20260731_145838,550,100,1,0.13392959798265974,0.099289
sweep_20260731_145838,550,100,2,0.27486975465221375,0.099023
sweep_20260731_145838,550,100,3,0.13531375700823287,0.099395
sweep_20260731_145838,550,100,4,0.13308880653280866,0.099186
sweep_20260731_145838,550,100,5,0.13615896324336835,0.099989
sweep_20260731_145838,550,100,6,0.13588995657537395,0.099537
sweep_20260731_145838,650,100,1,0.18456704408877095,0.099529
sweep_20260731_145838,650,100,2,0.19122942327271297,0.099673
sweep_20260731_145838,650,100,3,0.18841831097811762,0.099375
sweep_20260731_145838,650,100,4,0.188001278665483,0.099832
sweep_20260731_145838,650,100,5,0.18787895704576238,0.09965
sweep_20260731_145838,650,100,6,0.18735063959837062,0.09937
sweep_20260731_145838,750,100,1,0.2478088823325162,0.099652
sweep_20260731_145838,750,100,2,0.25068845511983606,0.099796
sweep_20260731_145838,750,100,3,0.24932681047219346,0.099572
sweep_20260731_145838,750,100,4,0.24892273791288702,0.0994
sweep_20260731_145838,750,100,5,0.2468213600435021,0.099589
sweep_20260731_145838,750,100,6,0.24800772449017847,0.0997
sweep_20260731_145838,850,100,1,0.31809908207256177,0.09969
sweep_20260731_145838,850,100,2,0.3173393882407673,0.09965
sweep_20260731_145838,850,100,3,0.3155571820412897,0.099808
sweep_20260731_145838,850,100,4,0.5630190236036553,0.099515
sweep_20260731_145838,850,100,5,0.31694770182873,0.099737
sweep_20260731_145838,850,100,6,0.3208220671076922,0.099425
sweep_20260731_145838,950,100,1,0.3933610003503603,0.09987
sweep_20260731_145838,950,100,2,0.3975504846891036,0.099496
sweep_20260731_145838,950,100,3,0.3943661277181524,0.099143
sweep_20260731_145838,950,100,4,0.39275939583462194,0.099518
sweep_20260731_145838,950,100,5,0.39434038501804874,0.099243
sweep_20260731_145838,950,100,6,0.3932546827591017,0.099567
sweep_20260731_145838,150,200,1,0.014956098997755652,0.199621
sweep_20260731_145838,150,200,2,0.021345552183584506,0.19965
sweep_20260731_145838,150,200,3,0.020991216220892648,0.1999
sweep_20260731_145838,150,200,4,0.021089824047679125,0.199992
sweep_20260731_145838,150,200,5,0.021789753442527003,0.199779
sweep_20260731_145838,150,200,6,0.020955830414896466,0.199484
sweep_20260731_145838,250,200,1,0.05688517064772695,0.199601
sweep_20260731_145838,250,200,2,0.05676828527573384,0.19983
sweep_20260731_145838,250,200,3,0.05991197683558898,0.199988
sweep_20260731_145838,250,200,4,0.056079816618441344,0.199973
sweep_20260731_145838,250,200,5,0.055897704754485494,0.199439
sweep_20260731_145838,250,200,6,0.056784634669205414,0.19955
sweep_20260731_145838,350,200,1,0.109907552763187,0.199214
sweep_20260731_145838,350,200,2,0.11251528318403842,0.199965
sweep_20260731_145838,350,200,3,0.10818176295345519,0.199514
sweep_20260731_145838,350,200,4,0.3633071589979603,0.199052
sweep_20260731_145838,350,200,5,0.36768570639563675,0.199563
sweep_20260731_145838,350,200,6,0.3682460338221647,0.199672
sweep_20260731_155129,350,200,1,0.11041648547353698,0.199991
sweep_20260731_155129,350,200,2,0.11125257375764402,0.199985
sweep_20260731_155129,350,200,3,0.10808331746324894,0.199636
sweep_20260731_155129,350,200,4,0.11292670666580922,0.199893
sweep_20260731_155129,350,200,5,0.11059890760294439,0.199038
sweep_20260731_155129,350,200,6,0.11057691010559181,0.199164
sweep_20260731_155129,450,200,1,0.17828237878086167,0.199756
sweep_20260731_155129,450,200,2,0.18082357845993063,0.199052
sweep_20260731_155129,450,200,3,0.17829057263518744,0.199857
sweep_20260731_155129,450,200,4,0.1826768803208764,0.199334
sweep_20260731_155129,450,200,5,0.1819331359918986,0.199501
sweep_20260731_155129,450,200,6,0.17823104019837893,0.199534
sweep_20260731_155129,550,200,1,0.26742522303848937,0.199369
sweep_20260731_155129,550,200,2,0.2696342189388081,0.199979
sweep_20260731_155129,550,200,3,0.2697850450103766,0.199404
sweep_20260731_155129,550,200,4,0.26576643647007625,0.199251
sweep_20260731_155129,550,200,5,0.2686976741942536,0.199432
sweep_20260731_155129,550,200,6,0.2678752503630577,0.199584
sweep_20260731_155129,650,200,1,0.3735633730768113,0.199361
sweep_20260731_155129,650,200,2,0.3741087597291167,0.199655
sweep_20260731_155129,650,200,3,0.3730631120643071,0.199808
sweep_20260731_155129,650,200,4,0.37360580654342,0.199934
sweep_20260731_155129,650,200,5,0.37318033070360734,0.199784
sweep_20260731_155129,650,200,6,0.37151613997972194,0.19929
sweep_20260731_155129,750,200,1,0.5007088872480976,0.199985
sweep_20260731_155129,750,200,2,0.49207521155294276,0.199104
sweep_20260731_155129,750,200,3,0.4922867773216383,0.199379
sweep_20260731_155129,750,200,4,0.4971797286006351,0.199494
sweep_20260731_155129,750,200,5,0.4938124936279572,0.199641
sweep_20260731_155129,750,200,6,0.4941787173959195,0.19963
sweep_20260731_155129,850,200,1,0.636983489756332,0.199591
sweep_20260731_155129,850,200,2,0.6314853204673856,0.199863
sweep_20260731_155129,850,200,3,0.6262215327390541,0.199823
sweep_20260731_155129,850,200,4,0.635136161595307,0.199109
sweep_20260731_155129,850,200,5,0.6315095715899491,0.199128
sweep_20260731_155129,850,200,6,0.6313408131448228,0.199467
sweep_20260731_155129,950,200,1,0.7829484770169161,0.199592
sweep_20260731_155129,950,200,2,0.7798430471288961,0.199881
sweep_20260731_155129,950,200,3,0.783705090569034,0.199033
sweep_20260731_155129,950,200,4,0.7785000662663124,0.199211
sweep_20260731_155129,950,200,5,0.7780557108991015,0.199031
sweep_20260731_155129,950,200,6,0.7783065590272942,0.199535
sweep_20260731_155129,150,300,1,0.03225278934903028,0.299342
sweep_20260731_155129,150,300,2,0.031472369131963523,0.299994
sweep_20260731_155129,150,300,3,0.031798103998455236,0.299003
sweep_20260731_155129,150,300,4,0.030908068544844042,0.299936
sweep_20260731_155129,150,300,5,0.031244581031645784,0.299592
sweep_20260731_155129,150,300,6,0.031449383312221475,0.29938
sweep_20260731_155129,250,300,1,0.08530728270659108,0.299707
sweep_20260731_155129,250,300,2,0.08584971237352088,0.299637
sweep_20260731_155129,250,300,3,0.08796167554285524,0.299375
sweep_20260731_155129,250,300,4,0.08813010367790772,0.299626
sweep_20260731_155129,250,300,5,0.08290028279472741,0.299987
sweep_20260731_155129,250,300,6,0.08519360418060448,0.299991
sweep_20260731_155129,350,300,1,0.16447171415011275,0.299449
sweep_20260731_155129,350,300,2,0.16640737142612577,0.299908
sweep_20260731_155129,350,300,3,0.16636451515569167,0.299927
sweep_20260731_155129,350,300,4,0.16336358280824925,0.29973
sweep_20260731_155129,350,300,5,0.16714897631931624,0.299557
sweep_20260731_155129,350,300,6,0.1639979859409189,0.299154
sweep_20260731_155129,450,300,1,0.27003926539825024,0.299062
sweep_20260731_155129,450,300,2,0.2697111186069461,0.299862
sweep_20260731_155129,450,300,3,0.2696344715488607,0.299984
sweep_20260731_155129,450,300,4,0.2668674143993995,0.299464
sweep_20260731_155129,450,300,5,0.27164385149845244,0.299988
sweep_20260731_155129,450,300,6,0.27010492926215157,0.299991
sweep_20260731_155129,550,300,1,0.3987424478053801,0.299662
sweep_20260731_155129,550,300,2,0.40189766867674354,0.299494
sweep_20260731_155129,550,300,3,0.40050477801493295,0.299296
sweep_20260731_155129,550,300,4,0.40225945558572174,0.299771
sweep_20260731_155129,550,300,5,0.4034829789338109,0.2998
sweep_20260731_155129,550,300,6,0.40078656759093045,0.29951
sweep_20260731_155129,650,300,1,0.561116529953223,0.299613
sweep_20260731_155129,650,300,2,0.5595117298123269,0.299991
sweep_20260731_155129,650,300,3,0.5583083402926381,0.299204
sweep_20260731_155129,650,300,4,0.5566222700261965,0.29993
sweep_20260731_155129,650,300,5,0.5584487919258593,0.299994
sweep_20260731_155129,650,300,6,0.5570936963881099,0.299446
sweep_20260731_155129,750,300,1,0.7472847335927291,0.299985
sweep_20260731_155129,750,300,2,0.7380448142100132,0.29999
sweep_20260731_155129,750,300,3,0.7391663777088,0.299805
sweep_20260731_155129,750,300,4,0.7381236975717747,0.299513
sweep_20260731_155129,750,300,5,0.736719501476131,0.299326
sweep_20260731_155129,750,300,6,0.7389228489259797,0.299071
sweep_20260731_155129,850,300,1,0.9387986750046474,0.299381
sweep_20260731_155129,850,300,2,0.9350314423582289,0.299353
sweep_20260731_155129,850,300,3,0.9286476289122043,0.299105
sweep_20260731_155129,850,300,4,0.9309516416490042,0.299794
sweep_20260731_155129,850,300,5,0.9373980348245105,0.299573
sweep_20260731_155129,850,300,6,0.9319521329107602,0.299362
sweep_20260731_134414,950,300,1,0.17871925462295835,0.299117
sweep_20260731_134414,950,300,2,1.1501379804452234,0.29948
sweep_20260731_134414,950,300,3,1.1508572419027874,0.299982
sweep_20260731_134414,950,300,4,1.1476395027158708,0.299589
sweep_20260731_141513,950,300,1,1.1604305927910263,0.299663
sweep_20260731_141513,950,300,2,1.7819801374128708,0.299547
sweep_20260731_141513,950,300,3,1.1499564521961636,0.299997
sweep_20260731_141513,950,300,4,1.1563086592821887,0.299795
sweep_20260731_144243,950,300,1,1.16090746161882,0.299019
sweep_20260731_144243,950,300,2,1.1610222218144475,0.299994
sweep_20260731_144243,950,300,3,1.1537703240610422,0.299996
sweep_20260731_144243,950,300,4,1.1496538068815885,0.299722
sweep_20260731_155129,950,300,1,1.1599240699316617,0.299463
sweep_20260731_155129,950,300,2,1.146628467120438,0.299304
sweep_20260731_155129,950,300,3,1.1523906627938691,0.299059
sweep_20260731_155129,950,300,4,1.1481945282286334,0.29988
sweep_20260731_155129,950,300,5,1.1461239282436322,0.299611
sweep_20260731_155129,950,300,6,1.1476258719818726,0.299395
sweep_20260731_155129,150,400,1,0.029072470594951695,0.399738
sweep_20260731_155129,150,400,2,0.04304437911849486,0.399651
sweep_20260731_155129,150,400,3,0.04370782716725455,0.399922
sweep_20260731_155129,150,400,4,0.04253591488185424,0.399682
sweep_20260731_155129,150,400,5,0.04139680805328563,0.399947
sweep_20260731_155129,150,400,6,0.04075298943580902,0.399538
sweep_20260731_155129,250,400,1,0.11401006981826875,0.399338
sweep_20260731_155129,250,400,2,0.11625948837224773,0.399654
sweep_20260731_155129,250,400,3,0.11211914126527961,0.3997
sweep_20260731_155129,250,400,4,0.11604032471144177,0.399375
sweep_20260731_155129,250,400,5,0.11483111350273728,0.399783
sweep_20260731_155129,250,400,6,0.11411817448848839,0.399174
sweep_20260731_155129,350,400,1,0.21607431281235623,0.399239
sweep_20260731_155129,350,400,2,0.21848441778059846,0.399606
sweep_20260731_155129,350,400,3,0.22326566441261114,0.399994
sweep_20260731_155129,350,400,4,0.21761423935996219,0.399978
sweep_20260731_155129,350,400,5,0.21451413248171042,0.39965
sweep_20260731_155129,350,400,6,0.22208976437523736,0.399132
sweep_20260731_155129,450,400,1,0.36225473121713486,0.399508
sweep_20260731_155129,450,400,2,0.35712791789943243,0.399012
sweep_20260731_155129,450,400,3,0.3581306736479366,0.399575
sweep_20260731_155129,450,400,4,0.35820704680050197,0.399823
sweep_20260731_155129,450,400,5,0.3601325629977723,0.399254
sweep_20260731_155129,450,400,6,0.3584675095142157,0.399409
sweep_20260731_155129,550,400,1,0.538847635848503,0.39983
sweep_20260731_155129,550,400,2,0.5317028303574668,0.39927
sweep_20260731_155129,550,400,3,0.5332268884304072,0.399567
sweep_20260731_155129,550,400,4,0.5310666564669582,0.399828
sweep_20260731_155129,550,400,5,0.5338848474788296,0.399743
sweep_20260731_155129,550,400,6,0.5334879476539436,0.399593
sweep_20260731_155129,650,400,1,0.7448260365395392,0.399218
sweep_20260731_155129,650,400,2,0.7380124171205659,0.399487
sweep_20260731_155129,650,400,3,0.7383850607388771,0.399403
sweep_20260731_155129,650,400,4,0.7409152425687726,0.399194
sweep_20260731_155129,650,400,5,0.7422839656926031,0.399846
sweep_20260731_155129,650,400,6,0.7417711905284288,0.399233
sweep_20260731_134414,750,400,1,0.21039121085848017,0.399978
sweep_20260731_134414,750,400,2,0.9716800618063528,0.399841
sweep_20260731_134414,750,400,3,0.968453597919669,0.399251
sweep_20260731_134414,750,400,4,0.9691911840785876,0.399381
sweep_20260731_141513,750,400,1,0.9778469582887959,0.399294
sweep_20260731_141513,750,400,2,0.9720237456850482,0.399382
sweep_20260731_141513,750,400,3,0.9708844361604508,0.399567
sweep_20260731_141513,750,400,4,0.9728874075036427,0.399375
sweep_20260731_144243,750,400,1,0.981374113477063,0.399809
sweep_20260731_144243,750,400,2,0.9743908739201491,0.399995
sweep_20260731_144243,750,400,3,0.9746078940029128,0.399946
sweep_20260731_144243,750,400,4,0.9761672354722946,0.39999
sweep_20260731_155129,750,400,1,0.9797436678009155,0.399999
sweep_20260731_155129,750,400,2,0.9724675852918028,0.399067
sweep_20260731_155129,750,400,3,0.9714101160844882,0.39948
sweep_20260731_155129,750,400,4,0.9740365834501128,0.399748
sweep_20260731_155129,750,400,5,0.9714297050196856,0.399925
sweep_20260731_155129,750,400,6,0.970818264767273,0.399491
sweep_20260731_134414,850,400,1,0.25921257838676115,0.399974
sweep_20260731_134414,850,400,2,1.2318986878762357,0.399978
sweep_20260731_134414,850,400,3,1.231067803178195,0.399947
sweep_20260731_134414,850,400,4,1.2361844495645689,0.399926
sweep_20260731_141513,850,400,1,1.2391783299094534,0.399403
sweep_20260731_141513,850,400,2,1.2281104482316305,0.399418
sweep_20260731_141513,850,400,3,1.2294418079274423,0.399985
sweep_20260731_141513,850,400,4,1.2283604780340873,0.399238
sweep_20260731_144243,850,400,1,1.2364231687285936,0.399924
sweep_20260731_144243,850,400,2,1.2277925109513066,0.399678
sweep_20260731_144243,850,400,3,1.2307286557949966,0.39945
sweep_20260731_144243,850,400,4,1.228969596443501,0.399559
sweep_20260731_155129,850,400,1,1.235595848404596,0.39999
sweep_20260731_155129,850,400,2,1.2248102165466357,0.399328
sweep_20260731_155129,850,400,3,1.2233498850371887,0.399702
sweep_20260731_155129,850,400,4,1.2285017303248578,0.399077
sweep_20260731_155129,850,400,5,1.2259389825767606,0.399358
sweep_20260731_155129,850,400,6,1.2323786069543632,0.399892
sweep_20260731_134414,950,400,1,0.3130823671979627,0.39961
sweep_20260731_134414,950,400,2,1.528139995841708,0.399987
sweep_20260731_134414,950,400,3,1.5161210271725851,0.399794
sweep_20260731_134414,950,400,4,1.5066660844975872,0.399328
sweep_20260731_141513,950,400,1,1.5190739637558546,0.399617
sweep_20260731_141513,950,400,2,1.508656205242952,0.399009
sweep_20260731_141513,950,400,3,1.5141125223907022,0.39921
sweep_20260731_141513,950,400,4,1.519738725948228,0.399389
