level_mA,heat_ms,sweep,run_type,cycle,bootstrap,i_mA,cc_pct,u_V,R_ohm,v_hot_V,i_hot_mA,r_hot_ohm,p_hot_W,r_base_ohm,t_heat_start_s,t_heat_end_s,t_pulse_utc,dx_um,x_base_um,baseline_V,peak_V,rise_V,F_base_mN,dF_mN,clipped,railed,detect_ok,n_samples,cool_s,i_low_mA,seeded
150,100,sweep_20260731_145838,map,1,1,150.4375894736842,100.3,0.7072390210526315,4.701212134061399,0.679149,147.37349999999998,4.608352247860029,0.1000885651515,4.7825390986189955,30.282629,30.382629,2026-07-31T18:59:06.233417+00:00,83.28951878397129,-4362.622585809176,1.7570424973544976,1.787436,0.030393502645502446,172.2444573427101,2.9795024182972654,0,0,0,95,30.0,100,1
150,100,sweep_20260731_145838,map,2,0,154.00088043478257,102.7,0.6979532934782608,4.53213833263658,0.679881,153.49200000000002,4.429423031819248,0.10435629445200001,4.704062602502225,61.340948,61.440948,2026-07-31T18:59:37.269111+00:00,15.83601346091018,-4246.044516903102,1.7920107819148934,1.804054,0.012043218085106666,175.67242974939893,1.1806075077025229,0,0,0,92,30.0,100,1
150,100,sweep_20260731_145838,map,3,0,150.6508969072165,100.4,0.6920475567010309,4.593716804270021,0.65717,145.26500000000001,4.523939008019826,0.09546380005,4.701246906085089,92.397752,92.497752,2026-07-31T19:00:08.303290+00:00,34.106441476202235,-4201.166557896553,1.80844160106383,1.825321,0.016879398936169965,177.28315773820168,1.6547026690641993,0,0,0,97,30.0,100,1
150,100,sweep_20260731_145838,map,4,0,152.17084375000002,101.4,0.6974869479166665,4.583578106871518,0.671255,144.25099999999998,4.653381952291492,0.096829205005,4.696707121936613,123.455123,123.555123,2026-07-31T19:00:39.338037+00:00,14.23904884677495,-4076.5996016217837,1.8500732486772489,1.859373,0.00929975132275107,181.36434562196263,0.9116629918862038,0,0,0,96,30.0,100,1
150,100,sweep_20260731_145838,map,5,0,154.67169791666666,103.1,0.7068399583333335,4.569937279114642,0.688963,149.593,4.6055831489441355,0.10306404205899998,4.684007203710097,154.514124,154.614124,2026-07-31T19:01:10.374412+00:00,-29.978242935973867,-4110.500691455652,1.8389802169312168,1.850915,0.011934783068783261,180.27688573624124,1.169977525461516,0,0,0,96,30.0,100,1
150,100,sweep_20260731_145838,map,6,0,207.29427835051544,138.2,0.962495175257732,4.6431343060527785,0.927759,201.23000000000002,4.610440789146747,0.18669294357000002,4.6995059733722755,185.569749,185.669749,2026-07-31T19:01:41.407413+00:00,81.41811986396715,-4195.731705410054,1.811581423280423,1.841545,0.029963576719576945,177.59095733591428,2.9373563928481956,0,0,0,97,30.0,100,1
250,100,sweep_20260731_145838,map,1,1,258.8351086956522,103.5,1.150809706521739,4.446111318982246,1.1749895000000001,260.04949999999997,4.518330164064919,0.30555543198025004,4.705927991986015,246.189026,246.289026,2026-07-31T19:02:42.442167+00:00,99.80447320566691,-4349.0569311243025,1.762418015873016,1.800698,0.03827998412698386,172.77142426101287,3.752621295709955,0,0,1,92,30.0,100,1
250,100,sweep_20260731_145838,map,2,0,296.97508421052635,118.8,1.3445053263157896,4.527333765692837,1.156262,256.43550000000005,4.508977891126618,0.29650662410100004,4.728133927657476,277.241484,277.341484,2026-07-31T19:03:13.472010+00:00,76.65877238722805,-4190.78754318523,1.8125989999999998,1.842546,0.029947000000000168,177.69071129754695,2.9357313621091423,0,0,1,95,30.0,100,1
250,100,sweep_20260731_145838,map,3,0,252.92473958333335,101.2,1.133206,4.480407894723294,1.104397,250.05299999999997,4.416651669845994,0.27615778304099997,4.69527068197797,308.298345,308.398345,2026-07-31T19:03:44.506254+00:00,49.030338672629114,-4181.5763008883605,1.8167573085106385,1.834619,0.017861691489361453,178.09835402329603,1.7509976921105979,0,0,1,96,30.0,100,1
250,100,sweep_20260731_145838,map,4,0,249.93385263157896,100.0,1.1170418842105265,4.4693500798274375,1.0684770000000001,238.137,4.486816412401265,0.254443907349,4.715760721627229,339.354584,339.454584,2026-07-31T19:04:15.539875+00:00,46.47728679106967,-4299.385862552229,1.7757900158730158,1.79897,0.023179984126984188,174.0822934557276,2.2723547058062312,0,0,1,95,30.0,100,1
250,100,sweep_20260731_145838,map,5,0,260.7410319148936,104.3,1.169568691489362,4.485556733821286,1.1220335,251.8705,4.454803162736406,0.28260713866174997,4.693013672972467,370.411048,370.511048,2026-07-31T19:04:46.573722+00:00,42.130237324879545,-4070.424610773776,1.8508640053191487,1.870638,0.01977399468085128,181.441864207244,1.9384624950330296,0,0,1,94,30.0,100,1
250,100,sweep_20260731_145838,map,6,0,264.5527525773196,105.8,1.1950375979381442,4.517199637107825,1.118662,246.637,4.535661721477313,0.275903439694,4.695749838548151,401.467494,401.567494,2026-07-31T19:05:17.607551+00:00,42.011512874912114,-4241.420236777771,1.7941688201058201,1.814467,0.020298179894179924,175.8839841754761,1.9898488432589874,0,0,1,97,30.0,100,1
350,100,sweep_20260731_145838,map,1,1,353.9995319148937,101.1,1.57363514893617,4.445302908802979,1.5516005000000002,352.9605,4.395960737816272,0.5476536882802501,4.576469213693189,458.646136,458.746136,2026-07-31T19:06:14.782781+00:00,147.72809354447236,-4357.9324093625655,1.7591691058201055,1.813316,0.05414689417989438,172.4529306845277,5.30806876831469,0,0,1,94,30.0,100,1
350,100,sweep_20260731_145838,map,2,0,351.6371720430107,100.5,1.5836209462365594,4.503565243218535,1.6458645,361.44,4.55363130810093,0.59488126488,4.726851418406516,489.704309,489.804309,2026-07-31T19:06:45.819345+00:00,112.72404562133897,-4208.449686993318,1.8072982380952383,1.848316,0.04101776190476181,177.17107283737124,4.021008115248078,0,0,1,93,30.0,100,1
350,100,sweep_20260731_145838,map,3,0,350.28420212765957,100.1,1.5982949361702128,4.56285189700825,1.548457,342.29549999999995,4.5237433737808415,0.5300298630435,4.622030198454752,520.761904,520.861904,2026-07-31T19:07:16.855331+00:00,99.75853263965291,-4127.183071458981,1.8332383244680852,1.872259,0.039020675531914684,179.71400285041383,3.8252319407528677,0,0,1,94,30.0,100,1
350,100,sweep_20260731_145838,map,4,0,354.30266666666665,101.2,1.5801368387096775,4.4598502562112925,1.527702,348.08099999999996,4.3889267153335,0.5317640398619999,4.692866412106841,551.819423,551.919423,2026-07-31T19:07:47.891241+00:00,85.60926730659503,-4258.258021000519,1.787670925531915,1.825804,0.038133074468085004,175.24698972233247,3.738219609630344,0,0,1,93,30.0,100,1
350,100,sweep_20260731_145838,map,5,0,346.0708404255319,98.9,1.53521920212766,4.436141456587155,1.498212,340.48350000000005,4.400248470190185,0.5101164655020001,4.6746350415964075,582.875936,582.975936,2026-07-31T19:08:18.926147+00:00,88.41808530167691,-4232.621438638377,1.7968384761904763,1.831526,0.03468752380952367,176.1456929641284,3.400449177597945,0,0,1,94,30.0,100,1
350,100,sweep_20260731_145838,map,6,0,348.7944226804124,99.7,1.592617762886598,4.566064304147018,1.5536159999999999,344.482,4.510006328342264,0.535192746912,4.714564130567821,613.930826,614.030826,2026-07-31T19:08:49.959430+00:00,94.68465803386243,-4209.353811084416,1.8047190476190478,1.839775,0.03505595238095216,176.91823247373532,3.4365665620384456,0,0,1,97,30.0,100,1
450,100,sweep_20260731_145838,map,1,1,451.0771979166667,100.2,2.0148818125,4.466822578941875,1.9914855,439.93,4.5268235855704315,0.876114216015,4.765667414717325,668.75764,668.85764,2026-07-31T19:09:45.485683+00:00,174.38389174953045,-4352.486689367879,1.76067028042328,1.822084,0.06141371957671993,172.60009218192448,6.020442202062038,0,0,1,96,30.0,100,1
450,100,sweep_20260731_145838,map,2,0,445.239914893617,98.9,1.989072404255319,4.4674170884489905,1.966243,446.88550000000004,4.399880953846119,0.8786854861765001,4.718128731710517,699.811278,699.911278,2026-07-31T19:10:16.516946+00:00,155.08724883861032,-4217.413651062345,1.802569931216931,1.856947,0.054377068783068916,176.70755265864474,5.330632991819566,0,0,1,94,30.0,100,1
450,100,sweep_20260731_145838,map,3,0,449.7133010752687,99.9,1.9964086021505376,4.439291871903958,2.018971,450.071,4.485894447764909,0.908680296941,4.706113271185647,730.864755,730.964755,2026-07-31T19:10:47.548048+00:00,159.97042929303097,-4221.752431552301,1.8020016170212767,1.857775,0.05577338297872325,176.6518403065656,5.467514929093436,0,0,1,93,30.0,100,1
450,100,sweep_20260731_145838,map,4,0,450.18285416666674,100.0,2.0005892083333334,4.44394803093206,1.9773405,445.52950000000004,4.438180861199988,0.88096352429475,4.679190940629705,761.915953,762.015953,2026-07-31T19:11:18.576873+00:00,174.8400409621222,-4178.517893508661,1.8170319999999998,1.877117,0.060085000000000166,178.1252822772187,5.890186626117051,0,0,1,96,30.0,100,1
450,100,sweep_20260731_145838,map,5,0,449.1585161290323,99.8,2.0007457096774193,4.454431203754921,1.9860384999999998,444.03900000000004,4.472666815302259,0.8818785495014999,4.693481728876491,792.967773,793.067773,2026-07-31T19:11:49.606319+00:00,154.55061716287673,-4191.075273469367,1.8118566137566134,1.867002,0.05514538624338661,177.6179345059649,5.405951843935326,0,0,1,93,30.0,100,1
450,100,sweep_20260731_145838,map,6,0,449.05795959595963,99.8,2.0013296868686865,4.456729123940671,1.915362,436.31,4.3899108432078116,0.83569159422,4.713195375570787,824.020779,824.120779,2026-07-31T19:12:20.636950+00:00,164.8902875946601,-4220.1214105767485,1.8015122446808511,1.860446,0.058933755319148906,176.60386669560168,5.777329073940327,0,0,1,99,30.0,100,1
550,100,sweep_20260731_145838,map,1,1,551.3643608247423,100.2,2.4468112989690725,4.437739311458363,2.385744,550.753,4.331785755138873,1.3139556652320001,4.86451807835633,879.257402,879.357402,2026-07-31T19:13:15.920412+00:00,256.6823671257962,-4369.459177864447,1.754095335106383,1.844698,0.0906026648936169,171.95554437510017,8.881860781342192,0,0,1,97,30.0,100,1
550,100,sweep_20260731_145838,map,2,0,793.307925531915,144.2,3.49593454255319,4.406781314089554,3.4760805,797.3805000000001,4.359374853034405,2.7717588071302504,4.572863809433674,910.312077,910.412077,2026-07-31T19:13:46.953979+00:00,620.7468008476208,-4120.109400704962,1.8350803404255318,2.040607,0.20552665957446825,179.89457733252496,20.147963410768767,0,0,1,94,30.0,100,1
550,100,sweep_20260731_145838,map,3,0,552.71438,100.5,2.46189606,4.454192163409969,2.3807655,545.8555,4.361530661502906,1.29955394238525,4.700680780329278,941.365106,941.465106,2026-07-31T19:14:17.985902+00:00,262.9956699566278,-4167.221090618634,1.8196800957446808,1.91021,0.09052990425531915,178.38487748633906,8.874727990485752,0,0,1,100,30.0,100,1
550,100,sweep_20260731_145838,map,4,0,548.730125,99.8,2.4446119479166666,4.455035064671666,2.397082,534.065,4.488371265669909,1.28019759833,4.711182660446255,972.420201,972.520201,2026-07-31T19:14:49.019889+00:00,250.89071141591558,-4142.506543233128,1.8262645132275133,1.915711,0.08944648677248668,179.0303538581149,8.768519599574855,0,0,1,96,30.0,100,1
550,100,sweep_20260731_145838,map,5,0,552.5806288659794,100.5,2.4513159381443295,4.436123544857129,2.431082,547.9035000000001,4.437062365909324,1.3319983365870003,4.7109460894843735,1003.474385,1003.574385,2026-07-31T19:15:20.052965+00:00,270.5786122680229,-4181.033495254022,1.81479555026455,1.915246,0.10045044973544992,177.90604109686205,9.847247992330672,0,0,1,97,30.0,100,1
550,100,sweep_20260731_145838,map,6,0,550.7817628865979,100.1,2.458907886597938,4.464395977294205,2.4197085,550.609,4.39460397487146,1.3323132774765,4.673340112509447,1034.530037,1034.630037,2026-07-31T19:15:51.087509+00:00,262.2499690790746,-4120.705615606976,1.8341730052910055,1.927978,0.0938049947089945,179.8056304526915,9.195788055220081,0,0,1,97,30.0,100,1
650,100,sweep_20260731_145838,map,1,1,649.05071875,99.9,2.8562477708333334,4.400654199003355,2.794844,645.611,4.328990677048564,1.8043820296839996,4.600094370782806,1089.814512,1089.914512,2026-07-31T19:16:46.500535+00:00,370.12223983570084,-4345.973419659905,1.7623387978723406,1.885664,0.1233252021276594,172.76365844911095,12.089680556470324,0,0,1,96,30.0,100,1
650,100,sweep_20260731_145838,map,2,0,657.1909690721649,101.1,2.910058670103093,4.428025957525818,2.911411,652.749,4.460230502076603,1.9004206188390003,4.69887234917904,1120.867747,1120.967747,2026-07-31T19:17:17.530904+00:00,373.9962813485713,-4212.413589701098,1.803980914893617,1.933837,0.12985608510638302,176.8458726583466,12.729908892627655,0,0,1,97,30.0,100,1
650,100,sweep_20260731_145838,map,3,0,655.6363195876289,100.9,2.887475020618557,4.4040803328813025,2.844585,642.905,4.42458061455425,1.8287979194249997,4.713815881676929,1151.920184,1152.020184,2026-07-31T19:17:48.560476+00:00,361.23008677003327,-4195.085283243236,1.8097378297872342,1.934874,0.1251361702127658,177.4102282065546,12.267211387713038,0,0,1,97,30.0,100,1
650,100,sweep_20260731_145838,map,4,0,650.7877216494845,100.1,2.8876815773195874,4.437209678757427,2.87813,639.492,4.500650516347351,1.84054110996,4.671951835162575,1182.972617,1183.072617,2026-07-31T19:18:19.590044+00:00,357.70360922440386,-4207.004899154293,1.8049115820105819,1.929587,0.12467541798941806,176.93710679341712,12.222043432584195,0,0,1,97,30.0,100,1
650,100,sweep_20260731_145838,map,5,0,650.6342315789474,100.1,2.8948470315789474,4.449269483644882,2.861141,646.774,4.423710600611651,1.850511609134,4.697494449141126,1214.025635,1214.125635,2026-07-31T19:18:50.620196+00:00,376.7894648449219,-4099.034633179221,1.8401197619047618,1.970291,0.13017123809523823,180.3885963555811,12.760803623760813,0,0,1,95,30.0,100,1
650,100,sweep_20260731_145838,map,6,0,650.9796907216495,100.2,2.887576701030928,4.435740073288429,2.843901,654.318,4.346359109790653,1.8608156145179997,4.690946852401044,1245.078324,1245.178324,2026-07-31T19:19:21.650020+00:00,374.17042957582726,-4169.8091503148635,1.8185765502645506,1.945043,0.12646644973544952,178.276695929738,12.397619886564813,0,0,1,97,30.0,100,1
750,100,sweep_20260731_145838,map,1,1,752.7025473684212,100.4,3.3163762526315783,4.405958587793021,3.368799,757.942,4.444665950692797,2.553354251658,4.615563637734142,1301.426098,1301.526098,2026-07-31T19:20:18.091593+00:00,491.41140918825477,-4357.98886035205,1.7578711322751321,1.924998,0.16712686772486784,172.32568916974606,16.383597256184526,0,0,1,95,30.0,100,1
750,100,sweep_20260731_145838,map,2,0,753.0677127659573,100.4,3.3229756595744675,4.412585486329569,3.2689695,744.0285,4.393607906148756,2.43220647363075,4.715967698469488,1332.479574,1332.579574,2026-07-31T19:20:49.122709+00:00,551.3958106499595,-4107.420201642597,1.8388699841269838,2.023524,0.18465401587301633,180.26607951523346,18.10179936346914,0,0,1,94,30.0,100,1
750,100,sweep_20260731_145838,map,3,0,750.0936413043479,100.0,3.326795934782609,4.43517415905246,3.2887649999999997,749.088,4.390358676150198,2.46357439632,4.709075305728384,1363.534102,1363.634102,2026-07-31T19:21:20.154876+00:00,512.795883877784,-4184.606714544823,1.8135868783068783,1.986623,0.17303612169312177,177.78755389705444,16.962886740983365,0,0,1,92,30.0,100,1
750,100,sweep_20260731_145838,map,4,0,750.0712989690722,100.0,3.336133515463918,4.4477551934719175,3.2905165,743.4495000000001,4.4260121232175145,2.44633284666675,4.70883153063037,1394.587215,1394.687215,2026-07-31T19:21:51.185629+00:00,520.6012711423086,-4178.890492359879,1.8164154521276594,1.997918,0.18150254787234066,178.06484153440402,17.79285811906179,0,0,1,97,30.0,100,1
750,100,sweep_20260731_145838,map,5,0,751.22034375,100.2,3.2949355937499996,4.386110707947664,3.2866295,742.1990000000001,4.428232185707606,2.4393331282705004,4.65506969186632,1425.639709,1425.739709,2026-07-31T19:22:22.215764+00:00,538.0765560675572,-4071.507344106969,1.850716037037037,2.027416,0.1766999629629631,181.4273587433781,17.3220563980997,0,0,1,96,30.0,100,1
750,100,sweep_20260731_145838,map,6,0,751.483967032967,100.2,3.3077275384615388,4.401594290189868,3.257992,744.3969999999999,4.376686096263151,2.425239470824,4.716772493223662,1456.694067,1456.794067,2026-07-31T19:22:53.247761+00:00,511.703325343854,-4189.375997694678,1.8124774414893619,1.985782,0.17330455851063808,177.67879480734723,16.989201843795914,0,0,1,91,30.0,100,1
850,100,sweep_20260731_145838,map,1,1,851.0936145833332,100.1,3.7673991875,4.426539129123172,3.704871,845.3705,4.382541146160174,3.1319886497055,4.866324213365596,1513.284455,1513.384455,2026-07-31T19:23:50.203333+00:00,652.9572543103695,-4358.587175020758,1.7575565478723407,1.975697,0.2181404521276593,172.29485017761644,21.384504847090987,0,0,1,96,30.0,100,1
850,100,sweep_20260731_145838,map,2,0,850.952440860215,100.1,3.7381241290322578,4.392870799281619,3.7327890000000004,850.964,4.386541616331596,3.1764690585960005,4.682720902089177,1544.338404,1544.438404,2026-07-31T19:24:21.235388+00:00,705.43881238001,-4154.630234700514,1.8226945132275134,2.0603,0.23760548677248639,178.68038354513766,23.2926797117305,0,0,1,93,30.0,100,1
850,100,sweep_20260731_145838,map,3,0,850.6156565656565,100.1,3.7375737070707067,4.393962982248746,3.7066225,842.0529999999999,4.401887410887438,3.1211725959925,4.684968395855929,1575.392774,1575.492774,2026-07-31T19:24:52.267863+00:00,705.6448481143484,-4115.832323165376,1.8352388465608465,2.068299,0.23306015343915365,179.91011583162435,22.847096594292864,0,0,1,99,30.0,100,1
850,100,sweep_20260731_145838,map,4,0,1137.4780947368424,133.8,4.9804182,4.378473944284816,4.971221,1157.594,4.294442611140003,5.754655602274,4.589847999516499,1606.447263,1606.547263,2026-07-31T19:25:23.300458+00:00,1680.5935924881178,-4085.376784828386,1.8454611746031744,2.416188,0.5707268253968256,180.91221984964383,55.94886434415601,0,0,1,95,30.0,100,1
850,100,sweep_20260731_145838,map,5,0,850.3023298969073,100.0,3.7299661237113395,4.3866351914660395,3.698321,850.9100000000001,4.3463127710333636,3.14693832211,4.700025255123516,1637.500744,1637.600744,2026-07-31T19:25:54.332045+00:00,700.2397182381551,-4084.1192156706666,1.8446885978835978,2.080417,0.23572840211640234,180.83648345850963,23.108667413530355,0,0,1,97,30.0,100,1
850,100,sweep_20260731_145838,map,6,0,853.9041134020619,100.5,3.774560845360825,4.420356789619501,3.715837,848.967,4.3768921524629345,3.154622990379,4.718272189127771,1668.555164,1668.655164,2026-07-31T19:26:25.364571+00:00,669.2738701069666,-4106.116854857145,1.8342875714285716,2.065486,0.23119842857142836,179.8168614742659,22.66459002996924,0,0,1,97,30.0,100,1
950,100,sweep_20260731_145838,map,1,1,950.0320520833334,100.0,4.163823739583333,4.382824485187051,4.137689,939.175,4.405663481246839,3.886014066575,4.767020171328877,1725.259694,1725.359694,2026-07-31T19:27:21.543347+00:00,862.1424543848852,-4335.24528916669,1.7670104074074073,2.054876,0.2878655925925928,173.22162053625235,28.21972311905043,0,0,1,96,30.0,100,1
950,100,sweep_20260731_145838,map,2,0,953.485680412371,100.4,4.188582350515463,4.392915841907507,4.1558655,946.4544999999999,4.390982873450335,3.93333760386975,4.731557818100149,1756.314355,1756.414355,2026-07-31T19:27:52.575965+00:00,931.8176129990065,-4098.477506898558,1.8372228994708997,2.152944,0.3157211005291005,180.10461432403184,30.950423631845876,0,0,1,97,30.0,100,1
950,100,sweep_20260731_145838,map,3,0,949.8374347826086,100.0,4.185060010869566,4.406080301338522,4.167947,949.787,4.388296533854432,3.958661877289,4.675942806903891,1787.370351,1787.470351,2026-07-31T19:28:23.609918+00:00,911.2999143128136,-4155.652312366006,1.8201862712765957,2.134633,0.3144467287234043,178.43449832928744,30.825495816806974,0,0,1,92,30.0,100,1
950,100,sweep_20260731_145838,map,4,0,951.2541505376342,100.1,4.161116021505377,4.374347296307278,4.063665,944.442,4.30271525408654,3.8378958999300004,4.726158305671139,1818.425617,1818.525617,2026-07-31T19:28:54.643141+00:00,905.3573683730792,-4123.3294699932885,1.8305957407407405,2.138847,0.30825125925925967,179.45494798931372,30.218148369353848,0,0,1,93,30.0,100,1
950,100,sweep_20260731_145838,map,5,0,947.7830543478261,99.8,4.162013565217391,4.3913146010837805,4.100162,944.5559999999999,4.340835270751549,3.872832618072,4.626673099948176,1849.477706,1849.577706,2026-07-31T19:29:25.673189+00:00,882.8985938478932,-4147.068355921139,1.8225014021164023,2.119505,0.29700359788359787,178.6614526891167,29.115530001874173,0,0,1,92,30.0,100,1
950,100,sweep_20260731_145838,map,6,0,952.2832105263155,100.2,4.161010263157895,4.369509214446985,4.09985,951.394,4.309308236125097,3.9005726909,4.69242053332835,1880.533037,1880.633037,2026-07-31T19:29:56.706477+00:00,878.677454059175,-4193.345837190321,1.808579723404255,2.105111,0.29653127659574485,177.2966979955428,29.06922792093979,0,0,1,95,30.0,100,1
150,200,sweep_20260731_145838,map,1,1,155.45211428571426,103.6,0.7140558285714287,4.593413424143109,0.7092510000000001,151.362,4.68579299956396,0.10735364986200001,4.498463930464755,1936.855715,1937.055715,2026-07-31T19:30:52.951918+00:00,87.99256045703441,-4362.568656575043,1.7586973492063496,1.789016,0.03031865079365037,172.40668395910325,2.972164623894017,0,0,0,70,30.0,100,1
150,200,sweep_20260731_145838,map,2,0,151.49997461928936,101.0,0.7056984010152284,4.658076034590815,0.6967855000000001,152.97899999999998,4.554778760483466,0.1065935490045,4.675666837950203,1968.145998,1968.345998,2026-07-31T19:31:24.220086+00:00,-40.549526849834365,-4145.741367651001,1.8247507830687832,1.833588,0.008837216931216751,178.8819615283071,0.8663203292060901,0,0,0,197,30.0,100,1
150,200,sweep_20260731_145838,map,3,0,151.00674489795918,100.7,0.6965855765306121,4.612943461573989,0.6780335,148.894,4.553800018805324,0.10095511994899999,4.670600707376796,1999.306808,1999.506808,2026-07-31T19:31:55.358872+00:00,28.573219160216468,-4191.350454679323,1.8074362486772484,1.826572,0.019135751322751693,177.18460213893434,1.8758949242235727,0,0,0,196,30.0,100,1
150,200,sweep_20260731_145838,map,4,0,150.26712886597937,100.2,0.7012115309278352,4.666433279318416,0.6831685000000001,148.43200000000002,4.6025688530775035,0.10140406679200002,4.679148777300729,2030.463132,2030.663132,2026-07-31T19:32:26.493176+00:00,19.720287124453534,-4225.563376658964,1.799820121693122,1.810443,0.010622878306878025,176.4379863562147,1.0413703209460217,0,0,0,194,30.0,100,1
150,200,sweep_20260731_145838,map,5,0,151.55924456521737,101.0,0.7147698641304348,4.716108649003344,0.697781,150.133,4.647752326270706,0.10475995487300001,4.720106613631547,2061.621883,2061.821883,2026-07-31T19:32:57.629905+00:00,46.216654239260606,-4209.618643961127,1.8032874361702127,1.82423,0.02094256382978732,176.77789031496482,2.0530183804080155,0,0,0,184,30.0,100,1
150,200,sweep_20260731_145838,map,6,0,150.9050824742268,100.6,0.6946640670103094,4.603317897718598,0.6735825,148.81,4.526459915328271,0.10023581182499999,4.71097322011757,2092.780021,2092.980021,2026-07-31T19:33:28.766021+00:00,16.001702409977042,-4161.366174490074,1.8192763915343915,1.830208,0.010931608465608589,178.34530199927318,1.0716354162615538,0,0,0,194,30.0,100,1
250,200,sweep_20260731_145838,map,1,1,250.1525670103093,100.1,1.138865494845361,4.552683622065033,1.131931,252.92950000000002,4.475282638047361,0.28629874186450005,4.551821789492627,2155.628423,2155.828423,2026-07-31T19:34:31.663334+00:00,158.51493343536822,-4355.617490699097,1.7613339627659574,1.813495,0.05216103723404264,172.665153559287,5.11339342465425,0,0,0,194,30.0,100,1
250,200,sweep_20260731_145838,map,2,0,249.07752040816325,99.6,1.1380870204081632,4.569208086475168,1.137138,252.84,4.4974608448030375,0.28751397192,4.706362153344209,2186.788351,2186.988351,2026-07-31T19:35:02.800774+00:00,76.54794778649102,-4202.657535514612,1.8039271164021164,1.837456,0.03352888359788353,176.84059874380648,3.286866634882056,0,0,0,196,30.0,100,1
250,200,sweep_20260731_145838,map,3,0,256.85696428571424,102.7,1.1646120459183673,4.534087869320583,1.172434,263.001,4.457907004155878,0.308351314434,4.7298945627455025,2217.944634,2218.144634,2026-07-31T19:35:33.934572+00:00,82.87466164742364,-4225.19772580797,1.796813914893617,1.829487,0.032673085106383004,176.14328519809226,3.202971938547072,0,0,0,196,30.0,100,1
250,200,sweep_20260731_145838,map,4,0,248.719140625,99.5,1.1220979062499998,4.511506044248579,1.062694,250.58700000000002,4.240818558025755,0.266297301378,4.7651511122928305,2249.104221,2249.304221,2026-07-31T19:36:05.071672+00:00,83.76554284805206,-4116.4010540209565,1.8330866349206345,1.866406,0.033319365079365504,179.6991325875576,3.266327345946403,0,0,0,192,30.0,100,1
250,200,sweep_20260731_145838,map,5,0,249.35797905759162,99.7,1.1286955759162305,4.526406494718772,1.114895,251.622,4.430832757072116,0.28053210969000003,4.687185729668992,2280.264481,2280.464481,2026-07-31T19:36:36.209444+00:00,73.81152266873141,-4192.144828985638,1.807237313829787,1.838142,0.030904686170212914,177.16510037679762,3.029614199286547,0,0,0,191,30.0,100,1
250,200,sweep_20260731_145838,map,6,0,252.58205208333334,101.0,1.1246375989583333,4.452563393488015,1.11204,252.342,4.4068763820529275,0.28061439768,4.691154885334181,2311.424466,2311.624466,2026-07-31T19:37:07.346941+00:00,96.9268641624717,-4175.848425450542,1.8144918941798938,1.851451,0.0369591058201062,177.87627341759466,3.623134406504681,0,0,0,192,30.0,100,1
350,200,sweep_20260731_145838,map,1,1,350.3812135416666,100.1,1.5734781458333333,4.490760591666877,1.5483495,344.4605,4.494998700867008,0.53334524294475,4.630027685918634,2371.911627,2372.111627,2026-07-31T19:38:08.514852+00:00,203.71129079673665,-4378.186094555964,1.753089755319149,1.82237,0.06928024468085114,171.8569664835422,6.791604737842476,0,0,0,192,30.0,100,1
350,200,sweep_20260731_145838,map,2,0,354.32914285714287,101.2,1.5759251326530612,4.447630584223316,1.558643,347.769,4.481834206039066,0.542047717467,4.711002596234056,2403.067265,2403.267265,2026-07-31T19:38:39.648944+00:00,205.3980282957241,-4165.3310335132455,1.8198678829787236,1.885879,0.06601111702127649,178.4032864378996,6.471129211180316,0,0,0,196,30.0,100,1
350,200,sweep_20260731_145838,map,3,0,348.39199484536084,99.5,1.5566456185567015,4.468086642598211,1.5449060000000001,349.053,4.425992614302126,0.5392540740180001,4.73030163632779,2434.222389,2434.422389,2026-07-31T19:39:10.782522+00:00,178.41834876669873,-4208.161107360902,1.8032768306878304,1.867747,0.06447016931216965,176.776850649982,6.320068720413455,0,0,0,194,30.0,100,1
350,200,sweep_20260731_145838,map,4,0,663.9949844559585,189.7,2.7495826683937823,4.140969032539668,2.748366,667.014,4.120402270417112,1.8331985991239999,4.270750893349641,2465.382099,2465.582099,2026-07-31T19:39:41.920683+00:00,2647.464633884856,-1628.2352098784204,2.6240197393617017,3.456813,0.8327932606382982,257.23501665066823,81.63947284899893,0,0,0,193,30.0,100,1
350,200,sweep_20260731_145838,map,5,0,671.8827853403141,192.0,2.7450845130890054,4.0856598397570165,2.738792,672.005,4.075553009278205,1.84048191796,4.1721480461460825,2496.538479,2496.738479,2026-07-31T19:40:13.055516+00:00,327.57774240002163,4700.14696533551,4.622695142857142,5.0,0.37730485714285766,453.1669652504504,36.98753471768092,1,1,0,191,30.0,100,1
350,200,sweep_20260731_145838,map,6,0,669.1828205128206,191.2,2.760956892307693,4.125863377950834,2.7529130000000004,673.085,4.089993091511474,1.8529444466050005,4.16521298372161,2527.693086,2527.893086,2026-07-31T19:40:44.188578+00:00,-0.143002762118158,5027.6688337578635,5.0,5.0,0.0,490.1544999681313,0.0,1,1,0,195,30.0,100,1
350,200,sweep_20260731_155129,map,1,1,349.59490954773867,99.9,1.579193944723618,4.517210924971928,1.588768,352.00399999999996,4.513494164839036,0.5592526910719999,4.634798661806187,30.209382,30.409382,2026-07-31T19:51:57.928505+00:00,204.41989613520036,-4123.980923176234,1.8347042393617021,1.905835,0.07113076063829782,179.85770780674918,6.973012482603541,0,0,1,199,30.0,0,1
350,200,sweep_20260731_155129,map,2,0,352.3392565445026,100.7,1.5782513769633508,4.479351499011885,1.5756675,347.085,4.539716495959204,0.5468905542375,4.7238393776023715,61.374344,61.574344,2026-07-31T19:52:29.071068+00:00,192.27146196461354,-3961.1843630459907,1.8847326542553193,1.950544,0.06581134574468073,184.762038344025,6.451545453142757,0,0,1,191,30.0,0,1
350,200,sweep_20260731_155129,map,3,0,347.7889581151833,99.4,1.5598299214659683,4.484989776326862,1.63761,366.338,4.470216030005077,0.59991877218,4.753728297086659,92.543676,92.743676,2026-07-31T19:53:00.217998+00:00,195.44290344915544,-3932.469233918231,1.8952678888888892,1.962894,0.06762611111111072,185.79481687679788,6.629448535291153,0,0,1,191,30.0,0,1
350,200,sweep_20260731_155129,map,4,0,353.7192959183673,101.1,1.5953894744897958,4.510326388464784,1.5692245,348.96250000000003,4.4968284557796325,0.54760050458125,4.714564571644114,123.705156,123.905156,2026-07-31T19:53:31.357082+00:00,209.52905456699773,-3939.719248212937,1.892387042553191,1.96656,0.07417295744680907,185.51240491776605,7.271241773699637,0,0,1,196,30.0,0,1
350,200,sweep_20260731_155129,map,5,0,353.2891550802139,100.9,1.576734935828877,4.463015388827548,1.5917919999999999,358.59400000000005,4.438981131865005,0.570807060448,4.715450530368805,154.871585,155.071585,2026-07-31T19:54:02.501111+00:00,203.63507118789448,-3910.391960090401,1.9046440957446806,1.972681,0.06803690425531927,186.71397487339752,6.669718956929129,0,0,1,187,30.0,0,1
350,200,sweep_20260731_155129,map,6,0,351.03850256410254,100.3,1.5836690256410257,4.511382694699806,1.582194,350.73199999999997,4.511119601291015,0.554926066008,4.775923197566656,186.03377,186.23377,2026-07-31T19:54:33.640899+00:00,195.1624399181951,-3944.410650032282,1.8901304550264548,1.957577,0.06744654497354508,185.2911896116057,6.611845505217214,0,0,1,195,30.0,0,1
450,200,sweep_20260731_155129,map,1,1,449.0701554404145,99.8,1.9980303316062178,4.449261006104266,1.970982,442.90200000000004,4.4501537586192885,0.8729518697640001,4.791387578577803,239.825977,240.025977,2026-07-31T19:55:27.638927+00:00,344.66257339006415,-4101.297346859624,1.8418225691489363,1.95601,0.11418743085106375,180.55552408224315,11.193896614289745,0,0,1,193,30.0,0,1
450,200,sweep_20260731_155129,map,2,0,449.71878974358975,99.9,2.019585594871795,4.490774325936605,2.008054,450.881,4.4536230180468905,0.905393395574,4.715084900081662,270.988707,271.188707,2026-07-31T19:55:58.778993+00:00,369.76826750940745,-3922.1305140916497,1.9004030317460314,2.019268,0.11886496825396842,186.29821955267937,11.652439815650338,0,0,1,195,30.0,0,1
450,200,sweep_20260731_155129,map,3,0,448.08001530612245,99.6,1.9933989795918365,4.448756720894977,1.9759965,445.218,4.438267320728272,0.879749209737,4.714620753313052,302.155738,302.355738,2026-07-31T19:56:29.923355+00:00,343.4767454130979,-3962.9528606771482,1.885110867724868,1.998109,0.11299813227513189,184.79911495083456,11.077308604530007,0,0,1,196,30.0,0,1
450,200,sweep_20260731_155129,map,4,0,451.4478571428571,100.3,2.0292932704081634,4.495077866248481,1.994233,445.56600000000003,4.475729745986004,0.888562420878,4.735219238886628,333.320703,333.520703,2026-07-31T19:57:01.065654+00:00,362.1459125092756,-3918.2627108759557,1.9019404202127659,2.01835,0.11640957978723399,186.44893112771317,11.411735874422392,0,0,1,196,30.0,0,1
450,200,sweep_20260731_155129,map,5,0,451.8708677248677,100.4,2.025175322751323,4.481756774779291,1.9734175,450.515,4.380359144534588,0.8890541850125,4.716155723723271,364.489787,364.689787,2026-07-31T19:57:32.212068+00:00,344.8831223906823,-3914.188060117897,1.902138,2.011538,0.10939999999999972,186.46830005207627,10.724580459302686,0,0,1,189,30.0,0,1
450,200,sweep_20260731_155129,map,6,0,446.941585106383,99.3,1.9981199255319153,4.470651181532625,2.032552,449.20700000000005,4.524755847526864,0.913036586264,4.706984474747856,395.652659,395.852659,2026-07-31T19:58:03.352275+00:00,339.8847061293659,-3928.990937028975,1.895162973404255,2.007824,0.11266102659574484,185.7845319174159,11.04426183138673,0,0,1,188,30.0,0,1
550,200,sweep_20260731_155129,map,1,1,549.9126473684212,100.0,2.442930347368421,4.442397095354943,2.435689,554.3280000000001,4.393949069864773,1.350170611992,4.500909124990628,449.602066,449.802066,2026-07-31T19:58:57.297513+00:00,532.5501164389857,-4101.208202547906,1.8407829680851062,2.01503,0.17424703191489366,180.45361105432158,17.081593359835143,0,0,1,190,30.0,0,1
550,200,sweep_20260731_155129,map,2,0,551.4224102564102,100.3,2.449100605128205,4.441423778894619,2.4164815,550.2555,4.391562646806801,1.32968223602325,4.698846324368685,480.769216,480.969216,2026-07-31T19:59:28.442352+00:00,568.8342564858212,-3896.9880896592003,1.9085360423280422,2.08773,0.1791939576719579,187.09550589969157,17.5665449440018,0,0,1,195,30.0,0,1
550,200,sweep_20260731_155129,map,3,0,551.7591464646465,100.3,2.452771272727273,4.44536586016419,2.458532,552.106,4.453007212383129,1.357370268392,4.71429783783274,511.934052,512.134052,2026-07-31T19:59:59.584878+00:00,530.0356239968651,-3947.179767228475,1.8883463031914893,2.060604,0.17225769680851077,185.11628760149875,16.886577048967514,0,0,1,198,30.0,0,1
550,200,sweep_20260731_155129,map,4,0,548.9166907216495,99.8,2.440042701030928,4.445196770794224,2.423104,549.0255,4.413463491222175,1.3303458851519998,4.707120215735441,543.102985,543.302985,2026-07-31T20:00:30.731499+00:00,546.4916964148515,-3909.053214427106,1.90072853968254,2.076542,0.17581346031745992,186.33012938865036,17.235151745914294,0,0,1,194,30.0,0,1
550,200,sweep_20260731_155129,map,5,0,550.9422680412371,100.2,2.450187170103093,4.447266641592474,2.484507,556.962,4.460819589128163,1.3837759877339997,4.730306962295066,574.26994,574.46994,2026-07-31T20:01:01.876143+00:00,551.2587116018344,-3932.1209073862838,1.894213164021164,2.077013,0.1827998359788361,185.6914212487691,17.920032439692566,0,0,1,194,30.0,0,1
550,200,sweep_20260731_155129,map,6,0,550.5898659793814,100.1,2.432488180412371,4.417967584792894,2.4076035,551.3410000000001,4.366813823024226,1.3274105212935001,4.7365795702067865,605.434751,605.634751,2026-07-31T20:01:33.018644+00:00,552.9685472129204,-3908.6196007316134,1.9041758412698413,2.082831,0.1786551587301588,186.66807146580297,17.513725998821624,0,0,1,194,30.0,0,1
650,200,sweep_20260731_155129,map,1,1,650.3985684210526,100.1,2.8977856210526314,4.4553997529353015,2.8632524999999998,645.803,4.433631463464864,1.8490970542574998,4.440603193930595,659.751956,659.951956,2026-07-31T20:02:27.270065+00:00,780.8518527191859,-4097.219727990318,1.8413772433862434,2.092916,0.2515387566137568,180.51186839693602,24.65857069412429,0,0,1,190,30.0,0,1
650,200,sweep_20260731_155129,map,2,0,650.1344742268042,100.0,2.8820479381443294,4.433002790033414,2.8277885,644.657,4.386500883415522,1.8229536510445001,4.747326443815062,690.914967,691.114967,2026-07-31T20:02:58.410662+00:00,824.5585025556247,-3913.517856877707,1.902581052910053,2.172321,0.2697399470899471,186.51173292759358,26.442849777460644,0,0,1,194,30.0,0,1
650,200,sweep_20260731_155129,map,3,0,651.2402448979592,100.2,2.8740065765306118,4.413128026172478,2.889383,658.328,4.388971758758552,1.902161731624,4.752297477261351,722.085237,722.285237,2026-07-31T20:03:29.558513+00:00,852.6573168014188,-3862.819296193273,1.918241643617021,2.193761,0.27551935638297875,188.04695472902947,27.009410471888064,0,0,1,196,30.0,0,1
650,200,sweep_20260731_155129,map,4,0,650.7935894736843,100.1,2.888446963157895,4.438345751828726,2.888927,651.411,4.434875984593444,1.8818788259969998,4.754226909822759,753.253034,753.453034,2026-07-31T20:04:00.703893+00:00,786.4678832415225,-3907.7778539020724,1.8997437234042556,2.158678,0.25893427659574453,186.23358696256176,25.383560173879392,0,0,1,190,30.0,0,1
650,200,sweep_20260731_155129,map,5,0,649.4546354166667,99.9,2.8927892968749997,4.454182230940719,2.873427,650.7965,4.415246547884016,1.8700162346055,4.7190641771864845,784.418349,784.618349,2026-07-31T20:04:31.846792+00:00,793.1435985674871,-3936.7458437876476,1.8928217553191489,2.149105,0.2562832446808512,185.5550202014516,25.123677129350572,0,0,1,192,30.0,0,1
650,200,sweep_20260731_155129,map,6,0,649.7464973821988,100.0,2.871651115183246,4.419648473293826,2.8660725,647.542,4.4260796983052835,1.8559023187950001,4.721608952064116,815.585824,815.785824,2026-07-31T20:05:02.991850+00:00,787.5386884977738,-3922.0126922473687,1.8959427234042552,2.155656,0.25971327659574484,185.86097151168596,25.459926244974458,0,0,1,191,30.0,0,1
750,200,sweep_20260731_155129,map,1,1,750.9483282051284,100.1,3.331050466666666,4.435791840203364,3.280091,748.542,4.381973222611423,2.4552858773220003,4.754819560362055,869.961058,870.161058,2026-07-31T20:05:57.792879+00:00,1099.409103284091,-4067.714559946917,1.8494983015873014,2.209777,0.36027869841269844,181.30798304128638,35.318445053929075,0,0,1,195,30.0,0,1
750,200,sweep_20260731_155129,map,2,0,750.9624712041884,100.1,3.3056164869109947,4.401839790489596,3.238496,754.9399999999999,4.289739581953533,2.4448701702399998,4.723144236572118,901.131093,901.331093,2026-07-31T20:06:28.940547+00:00,1176.4637456929527,-3903.278601145138,1.9041613351063833,2.291983,0.3878216648936168,186.66664941354372,38.01850684654779,0,0,1,191,30.0,0,1
750,200,sweep_20260731_155129,map,3,0,750.9387164948454,100.1,3.3041967835051542,4.400088463847149,3.279647,748.605,4.3810113477735255,2.455160142435,4.728989791196441,932.296976,932.496976,2026-07-31T20:07:00.084066+00:00,1157.5496154267298,-3853.6892404089463,1.920511407407407,2.302593,0.3820815925925929,188.26946171617394,37.455802392849925,0,0,1,194,30.0,0,1
750,200,sweep_20260731_155129,map,4,0,750.5951734693876,100.1,3.321871719387755,4.425650253029817,3.249617,754.3969999999999,4.307568826493212,2.4515013159490002,4.706799398948159,963.461052,963.661052,2026-07-31T20:07:31.225779+00:00,1157.1245319062373,-3868.1959832200364,1.9134065372340427,2.293086,0.37967946276595743,187.57296489874116,37.22031944404332,0,0,1,196,30.0,0,1
750,200,sweep_20260731_155129,map,5,0,750.4320432432432,100.1,3.29761638918919,4.394290487566918,3.281891,751.716,4.365865566251084,2.467049974956,4.731084414786529,994.628118,994.828118,2026-07-31T20:08:02.370480+00:00,1129.3125376499215,-3822.6015960285426,1.9282758465608463,2.299762,0.3714861534391536,189.03061667433136,36.41712195681057,0,0,1,185,30.0,0,1
750,200,sweep_20260731_155129,map,6,0,750.8206804123713,100.1,3.3065030515463922,4.403851862112229,3.280535,752.6664999999999,4.358550566552385,2.4691487965774996,4.739215203770656,1025.793479,1025.993479,2026-07-31T20:08:33.513477+00:00,1132.2532689365157,-3861.567141199745,1.9154160687830688,2.282667,0.3672509312169312,187.7699610850578,36.0019393106931,0,0,1,194,30.0,0,1
850,200,sweep_20260731_155129,map,1,1,850.8842487046633,100.1,3.7511307409326426,4.408508850226275,3.704811,847.4789999999999,4.3715667290870925,3.1397495214689997,4.869301814510142,1080.601231,1080.801231,2026-07-31T20:09:28.437563+00:00,1533.1695948569036,-4059.207332787701,1.8529760370370374,2.352941,0.49996496296296256,181.64890857736373,49.01201528453924,0,0,1,193,30.0,0,1
850,200,sweep_20260731_155129,map,2,0,850.4253489583334,100.1,3.7402603020833336,4.398105379460635,3.7114575,858.6155,4.322607150697839,3.1867149370912498,4.701188743786971,1111.771637,1111.971637,2026-07-31T20:09:59.585982+00:00,1649.164250427285,-3871.78438454772,1.9120097074468083,2.458632,0.5466222925531918,187.43603241756068,53.58587529556867,0,0,1,192,30.0,0,1
850,200,sweep_20260731_155129,map,3,0,850.103841025641,100.0,3.708180441025641,4.362032333075641,3.6250999999999998,846.7020000000001,4.28143549914846,3.0693794202,4.703798108910984,1142.936676,1143.136676,2026-07-31T20:10:30.729038+00:00,1642.7170344948258,-3836.5382096095323,1.9211709095744678,2.464241,0.5430700904255321,188.33411330715865,53.23764972403491,0,0,1,195,30.0,0,1
850,200,sweep_20260731_155129,map,4,0,850.9827193877552,100.1,3.7483195612244895,4.404695272685727,3.65597,847.3230000000001,4.314730038013838,3.09778746831,4.678836088025064,1174.101505,1174.301505,2026-07-31T20:11:01.871885+00:00,1629.181914341354,-3873.712640389488,1.9125253227513224,2.442068,0.5295426772486775,187.48657864991267,51.911545235722215,0,0,1,196,30.0,0,1
850,200,sweep_20260731_155129,map,5,0,850.853984375,100.1,3.73440615625,4.389009424446818,3.690066,856.327,4.309178619849661,3.159903147582,4.721385669969922,1205.268877,1205.468877,2026-07-31T20:11:33.017272+00:00,1694.5556581361375,-3816.1283287418414,1.9308799680851065,2.484065,0.5531850319148937,189.28590105104735,54.229226541619894,0,0,1,192,30.0,0,1
850,200,sweep_20260731_155129,map,6,0,851.2536302083333,100.1,3.7272829739583333,4.378581002992174,3.661368,853.256,4.2910545018142265,3.124084214208,4.670421375645535,1236.435505,1236.635505,2026-07-31T20:12:04.161916+00:00,1626.5018013028284,-3859.955695601688,1.9145359894179894,2.44996,0.5354240105820105,187.68368611283324,52.48809763555136,0,0,1,192,30.0,0,1
950,200,sweep_20260731_155129,map,1,1,950.7200052631578,100.1,4.1493825105263165,4.364463235816495,4.017091,946.476,4.24426081591081,3.802080221316,4.820971993247579,1291.621023,1291.821023,2026-07-31T20:12:59.067380+00:00,2292.9788523884663,-4035.574820056959,1.8603402645502642,2.611977,0.7516367354497357,182.37083042824318,73.68362564440876,0,0,1,190,30.0,0,1
950,200,sweep_20260731_155129,map,2,0,950.9844381443298,100.1,4.132349670103093,4.345338897623402,3.998879,950.549,4.20691516165921,3.801130434571,4.7179302638307545,1322.786887,1322.986887,2026-07-31T20:13:30.213087+00:00,2519.158124458031,-3778.8472173756695,1.9416021851851855,2.760148,0.8185458148148146,190.33700964329515,80.2427829123124,0,0,1,194,30.0,0,1
950,200,sweep_20260731_155129,map,3,0,950.9354512820513,100.1,4.152328764102564,4.36657268219877,4.052916,951.2810000000001,4.260482444198927,3.855461985396,4.7278765863093835,1353.952856,1354.152856,2026-07-31T20:14:01.358898+00:00,2493.9591528674628,-3804.81782473278,1.9313077354497357,2.738827,0.8075192645502645,189.32783547078984,79.1618402660536,0,0,1,195,30.0,0,1
950,200,sweep_20260731_155129,map,4,0,951.8260157068066,100.2,4.125259790575916,4.334048158488904,3.973757,944.6759999999999,4.20647608280511,3.7539128677319997,4.752630829814489,1385.120607,1385.320607,2026-07-31T20:14:32.506491+00:00,2369.4544662652324,-3790.8785611715894,1.9350147021276596,2.70732,0.7723052978723406,189.69123275047312,75.70978342027117,0,0,1,191,30.0,0,1
950,200,sweep_20260731_155129,map,5,0,951.101252688172,100.1,4.118748424731183,4.330504678750072,4.0227785,949.361,4.237353862229437,3.8190690195385004,4.70006293502663,1416.28537,1416.48537,2026-07-31T20:15:03.651097+00:00,2502.897589506264,-3738.0826574551597,1.951640555555556,2.765673,0.814032444444444,191.3210801251719,79.80033315290042,0,0,1,186,30.0,0,1
950,200,sweep_20260731_155129,map,6,0,951.7299740932641,100.2,4.122797922279792,4.331898789052725,3.967158,946.896,4.189644902924925,3.756486041568,4.732305020106859,1447.452601,1447.652601,2026-07-31T20:15:34.798170+00:00,2594.480146525691,-3716.5344823759087,1.9623187301587302,2.796274,0.8339552698412698,192.36787119181017,81.75338565696713,0,0,1,193,30.0,0,1
150,300,sweep_20260731_155129,map,1,1,152.09605841924397,101.4,0.7115215429553264,4.678106391120659,0.716221,150.7835,4.749995854984133,0.10799430915350001,4.724573984115969,1502.236521,1502.536521,2026-07-31T20:16:29.556095+00:00,101.3722997972086,-4041.0299218363825,1.8596266719576717,1.895022,0.035395328042328256,182.30087630416256,3.4698358635590765,0,0,0,291,30.0,0,1
150,300,sweep_20260731_155129,map,2,0,150.49639999999997,100.3,0.6981788689655172,4.639173222519059,0.685124,155.996,4.3919331264904224,0.106876603504,4.707665370748651,1533.497048,1533.797048,2026-07-31T20:17:00.794424+00:00,48.11062559471293,-3860.6478426476583,1.9169596402116404,1.9373,0.020340359788359574,187.9212787814051,1.9939837762470545,0,0,0,290,30.0,0,1
150,300,sweep_20260731_155129,map,3,0,151.17711111111112,100.8,0.7035256599326599,4.653651963329207,0.6959455,153.687,4.528330307703318,0.10695777605850001,4.724410342772265,1564.77423,1565.07423,2026-07-31T20:17:32.049396+00:00,32.08823211537219,-3841.204367472812,1.9227178510638299,1.938403,0.015685148936170235,188.4857613735983,1.5376292667468376,0,0,0,297,30.0,0,1
150,300,sweep_20260731_155129,map,4,0,148.97192783505153,99.3,0.6890288316151202,4.62522598471065,0.689323,156.446,4.40614013781113,0.10784182605800001,4.6645990086485565,1596.031257,1596.331257,2026-07-31T20:18:03.284227+00:00,41.576770936440425,-3826.490209718755,1.9275318404255317,1.946688,0.019156159574468257,188.95768108328568,1.8778955635066439,0,0,0,291,30.0,0,1
150,300,sweep_20260731_155129,map,5,0,150.51444368600684,100.3,0.691333976109215,4.593140426784752,0.688939,154.695,4.453531141924432,0.106575418605,4.714507728099011,1627.310699,1627.610699,2026-07-31T20:18:34.541458+00:00,31.347113071222793,-3867.3899536820672,1.9108276436170213,1.929408,0.018580356382978724,187.32015363647673,1.8214490584257228,0,0,0,293,30.0,0,1
150,300,sweep_20260731_155129,map,6,0,151.15165986394558,100.8,0.696616761904762,4.608727171979452,0.687775,153.86699999999996,4.4699318242378165,0.105825875925,4.7077713672599275,1658.57608,1658.87608,2026-07-31T20:19:05.784638+00:00,24.569024281452585,-3852.9239731432085,1.9169426137566137,1.931268,0.014325386243386307,187.91960966269514,1.4043305061954725,0,0,0,294,30.0,0,1
250,300,sweep_20260731_155129,map,1,1,250.98674576271185,100.4,1.1340772915254238,4.518474822561365,1.120306,246.424,4.546253611661202,0.276070285744,4.703888736209807,1713.901826,1714.201826,2026-07-31T20:20:02.051242+00:00,144.5057672048256,-4047.1903953474825,1.8570533244680854,1.904833,0.047779675531914645,182.04860873376205,4.683884593797036,0,0,1,295,30.0,0,1
250,300,sweep_20260731_155129,map,2,0,250.14558644067796,100.1,1.1448305593220338,4.576657040453242,1.118026,246.13299999999998,4.5423653065619,0.27518309345799996,4.73276089579249,1745.170979,1745.470979,2026-07-31T20:20:33.298433+00:00,144.15146442251807,-3843.190328736576,1.9222044761904762,1.972842,0.0506375238095238,188.43543477272934,4.964042032496296,0,0,1,295,30.0,0,1
250,300,sweep_20260731_155129,map,3,0,254.23603703703708,101.7,1.1537984511784511,4.538296240868347,1.1347505,254.135,4.465148444724261,0.2883798183175,4.716974023772299,1776.443795,1776.743795,2026-07-31T20:21:04.549284+00:00,128.72451366926816,-3902.788121425499,1.9001873723404257,1.94881,0.04862262765957426,186.27707826705574,4.76651994952305,0,0,1,297,30.0,0,1
250,300,sweep_20260731_155129,map,4,0,255.23389310344828,102.1,1.1483815103448276,4.499329992507616,1.126808,252.54,4.461899105092263,0.28456409232,4.730604325398703,1807.715724,1808.015724,2026-07-31T20:21:35.799249+00:00,134.06627022333623,-3871.0022021743275,1.912112978835979,1.960588,0.048475021164021026,187.44615620478467,4.752049951919062,0,0,1,290,30.0,0,1
250,300,sweep_20260731_155129,map,5,0,246.62071283783783,98.6,1.1195446655405406,4.5395403032375565,1.1129635,246.73299999999998,4.5108011494206295,0.27460482324549995,4.71569778913642,1838.98752,1839.28752,2026-07-31T20:22:07.049080+00:00,133.327589203941,-3865.1168321919945,1.915439409574468,1.96206,0.046620590425531905,187.7722492038452,4.570258437649128,0,0,1,296,30.0,0,1
250,300,sweep_20260731_155129,map,6,0,250.22544406779662,100.1,1.1343134305084748,4.533165820663471,1.13949,253.853,4.488778938992251,0.28926295497,4.724392480080152,1870.255017,1870.555017,2026-07-31T20:22:38.294616+00:00,135.46421477758622,-3905.9821917689487,1.9000662500000003,1.951402,0.05133574999999979,186.2652045350145,5.032489774347779,0,0,1,295,30.0,0,1
350,300,sweep_20260731_155129,map,1,1,348.67577551020406,99.6,1.5775134047619046,4.524298834507757,1.575283,348.645,4.518300850435256,0.5492145415349999,4.665530784336375,1925.771603,1926.071603,2026-07-31T20:23:33.097807+00:00,315.7079875805998,-4033.01940568345,1.8616986666666668,1.967317,0.10561833333333315,182.50399581026738,10.353860272493465,0,0,1,294,30.0,0,1
350,300,sweep_20260731_155129,map,2,0,350.97305067567567,100.3,1.579911097972973,4.501516839915222,1.5382354999999999,347.544,4.426016561931727,0.5346045186119999,4.7244833532798705,1957.040315,1957.340315,2026-07-31T20:24:04.343925+00:00,273.27746241692694,-3899.656006750709,1.9020688031914894,1.992005,0.08993619680851062,186.4615166266613,8.816526315142193,0,0,1,296,30.0,0,1
350,300,sweep_20260731_155129,map,3,0,351.51434246575343,100.4,1.5766787979452053,4.485389662582017,1.5376355,349.068,4.404974102467141,0.536739348714,4.732344719761216,1988.306252,1988.606252,2026-07-31T20:24:35.587269+00:00,273.7453587895634,-3908.691673781789,1.8991334814814813,1.988506,0.0893725185185188,186.17376439765837,8.761268425067428,0,0,1,292,30.0,0,1
350,300,sweep_20260731_155129,map,4,0,350.01646075085324,100.0,1.5617204436860066,4.461848566595449,1.5578995,354.49050000000005,4.3947567001090295,0.55226057270475,4.727372328267706,2019.583693,2019.883693,2026-07-31T20:25:06.842109+00:00,281.7788026534986,-3915.4093169936054,1.8966376702127656,1.990777,0.09413932978723438,185.92909777277194,9.228563223839377,0,0,1,293,30.0,0,1
350,300,sweep_20260731_155129,map,5,0,352.2477162162162,100.6,1.583922891891892,4.496616497350548,1.618546,350.95149999999995,4.611879419235992,0.568031146519,4.749117009289156,2050.853133,2051.153133,2026-07-31T20:25:38.088953+00:00,295.85455873892306,-3893.940375768249,1.9055121595744684,2.004099,0.09858684042553167,186.79907195188352,9.664556694442886,0,0,1,296,30.0,0,1
350,300,sweep_20260731_155129,map,6,0,349.7098732876712,99.9,1.570308660958904,4.490318349311141,1.521559,344.32,4.419025906133829,0.52390319488,4.7304206169553815,2082.12568,2082.42568,2026-07-31T20:26:09.338903+00:00,269.6971827878151,-3900.2019172581604,1.9019727883597883,1.990759,0.08878621164021161,186.4521042062969,8.70379223411452,0,0,1,292,30.0,0,1
450,300,sweep_20260731_155129,map,1,1,449.4301883561644,99.9,2.0035451198630136,4.457967381299372,1.975025,447.91700000000003,4.409354858154524,0.884647272925,4.640541876217332,2137.724445,2138.024445,2026-07-31T20:27:05.046755+00:00,504.21230950677955,-4065.317097215761,1.8514078941798942,2.01394,0.1625321058201057,181.4951821217594,15.933168611404263,0,0,1,292,30.0,0,1
450,300,sweep_20260731_155129,map,2,0,450.1588074324324,100.0,2.0047217331081084,4.453365567903526,2.0097575,453.28599999999994,4.433751538763607,0.910994938145,4.741237727148162,2168.998324,2169.298324,2026-07-31T20:27:36.299021+00:00,471.16946951534555,-3948.697813971369,1.8841479893617021,2.044225,0.16007701063829782,184.70472311830903,15.692493421161622,0,0,1,296,30.0,0,1
450,300,sweep_20260731_155129,map,3,0,449.4687288135593,99.9,1.9987507288135595,4.446918329756921,1.9988395,448.99100000000004,4.451847587145399,0.8974609459445001,4.7341035531840285,2200.26538,2200.56538,2026-07-31T20:28:07.544469+00:00,527.5918772968153,-3863.9538959122574,1.916465739361702,2.089763,0.1732972606382981,187.87286123657802,16.988486426802385,0,0,1,295,30.0,0,1
450,300,sweep_20260731_155129,map,4,0,446.01738831615125,99.1,1.9988780756013746,4.481614681319345,1.979452,448.217,4.416280506986571,0.887224037084,4.740384706226913,2231.538828,2231.838828,2026-07-31T20:28:38.796304+00:00,488.1099719616609,-3894.6111963308026,1.902692962962963,2.067852,0.16515903703703683,186.52270357079865,16.190689042821372,0,0,1,291,30.0,0,1
450,300,sweep_20260731_155129,map,5,0,450.3306677966102,100.1,2.0087647864406777,4.460643989158489,2.0102735000000003,447.3925,4.493310683572032,0.8993812868487501,4.686680824391202,2262.804029,2263.104029,2026-07-31T20:29:10.039899+00:00,500.85393010133885,-3931.3368768902906,1.8922620106382981,2.058625,0.16636298936170202,185.50014792662117,16.30871357275772,0,0,1,295,30.0,0,1
450,300,sweep_20260731_155129,map,6,0,449.18292808219167,99.8,2.0026359349315066,4.458397258065568,2.0210470000000003,454.663,4.445153883205804,0.9188952921610001,4.719253732751058,2294.072036,2294.372036,2026-07-31T20:29:41.286297+00:00,512.1168520627939,-3879.79894391054,1.9108577978723404,2.079815,0.16895720212765952,187.3231096852643,16.56302658497949,0,0,1,292,30.0,0,1
550,300,sweep_20260731_155129,map,1,1,548.8377559322034,99.8,2.4216788305084744,4.41237652536357,2.4181369999999998,547.337,4.418003898877656,1.3235358511689999,4.5763034535540035,2349.283447,2349.583447,2026-07-31T20:30:36.664368+00:00,782.9919468088997,-4052.635841366146,1.8550515026455021,2.115071,0.2600194973544978,181.85236833886734,25.489945341551742,0,0,1,295,30.0,0,1
550,300,sweep_20260731_155129,map,2,0,550.5888321917807,100.1,2.4347023116438353,4.42199726781923,2.4068715000000003,549.0794999999999,4.383466328646399,1.32156379978425,4.7188293251602955,2380.555359,2380.855359,2026-07-31T20:31:07.914146+00:00,845.7090602387302,-3889.455093526915,1.9062920158730159,2.182317,0.27602498412698395,186.87552196669583,27.05897761469464,0,0,1,292,30.0,0,1
550,300,sweep_20260731_155129,map,3,0,549.9118277027028,100.0,2.434019084459459,4.426198822869029,2.414046,553.3505000000001,4.3625983892668385,1.3358135611230002,4.7270327598397355,2411.829179,2412.129179,2026-07-31T20:31:39.165831+00:00,822.044456525935,-3889.6577074443576,1.906393489361702,2.174985,0.2685915106382979,186.88546950411722,26.330267518519985,0,0,1,296,30.0,0,1
550,300,sweep_20260731_155129,map,4,0,550.3616474576271,100.1,2.43761333559322,4.429111924592991,2.395354,552.8530000000001,4.332714121113569,1.3242786449620003,4.737852315962824,2443.095023,2443.395023,2026-07-31T20:32:10.409545+00:00,848.8330821616491,-3854.6016935746043,1.9179252021276594,2.196342,0.27841679787234064,188.01593368503202,27.293449268769084,0,0,1,295,30.0,0,1
550,300,sweep_20260731_155129,map,5,0,550.8423817567568,100.2,2.4472998006756757,4.442831346547267,2.4400085000000002,551.707,4.422652784902132,1.3461697695095,4.722538218787204,2474.371104,2474.671104,2026-07-31T20:32:41.663490+00:00,820.1715643631205,-3886.6357496738924,1.90502273015873,2.178484,0.27346126984127017,186.7510927457753,26.8076543959396,0,0,1,296,30.0,0,1
550,300,sweep_20260731_155129,map,6,0,549.3423966101694,99.9,2.4344431186440683,4.431558775849637,2.3989775,548.528,4.373482301723886,1.31590633012,4.718133260482511,2505.638901,2505.938901,2026-07-31T20:33:12.909156+00:00,819.2893667210928,-3876.2235393698115,1.907310767195767,2.177012,0.26970123280423297,186.97539107573482,26.439054581189477,0,0,1,295,30.0,0,1
650,300,sweep_20260731_155129,map,1,1,650.3307610921503,100.1,2.877443686006826,4.424584931480889,2.86486,651.777,4.3954604105391875,1.8672498562200002,4.586669591256747,2561.150846,2561.450846,2026-07-31T20:34:08.532123+00:00,1239.1669957439094,-4049.1404524099044,1.856364914893617,2.257442,0.4010770851063832,181.9811233236127,39.31794761979898,0,0,1,293,30.0,0,1
650,300,sweep_20260731_155129,map,2,0,651.2466013745703,100.2,2.862615570446735,4.395593872435851,2.789805,648.922,4.299137646743368,1.81036584021,4.705405685533643,2592.421269,2592.721269,2026-07-31T20:34:39.780612+00:00,1366.4156167587862,-3819.188369066121,1.9291203650793651,2.372217,0.4430966349206349,189.11340558476303,43.437161905417085,0,0,1,291,30.0,0,1
650,300,sweep_20260731_155129,map,3,0,650.3304309764311,100.1,2.868442962962963,4.4107469469884295,2.8326115,651.2284999999999,4.34964302084445,1.84467733822775,4.700382218372841,2623.689867,2623.989867,2026-07-31T20:35:11.027277+00:00,1260.0257549438452,-3897.4003166033344,1.9020751010638295,2.314872,0.41279689893617033,186.46213401275483,40.46685151729076,0,0,1,297,30.0,0,1
650,300,sweep_20260731_155129,map,4,0,650.2927903780069,100.0,2.858678594501718,4.3959869105115015,2.801958,647.9019999999999,4.3246632978444275,1.815394192116,4.686435118367042,2654.959959,2655.259959,2026-07-31T20:35:42.275435+00:00,1264.5920864835675,-3870.9177704650056,1.9102403776595742,2.326083,0.4158426223404259,187.26258342613258,40.76542652374159,0,0,1,291,30.0,0,1
650,300,sweep_20260731_155129,map,5,0,650.4466938775511,100.1,2.8608932040816324,4.3983515190565425,2.798155,647.014,4.324720948851184,1.8104454591699999,4.711190107022652,2686.227993,2686.527993,2026-07-31T20:36:13.521537+00:00,1305.0452586919605,-3840.1790963980043,1.9228990740740746,2.345055,0.4221559259259253,188.50352682839215,41.384325356161085,0,0,1,294,30.0,0,1
650,300,sweep_20260731_155129,map,6,0,650.6384573378839,100.1,2.8684632389078497,4.408689966843174,2.8182265,646.0215000000001,4.362434531977651,1.8206349108697502,4.729740956121139,2717.500174,2717.800174,2026-07-31T20:36:44.771783+00:00,1258.9338301278726,-3865.3639746190966,1.9120537671957671,2.326763,0.414709232804233,187.4403516344046,40.65431932746524,0,0,1,293,30.0,0,1
750,300,sweep_20260731_155129,map,1,1,750.8274305084745,100.1,3.3177149966101696,4.418745056188677,3.233889,754.478,4.2862601692826034,2.439898104942,4.600748447115799,2773.117128,2773.417128,2026-07-31T20:37:40.500428+00:00,1911.271067035511,-4069.9935108619843,1.8497932751322752,2.469742,0.6199487248677249,181.33689956337446,60.77413144868407,0,0,1,295,30.0,0,1
750,300,sweep_20260731_155129,map,2,0,750.2932169491526,100.0,3.2858829152542373,4.37946504250074,3.199468,750.306,4.264217532580041,2.400580037208,4.696694207090167,2804.38792,2804.68792,2026-07-31T20:38:11.748292+00:00,2059.0394018115553,-3887.2166509785197,1.9056464761904763,2.573144,0.6674975238095238,186.81223913063488,65.43538300256459,0,0,1,295,30.0,0,1
750,300,sweep_20260731_155129,map,3,0,750.5773401360543,100.1,3.283740119047619,4.374952377928686,3.180752,750.4949999999999,4.2382054510689615,2.3871384722399998,4.726600799456973,2835.655259,2835.955259,2026-07-31T20:38:42.992704+00:00,2136.0571949544565,-3875.8287111468017,1.9093120106382977,2.601129,0.6918169893617021,187.17157477151244,67.81944209800862,0,0,1,294,30.0,0,1
750,300,sweep_20260731_155129,map,4,0,750.9538576271186,100.1,3.2818316779661014,4.370217483582958,3.1905900000000003,746.212,4.275715212298918,2.3808565450800003,4.737153363534697,2866.925328,2867.225328,2026-07-31T20:39:14.239845+00:00,2045.7891161411906,-3868.1848778626686,1.9112186825396824,2.575284,0.6640653174603175,187.35848753399776,65.09892072518807,0,0,1,295,30.0,0,1
750,300,sweep_20260731_155129,map,5,0,750.6512382550336,100.1,3.2781635369127518,4.367092692117822,3.193997,747.9515,4.270326351374387,2.3889548471455,4.723430749202875,2898.194042,2898.494042,2026-07-31T20:39:45.485632+00:00,2062.895507675885,-3848.101319057445,1.9168315978835977,2.584124,0.6672924021164024,187.9087266767498,65.41527473837968,0,0,1,298,30.0,0,1
750,300,sweep_20260731_155129,map,6,0,750.9910986394558,100.1,3.2899393197278908,4.380796690783897,3.215329,753.467,4.267378664228161,2.422644295643,4.752706950750961,2929.466958,2929.766958,2026-07-31T20:40:16.735617+00:00,2121.7077880463794,-3859.7095021402283,1.9146883670212766,2.598381,0.6836926329787232,187.69862382642236,67.02300412991623,0,0,1,294,30.0,0,1
850,300,sweep_20260731_155129,map,1,1,849.9280410958904,100.0,3.686421917808219,4.337334150141671,3.5549755,851.3029999999999,4.175922673830587,3.0263613080764995,4.6038521017854634,2985.223923,2985.523923,2026-07-31T20:41:12.602253+00:00,3172.5418911931374,-4070.82775308917,1.8494152659574468,2.871263,1.0218477340425531,181.2998429837602,100.17265302463913,0,0,1,292,30.0,0,1
850,300,sweep_20260731_155129,map,2,0,850.7327687074829,100.1,3.6757965884353743,4.320741745989174,3.495276,848.3190000000001,4.120237787907615,2.965109041044,4.688028188918515,3016.50201,3016.80201,2026-07-31T20:41:43.858572+00:00,3605.404947059338,-3823.6910585090554,1.9253805396825399,3.093714,1.16833346031746,188.74678713529323,114.53278060758824,0,0,1,294,30.0,0,1
850,300,sweep_20260731_155129,map,3,0,850.6597094594595,100.1,3.653851077702702,4.295314609439412,3.5004955,849.7735,4.119327679669936,2.9746283127692497,4.7214883227979865,3047.772876,3048.072876,2026-07-31T20:42:15.107675+00:00,3420.410374311294,-3686.9190730191403,1.9673902010582014,3.058124,1.0907337989417984,192.8650320483768,106.9256159637315,0,0,1,296,30.0,0,1
850,300,sweep_20260731_155129,map,4,0,850.9273412969283,100.1,3.662635737201365,4.304287286878117,3.501371,848.484,4.1266199480485195,2.970857271564,4.703203920090464,3079.043154,3079.343154,2026-07-31T20:42:46.356191+00:00,3370.9703882867516,-3713.261169132721,1.9592015608465607,3.046674,1.0874724391534392,192.06229227870568,106.60590192847562,0,0,1,293,30.0,0,1
850,300,sweep_20260731_155129,map,5,0,852.0299865771813,100.2,3.6805581711409396,4.319751920852772,3.5561755,852.6560000000001,4.170703660092698,3.0321943771280004,4.728518564087032,3110.312742,3110.612742,2026-07-31T20:43:17.604017+00:00,3441.468313739104,-3666.526278621321,1.9735444603174601,3.072399,1.0988545396825398,193.46833962235604,107.72169948716127,0,0,1,298,30.0,0,1
850,300,sweep_20260731_155129,map,6,0,850.4735646258504,100.1,3.6660212142857147,4.3105645686923975,3.505666,849.2729999999999,4.127843461407581,2.977267480818,4.700296735905044,3141.580796,3141.880796,2026-07-31T20:43:48.850310+00:00,3561.5055630639445,-3646.7772861483327,1.98325010106383,3.120673,1.13742289893617,194.4197923197375,111.50259045607217,0,0,1,294,30.0,0,1
950,300,sweep_20260731_134414,probe,1,1,352.7345841924398,37.1,1.5965607079037802,4.52623808226514,2.046662,461.99,4.430100218619451,0.94553737738,5.214502918471097,183.699427,183.999427,2026-07-31T17:47:11.094089+00:00,814.0414228695759,-4219.80539710234,1.804214402116402,2.070439,0.266224597883598,176.8687616209332,26.09823693097036,0,0,1,291,30.0,100,0
950,300,sweep_20260731_134414,probe,2,0,950.2216275167783,100.0,4.039941563758389,4.251578207408308,3.846968,947.939,4.058244254113398,3.6466909989519998,4.744523417274652,214.913198,215.213198,2026-07-31T17:47:42.260612+00:00,6230.991732995461,-4034.534549671329,1.8603248244680854,3.901958,2.0416331755319144,182.36931682309122,200.1431376542387,0,0,1,298,30.0,100,0
950,300,sweep_20260731_134414,probe,3,0,949.9611160409556,100.0,4.032921317406144,4.245354098506357,3.8387855,951.4425,4.03470046797363,3.65238367308375,4.735551002294466,246.17274,246.47274,2026-07-31T17:48:13.472836+00:00,5910.948040116338,-3556.9543637545194,2.0116346666666667,3.914642,1.9030073333333335,197.2023568317117,186.5535215811374,0,0,1,293,30.0,100,0
950,300,sweep_20260731_134414,probe,4,0,950.5548082191781,100.1,4.030257510273972,4.23990018821164,3.8323915,945.882,4.05165919216139,3.624990136803,4.735606731620903,277.430628,277.730628,2026-07-31T17:48:44.683408+00:00,5983.146100020189,-3581.5525817470443,2.0041840212765956,3.909093,1.9049089787234044,196.47196335858968,186.7399415901948,0,0,1,292,30.0,100,0
950,300,sweep_20260731_141513,probe,1,1,950.722613559322,100.1,4.071033627118644,4.282041437804324,3.830844,948.5120000000001,4.0387933942849426,3.633601504128,4.858195798762936,185.398684,185.698684,2026-07-31T18:18:09.465824+00:00,5608.741500097752,-4267.281536239613,1.7872231648936172,3.61703,1.829806835106383,175.20309534397842,179.3776108599676,0,0,1,295,30.0,100,1
950,300,sweep_20260731_141513,probe,2,0,1197.8878013698632,126.1,4.971837054794521,4.150503118162569,4.95692,1234.305,4.015960398766918,6.118351140600001,4.702119391617251,216.660352,216.960352,2026-07-31T18:18:40.680348+00:00,8687.901605192172,-3660.351667924937,1.9797563227513229,5.0,3.0202436772486774,194.07729408738422,296.07720588074716,1,1,1,292,30.0,100,1
950,300,sweep_20260731_141513,probe,3,0,950.0719047619049,100.0,4.029511850340136,4.241270402949093,3.840106,948.095,4.050338837352797,3.64078529807,4.705855345145845,247.910995,248.210995,2026-07-31T18:19:11.883863+00:00,6481.35052980442,-3570.019856612974,2.0067188994708998,4.102546,2.0958271005291005,196.72045974935153,205.45581689589994,0,0,1,294,30.0,100,1
950,300,sweep_20260731_141513,probe,4,0,949.8297301038062,100.0,4.051573494809689,4.265578731007815,3.880141,950.81,4.080879460670376,3.68927686421,4.703512184174599,279.168523,279.468523,2026-07-31T18:19:43.094253+00:00,6018.930255369551,-3746.773353001551,1.9494266084656087,3.893966,1.9445393915343911,191.10404489940612,190.62494662517477,0,0,1,289,30.0,100,1
950,300,sweep_20260731_144243,probe,1,1,950.5290546075083,100.1,4.0831244982935155,4.295633551127499,3.859325,945.8879999999999,4.080107792888799,3.6504892056,4.88473262671342,186.741852,187.041852,2026-07-31T18:45:39.626131+00:00,5477.435865969311,-4304.0568800694155,1.7758272433862436,3.560847,1.7850197566137562,174.08594290235385,174.98709324725024,0,0,1,293,30.0,100,1
950,300,sweep_20260731_144243,probe,2,0,950.8318020477816,100.1,4.064422986348123,4.274597229073198,3.8822285,950.5429999999999,4.084221860557598,3.6902251250754996,4.716799864767146,218.001042,218.301042,2026-07-31T18:46:10.838913+00:00,5855.333755759732,-3904.3386818740823,1.8997584285714286,3.801751,1.9019925714285713,186.2350285233343,186.45404355833432,0,0,1,293,30.0,100,1
950,300,sweep_20260731_144243,probe,3,0,950.3015101351353,100.0,4.043223800675676,4.254674708557203,3.8484439999999998,945.9,4.068552701131198,3.6402431795999997,4.741377847737362,249.261893,249.561893,2026-07-31T18:46:42.053353+00:00,6168.198148199627,-3760.967780109932,1.9475990744680853,3.953826,2.0062269255319145,190.92489009685994,196.6722311013394,0,0,1,296,30.0,100,1
950,300,sweep_20260731_144243,probe,4,0,950.6578047945205,100.1,4.031183164383561,4.240414525660871,3.8629490000000004,948.191,4.074019896835131,3.6628134752590005,4.713507983142007,280.520607,280.820607,2026-07-31T18:47:13.265659+00:00,6214.459475568985,-3606.992372210451,1.9945845638297872,4.002476,2.0078914361702127,195.53091990562854,196.83540457726073,0,0,1,292,30.0,100,1
950,300,sweep_20260731_155129,map,1,1,950.1736849315068,100.0,4.071102613013698,4.284587836493454,3.876614,948.4520000000001,4.0873064741283684,3.676782301528,4.779247862911555,3197.40734,3197.70734,2026-07-31T20:44:44.718623+00:00,5807.778529480859,-4049.2258297492162,1.8558244232804235,3.727108,1.8712835767195763,181.92813844433235,183.44361316911204,0,0,1,292,30.0,0,1
950,300,sweep_20260731_155129,map,2,0,950.9109695945947,100.1,4.03551222972973,4.243838128663302,3.881665,948.209,4.093680823531521,3.680629687985,4.7306219326531185,3228.681701,3228.981701,2026-07-31T20:45:15.970366+00:00,6033.023144906707,-3491.3802247053104,2.029692867021277,3.994185,1.964492132978723,198.97261846473936,192.58093182630276,0,0,1,296,30.0,0,1
950,300,sweep_20260731_155129,map,3,0,951.1992142857142,100.1,4.054027639455783,4.26201743921759,3.919301,948.5029999999999,4.132091305984272,3.717468756403,4.691630184549195,3259.951047,3260.251047,2026-07-31T20:45:47.217098+00:00,5965.009670137461,-3635.057981874175,1.9832998829787238,3.908455,1.9251551170212762,194.42467248565794,188.7246887489306,0,0,1,294,30.0,0,1
950,300,sweep_20260731_155129,map,4,0,951.175660958904,100.1,4.039766438356164,4.2471297407710935,3.8174185,944.802,4.040442865277592,3.6067046336370003,4.725148626969897,3291.220714,3291.520714,2026-07-31T20:46:18.464151+00:00,6122.1249624138745,-3458.1567763966386,2.040614739361702,4.009438,1.9688232606382985,200.0432994398867,193.00551616875822,0,0,1,292,30.0,0,1
950,300,sweep_20260731_155129,map,5,0,951.641698630137,100.2,4.027440410958905,4.23209745512024,3.8380419999999997,947.1350000000001,4.052264988623586,3.63514390967,4.721599774414888,3322.490426,3322.790426,2026-07-31T20:46:49.711249+00:00,6125.636070617102,-3511.632149973087,2.0269594468085104,3.99093,1.9639705531914897,198.7046588212211,192.5298008903418,0,0,1,292,30.0,0,1
950,300,sweep_20260731_155129,map,6,0,951.2080578231293,100.1,4.035542785714286,4.242544785574838,3.854167,953.542,4.041947811423094,3.6751101095139997,4.704098778484717,3353.762144,3354.062144,2026-07-31T20:47:20.960351+00:00,6073.203559004249,-3545.702984743166,2.014235436170213,3.961265,1.947029563829787,197.45731260682032,190.8690604564316,0,0,1,294,30.0,0,1
150,400,sweep_20260731_155129,map,1,1,149.79633548387093,99.9,0.6876557354838709,4.590604524887814,0.6708350000000001,148.342,4.52221892653463,0.09951300557000001,4.742485727357721,3408.804166,3409.204166,2026-07-31T20:48:16.616418+00:00,109.86843505475053,-4156.125998474994,1.8217575638297867,1.861548,0.03979043617021327,178.58853355243002,3.9006922689049466,0,0,0,155,30.0,0,1
150,400,sweep_20260731_155129,map,2,0,152.03994696969698,101.4,0.7093573762626263,4.665598682456842,0.689095,148.948,4.626413244890834,0.10263932206,4.699402549748318,3440.418243,3440.818243,2026-07-31T20:48:48.207646+00:00,44.11465751593096,-3949.1757622562286,1.8859276223404255,1.90683,0.020902377659574478,184.87918214087162,2.0490788939747535,0,0,0,396,30.0,0,1
150,400,sweep_20260731_155129,map,3,0,155.0612377260982,103.4,0.7047923746770025,4.545251830905382,0.690235,149.542,4.615659814634016,0.10321912237000001,4.728290786648633,3471.788043,3472.188043,2026-07-31T20:49:19.554773+00:00,72.9213750861054,-4029.8451140793964,1.8609883333333335,1.887882,0.026893666666666594,182.43436119430524,2.636410347461913,0,0,0,387,30.0,0,1
150,400,sweep_20260731_155129,map,4,0,151.32934605597964,100.9,0.7024006641221375,4.641536373667445,0.688927,150.793,4.5686935069930295,0.103885369111,4.7183482517614435,3503.165315,3503.565315,2026-07-31T20:49:50.909367+00:00,31.099590605572757,-4024.0581877632594,1.8626436137566138,1.877838,0.015194386243386093,182.59662982394124,1.4895193582899127,0,0,0,393,30.0,0,1
150,400,sweep_20260731_155129,map,5,0,149.80646253229975,99.9,0.6941297054263565,4.63350975447201,0.691087,149.02300000000002,4.637451936949329,0.10298785800100001,4.70537335051401,3534.535121,3534.935121,2026-07-31T20:50:22.256501+00:00,39.87668357987286,-3956.693613383056,1.8839959627659577,1.902252,0.018256037234042344,184.68981981430522,1.7896557603703225,0,0,0,387,30.0,0,1
150,400,sweep_20260731_155129,map,6,0,148.7942290076336,99.2,0.6844152264631044,4.5997430883424375,0.6977450000000001,150.817,4.626434685744976,0.10523180766500001,4.698449123929011,3565.916428,3566.316428,2026-07-31T20:50:53.615127+00:00,41.55879531657547,-3950.5592665893955,1.886244433862434,1.907837,0.021592566137565994,184.91023945950246,2.116738691637493,0,0,0,393,30.0,0,1
250,400,sweep_20260731_155129,map,1,1,250.93299999999996,100.4,1.1364808556962025,4.529021115979973,1.1112715,246.763,4.503395971032934,0.2742206891545,4.712882244442287,3621.640804,3622.040804,2026-07-31T20:51:49.388516+00:00,202.47694978513573,-4143.508629299191,1.8250182127659575,1.892847,0.0678287872340424,178.90817790220612,6.649317058029364,0,0,1,395,30.0,0,1
250,400,sweep_20260731_155129,map,2,0,252.29136868686862,100.9,1.1539408156565656,4.573841830826876,1.111248,251.78999999999996,4.413392112474682,0.27980113391999994,4.690931686374934,3653.025154,3653.425154,2026-07-31T20:52:20.750705+00:00,172.7225785581395,-4001.0232883090466,1.8679450687830685,1.92852,0.06057493121693147,183.11633623146034,5.938215024247799,0,0,1,396,30.0,0,1
250,400,sweep_20260731_155129,map,3,0,248.1363427835052,99.3,1.1298548556701031,4.553363054342598,1.134067,252.02999999999997,4.499730190850296,0.28581890601,4.698861124956505,3684.393207,3684.793207,2026-07-31T20:52:52.096610+00:00,163.41783558382258,-4015.8850825026225,1.8644289947089947,1.922202,0.057773005291005264,182.7716523255346,5.663539704013778,0,0,1,388,30.0,0,1
250,400,sweep_20260731_155129,map,4,0,254.06653333333335,101.6,1.1430872538461538,4.499164997644267,1.127684,252.85800000000003,4.459752113834641,0.285143920872,4.73934977047939,3715.771264,3716.171264,2026-07-31T20:53:23.452511+00:00,177.9337753051982,-4005.388756698026,1.867994529100529,1.930499,0.06250447089947087,183.12118487089495,6.127369535900551,0,0,1,390,30.0,0,1
250,400,sweep_20260731_155129,map,5,0,250.91285933503838,100.4,1.144640976982097,4.561906392584222,1.148224,249.80999999999997,4.596389255834434,0.28683783743999997,4.7069320134864805,3747.142766,3747.542766,2026-07-31T20:53:54.801862+00:00,173.39849447538927,-3945.792742930993,1.887412021164021,1.953185,0.06577297883597888,185.02469909349816,6.447784310552742,0,0,1,391,30.0,0,1
250,400,sweep_20260731_155129,map,6,0,250.93901265822782,100.4,1.1394900430379746,4.540904305660632,1.1186384999999999,247.8395,4.51356018713724,0.27724280652074995,4.734055105103688,3778.518047,3778.918047,2026-07-31T20:54:26.154990+00:00,176.18524496276314,-3946.3436367377453,1.8865216968085108,1.952702,0.06618030319148915,184.93741979564126,6.487714683712738,0,0,1,395,30.0,0,1
350,400,sweep_20260731_155129,map,1,1,347.9313969465648,99.4,1.5547734529262087,4.468620729749751,1.516364,343.939,4.408816679701924,0.521536717796,4.633644481692339,3833.939796,3834.339796,2026-07-31T20:55:21.308195+00:00,384.4409514224849,-4133.568630179125,1.8282809947089949,1.959038,0.1307570052910052,179.228031352565,12.81822690914859,0,0,1,393,30.0,0,1
350,400,sweep_20260731_155129,map,2,0,349.1668877551021,99.8,1.5653368367346938,4.48306208758428,1.5393270000000001,343.918,4.475854709552859,0.529402263186,4.696333602691072,3865.319695,3865.719695,2026-07-31T20:55:52.666297+00:00,383.7667827666696,-4028.9140683107285,1.8617785638297872,1.986235,0.12445643617021274,182.511828201075,12.200576447765256,0,0,1,392,30.0,0,1
350,400,sweep_20260731_155129,map,3,0,351.54646803069045,100.4,1.5883898567774937,4.518292747116507,1.562062,348.50100000000003,4.482231040943929,0.544380169062,4.736746403369103,3896.683708,3897.083708,2026-07-31T20:56:24.008525+00:00,368.7519024644412,-3986.191037787656,1.8740036329787233,1.997376,0.12337236702127674,183.71026273222952,12.094304173439735,0,0,1,391,30.0,0,1
350,400,sweep_20260731_155129,map,4,0,347.2884798994975,99.2,1.564520042713568,4.504958077406793,1.5384275,346.71299999999997,4.4371785886309425,0.5333928138075,4.695593398546778,3928.059685,3928.459685,2026-07-31T20:56:55.362708+00:00,367.29862487403716,-4011.0959592147033,1.867695412698413,1.98825,0.12055458730158697,183.09186222079268,11.81807469153476,0,0,1,398,30.0,0,1
350,400,sweep_20260731_155129,map,5,0,347.19578772378514,99.2,1.5450424654731456,4.450061089745474,1.5207670000000002,345.4295,4.402539447267822,0.5253177844265001,4.6908896255740355,3959.432207,3959.832207,2026-07-31T20:57:26.713439+00:00,370.4155965786881,-4028.7751277547704,1.8613801063829787,1.982498,0.12111789361702141,182.47276705895518,11.873296116608891,0,0,1,391,30.0,0,1
350,400,sweep_20260731_155129,map,6,0,350.6201272264631,100.2,1.587032796437659,4.526359650233672,1.5610545,348.243,4.482658660762744,0.5436263022435,4.707098969656868,3990.802826,3991.202826,2026-07-31T20:57:58.062267+00:00,352.5041487258409,-3966.7652739244013,1.8798959947089946,1.997966,0.11807000529100531,184.28789625573603,11.574508880929466,0,0,1,393,30.0,0,1
450,400,sweep_20260731_155129,map,1,1,451.3989088607595,100.3,2.007860101265823,4.4480836392211485,1.996476,447.716,4.459246486612049,0.893854248816,4.658299463812086,4046.537848,4046.937848,2026-07-31T20:58:53.899038+00:00,671.4251411292958,-4150.821721625731,1.8224568835978836,2.045262,0.22280511640211653,178.6570884986799,21.841786084084145,0,0,1,395,30.0,0,1
450,400,sweep_20260731_155129,map,2,0,447.725511392405,99.5,1.9985229139240508,4.463723560689539,1.980232,447.33500000000004,4.42673164406988,0.88582708172,4.721522804372408,4077.909188,4078.309188,2026-07-31T20:59:25.249817+00:00,715.0022160816047,-3975.1321688244584,1.8774034202127658,2.109796,0.23239257978723393,184.04354693456955,22.781653748383142,0,0,1,395,30.0,0,1
450,400,sweep_20260731_155129,map,3,0,449.79098205128207,100.0,1.9901342717948718,4.424575750093563,1.956225,445.752,4.388595003499704,0.8719912062,4.716933509135431,4109.288833,4109.688833,2026-07-31T20:59:56.608896+00:00,682.0852086518153,-3968.490997317865,1.8780704148936171,2.102166,0.22409558510638283,184.10893302342436,21.96829189257698,0,0,1,390,30.0,0,1
450,400,sweep_20260731_155129,map,4,0,448.51205822784806,99.7,1.998339093670886,4.455485771255925,1.975385,447.29600000000005,4.416281388610673,0.88358180896,4.693196019657406,4140.663498,4141.063498,2026-07-31T21:00:27.962998+00:00,706.9828524706722,-4012.8343668046537,1.866646563829787,2.095699,0.2290524361702131,182.98904262224397,22.45421646349862,0,0,1,395,30.0,0,1
450,400,sweep_20260731_155129,map,5,0,452.01484732824434,100.4,1.9968225012722645,4.417603786855725,2.006686,456.2975,4.397758041628543,0.9156458050850002,4.716361648792808,4172.036199,4172.436199,2026-07-31T21:00:59.315137+00:00,703.8045978820642,-3935.752310398119,1.8901194074074075,2.12121,0.23109059259259257,185.2901066035677,22.654018771912273,0,0,1,393,30.0,0,1
450,400,sweep_20260731_155129,map,6,0,449.37501534526854,99.9,1.9961678030690537,4.442097880175508,1.95313,448.47800000000007,4.355018529337002,0.8759358361400001,4.670743470402591,4203.413506,4203.813506,2026-07-31T21:01:30.671879+00:00,684.5917294433152,-3959.0106746113756,1.8803503351063828,2.106255,0.22590466489361716,184.33243565379544,22.145637612279838,0,0,1,391,30.0,0,1
550,400,sweep_20260731_155129,map,1,1,551.1072784810127,100.2,2.445286865822785,4.437043314983241,2.4313585,550.0899999999999,4.4199285571451945,1.3374659972649998,4.568279252329326,4258.864173,4259.264173,2026-07-31T21:02:26.795819+00:00,1155.8553494669723,-4159.116908645053,1.8206975531914893,2.194464,0.3737664468085107,178.48461975555492,36.64066116805814,0,0,1,395,30.0,0,1
550,400,sweep_20260731_155129,map,2,0,549.5210759493671,99.9,2.4258834987341773,4.414541324994964,2.369104,547.9069999999999,4.323916285062976,1.298048665328,4.731882279651898,4290.243654,4290.643654,2026-07-31T21:02:58.153677+00:00,1171.2838644163749,-4010.6850520027747,1.8669854338624337,2.2493,0.3823145661375662,183.02226235652518,37.478640999138364,0,0,1,395,30.0,0,1
550,400,sweep_20260731_155129,map,3,0,550.3003624678664,100.1,2.4289641028277633,4.413887884672432,2.399889,551.089,4.354812017659579,1.322552429121,4.70280338664158,4321.617483,4322.017483,2026-07-31T21:03:29.505888+00:00,1145.6090149086517,-4005.008363551277,1.868432372340426,2.2412,0.37276762765957416,183.16410703775816,36.54274602795703,0,0,1,389,30.0,0,1
550,400,sweep_20260731_155129,map,4,0,551.0792455696202,100.2,2.4131144556962023,4.37888829074283,2.398641,549.763,4.36304553052861,1.318684072083,4.694098080302191,4352.992793,4353.392793,2026-07-31T21:04:00.859579+00:00,1127.4623813131275,-3944.8163747667227,1.884872255319149,2.255714,0.3708417446808512,184.77572356195228,36.35394998627041,0,0,1,395,30.0,0,1
550,400,sweep_20260731_155129,map,5,0,550.5750948717949,100.1,2.4259374307692307,4.406188099253066,2.404112,550.255,4.369087059635986,1.32287464856,4.709377094998442,4384.364066,4384.764066,2026-07-31T21:04:32.209235+00:00,1160.1730103406712,-3971.526551049421,1.875778285714286,2.258968,0.3831897142857139,183.88423353707287,37.56443255972904,0,0,1,390,30.0,0,1
550,400,sweep_20260731_155129,map,6,0,549.9952468513853,100.0,2.4265795944584383,4.412001027918204,2.3973215000000003,547.3639999999999,4.379757346117027,1.3122074855260002,4.745226848915688,4415.738144,4416.138144,2026-07-31T21:05:03.561694+00:00,1133.0474924599084,-3939.47330950508,1.8886017671957673,2.259088,0.3704862328042329,185.1413309677541,36.31909883704709,0,0,1,397,30.0,0,1
650,400,sweep_20260731_155129,map,1,1,650.4869236641221,100.1,2.8657995750636136,4.405622112925617,2.8189105,647.227,4.355366046224894,1.8244749861835,4.739437579060037,176.569452,176.969452,2026-07-31T21:05:59.465008+00:00,1847.827581210604,-4159.914124251181,1.8210278306878307,2.417648,0.5966201693121691,178.5169971557689,58.48721215202162,0,0,1,393,30.0,0,1
650,400,sweep_20260731_155129,map,2,0,650.4450025252526,100.1,2.838707282828283,4.364254121113143,2.783518,650.281,4.280484898067143,1.810068868558,4.683744602387649,207.943569,208.343569,2026-07-31T21:06:30.818432+00:00,2095.395890637221,-3932.5908941970924,1.8909675238095234,2.566713,0.6757454761904766,185.37324821776647,66.24393719757397,0,0,1,396,30.0,0,1
650,400,sweep_20260731_155129,map,3,0,651.2671928020566,100.2,2.837378964010283,4.356704890664843,2.759115,647.2719999999999,4.262682458070178,1.78589788428,4.70088729469511,239.320426,239.720426,2026-07-31T21:07:02.174594+00:00,2150.3650429906056,-3894.911609793764,1.9046895585106383,2.598089,0.6933994414893616,186.71843162926055,67.97457130427992,0,0,1,389,30.0,0,1
650,400,sweep_20260731_155129,map,4,0,651.5790609137056,100.2,2.848369195431472,4.371486694856677,2.788125,652.299,4.274305188264891,1.818691149375,4.729919555332886,270.701888,271.101888,2026-07-31T21:07:33.535359+00:00,2174.9110575830878,-3873.7661956344805,1.9102702804232803,2.607852,0.6975817195767195,187.265514820971,68.38456378920723,0,0,1,394,30.0,0,1
650,400,sweep_20260731_155129,map,5,0,650.823425257732,100.1,2.856241451030927,4.3886580294798545,2.7777835,650.952,4.267263177622928,1.808203724892,4.712428194014836,302.076867,302.476867,2026-07-31T21:08:04.889644+00:00,2057.138062389464,-3905.0523213381866,1.9003897407407409,2.561116,0.6607262592592593,186.29691662346892,64.77158984460723,0,0,1,388,30.0,0,1
650,400,sweep_20260731_155129,map,6,0,650.2755894206549,100.0,2.8569331460957175,4.39341902506447,2.803122,650.6800000000001,4.307988565808078,1.8239354229600002,4.675458737178884,333.450261,333.850261,2026-07-31T21:08:36.242346+00:00,1877.882962078263,-3977.1914821077603,1.874752455026455,2.483386,0.6086335449735449,183.78367043150374,59.66489418006782,0,0,1,397,30.0,0,1
750,400,sweep_20260731_134414,probe,1,1,330.7016282051282,44.1,1.4851447717948718,4.490890413377897,1.942116,433.395,4.481168449105319,0.8417033638199999,4.749264492227226,33.804875,34.204875,2026-07-31T17:44:41.541908+00:00,749.1164164614706,-4234.864999495303,1.7982213439153438,2.04376,0.24553865608465597,176.2812567317693,24.0703754392043,0,0,1,390,30.0,100,0
750,400,sweep_20260731_134414,probe,2,0,750.2430654911839,100.0,3.2378626523929475,4.315751522838961,3.096578,747.739,4.1412551705875975,2.3154321371420004,4.73025068068726,65.124192,65.524192,2026-07-31T17:45:12.813677+00:00,3949.2579691944948,-4020.9337551589906,1.8653820531914893,3.135592,1.2702099468085106,182.8650815063201,124.51982426649444,0,0,1,397,30.0,100,0
750,400,sweep_20260731_134414,probe,3,0,750.2346352040818,100.0,3.2313929974489795,4.307176509612841,3.0922475,752.2524999999999,4.110651011462242,2.32615091249375,4.718103205188458,96.487445,96.887445,2026-07-31T17:45:44.129315+00:00,3752.1215576577547,-3691.717073277127,1.9696692063492065,3.160012,1.1903427936507935,193.0884449881443,116.69037536251464,0,0,1,392,30.0,100,0
750,400,sweep_20260731_134414,probe,4,0,749.9449924050632,100.0,3.234230118987342,4.312623128017978,3.104281,752.4329999999999,4.125657699755327,2.3357634656729998,4.692325646531603,127.849492,128.249492,2026-07-31T17:46:15.443749+00:00,3783.4843483085433,-3656.558607753549,1.982483703703704,3.178471,1.195987296296296,194.3446616967716,117.24371103686967,0,0,1,395,30.0,100,0
750,400,sweep_20260731_141513,probe,1,1,749.8407760814249,100.0,3.264996361323156,4.3542528833729515,3.1542494999999997,750.3960000000001,4.203446580205651,2.366936207802,4.716924852325627,35.503536,35.903536,2026-07-31T18:15:40.170345+00:00,3486.766615791242,-4349.184354567346,1.7637895291005294,2.876586,1.1127964708994706,172.90587493705917,109.08843955200625,0,0,1,393,30.0,100,1
750,400,sweep_20260731_141513,probe,2,0,750.5152531645571,100.1,3.2406704329113922,4.317927476153302,3.109823,751.152,4.140071516816835,2.3359497660960002,4.708045481388439,66.864149,67.264149,2026-07-31T18:16:11.484225+00:00,3709.920617106268,-3872.0692488255795,1.9103816170212766,3.100783,1.1904013829787232,187.2764292478748,116.69611892706162,0,0,1,395,30.0,100,1
750,400,sweep_20260731_141513,probe,3,0,750.2530615384616,100.0,3.2356308769230764,4.312719324714415,3.1351500000000003,752.795,4.164679627255761,2.3601252442500003,4.704764381856521,98.226288,98.626288,2026-07-31T18:16:42.799628+00:00,3579.598924775561,-3742.6475239638016,1.9519219308510638,3.090334,1.1384120691489361,191.3486635986265,111.59955970227651,0,0,1,390,30.0,100,1
750,400,sweep_20260731_141513,probe,4,0,750.5374631043255,100.1,3.2446867989821886,4.323151019752859,3.1002375,747.5769999999999,4.147047728862713,2.3176662495375,4.695497023171744,129.587395,129.987395,2026-07-31T18:17:14.114000+00:00,3696.1819661824566,-3751.4976292296355,1.9489432978723404,3.121638,1.1726947021276595,191.05666552697156,114.96031706733193,0,0,1,393,30.0,100,1
750,400,sweep_20260731_144243,probe,1,1,750.802534351145,100.1,3.2679139974554707,4.352561223410961,3.1413885,753.3799999999999,4.16972643287584,2.36665926813,4.528824823147452,36.865983,37.265983,2026-07-31T18:43:09.397933+00:00,3570.0639883471754,-4374.490073344164,1.7550247671957675,2.894366,1.1393412328042327,172.0466574393055,111.6906464516466,0,0,1,393,30.0,100,1
750,400,sweep_20260731_144243,probe,2,0,749.9010025380711,100.0,3.2425602081218274,4.323984362132132,3.086668,743.881,4.149410994500465,2.296113678508,4.702710314591763,68.230046,68.630046,2026-07-31T18:43:40.716577+00:00,3718.202711283072,-3884.0978593629916,1.9065837724867725,3.097045,1.1904612275132276,186.9041231301215,116.70198554063877,0,0,1,394,30.0,100,1
750,400,sweep_20260731_144243,probe,3,0,750.1574398976983,100.0,3.2451350230179035,4.325938596917008,3.11695,753.845,4.1347359205141645,2.34969717275,4.747459430950205,99.593785,99.993785,2026-07-31T18:44:12.034898+00:00,3712.277664134118,-3807.402825689705,1.9295694627659574,3.105879,1.1763095372340424,189.15743103516473,115.3146826061392,0,0,1,391,30.0,100,1
750,400,sweep_20260731_144243,probe,4,0,749.9912832080201,100.0,3.2493930952380956,4.332574481851455,3.08986,753.467,4.1008564409589265,2.32810754462,4.700973784183785,130.955545,131.355545,2026-07-31T18:44:43.351243+00:00,3759.6792931010496,-3881.6287082562108,1.907788031746032,3.105146,1.197357968253968,187.02217774913237,117.37807924247626,0,0,1,399,30.0,100,1
750,400,sweep_20260731_155129,map,1,1,749.7675240506329,100.0,3.2651633949367085,4.3549010729307165,3.140945,748.104,4.198540577245944,2.34975351828,4.606433454725252,388.924428,389.324428,2026-07-31T21:09:31.690618+00:00,3319.9407936158914,-4154.782966664342,1.8219998085106386,2.888078,1.0660781914893616,178.6122810165126,104.50860457527955,0,0,1,395,30.0,0,1
750,400,sweep_20260731_155129,map,2,0,751.0083535353534,100.1,3.2472514419191922,4.32385528953551,3.110159,745.4889999999999,4.171971685698917,2.318589322751,4.682247992863514,420.305975,420.705975,2026-07-31T21:10:03.051257+00:00,3682.5753410013203,-3916.1106780238965,1.8931797037037037,3.077841,1.1846612962962961,185.59011020374078,116.13341306354185,0,0,1,396,30.0,0,1
750,400,sweep_20260731_155129,map,3,0,751.4155813953488,100.2,3.233353023255814,4.303015672434695,3.084365,751.137,4.106261574120301,2.316780673005,4.729169215134606,451.678579,452.078579,2026-07-31T21:10:34.402960+00:00,3449.725898199747,-3841.257756274263,1.9186339734042555,3.018224,1.0995900265957446,188.08541517116635,107.79379993119628,0,0,1,387,30.0,0,1
750,400,sweep_20260731_155129,map,4,0,750.5285404040404,100.1,3.2470720227272722,4.326380474457693,3.1284435,753.476,4.152014795428122,2.357207094606,4.716165608580403,483.054075,483.454075,2026-07-31T21:11:05.757552+00:00,3679.7007804643163,-3779.464390425611,1.9414224787234038,3.110713,1.1692905212765963,190.319392857112,114.62660215476113,0,0,1,396,30.0,0,1
750,400,sweep_20260731_155129,map,5,0,750.5839567430025,100.1,3.23935231043257,4.315776111827705,3.097826,751.3499999999999,4.123013242829574,2.3275515651,4.710444051071523,514.428197,514.828197,2026-07-31T21:11:37.110771+00:00,3973.414023076451,-3758.223169463858,1.9478225873015873,3.239632,1.2918094126984125,190.94680126108827,126.63723934706316,0,0,1,393,30.0,0,1
750,400,sweep_20260731_155129,map,6,0,750.5948852040817,100.1,3.2361365102040818,4.311428939892387,3.10968,752.7230000000001,4.1312408415844875,2.34072765864,4.731230791053951,545.799822,546.199822,2026-07-31T21:12:08.461496+00:00,3555.7982794173495,-3809.97260254657,1.927709783068783,3.066045,1.1383352169312169,188.97512496075086,111.59202581020698,0,0,1,392,30.0,0,1
850,400,sweep_20260731_134414,probe,1,1,363.7099898734177,42.8,1.6468633873417722,4.527957529885091,2.1851355000000003,483.83200000000005,4.51631041353197,1.0572384792360003,4.883458844594239,333.344892,333.744892,2026-07-31T17:49:40.751856+00:00,1069.9902984639962,-4249.183444681959,1.7919144680851065,2.137989,0.3460745319148937,175.66298801798308,33.92599782848996,0,0,1,395,30.0,100,0
850,400,sweep_20260731_134414,probe,2,0,850.6881139240505,100.1,3.6170521569620253,4.251913360205895,3.465475,854.518,4.055473377974484,2.96131076605,4.683817636204357,364.661611,365.061611,2026-07-31T17:50:12.022337+00:00,6832.325385654036,-4021.4877317330693,1.864806,4.081303,2.2164970000000004,182.8086104935142,217.28519574317266,0,0,1,395,30.0,100,0
850,400,sweep_20260731_134414,probe,3,0,849.9960283505154,100.0,3.6198660541237118,4.258685844860179,3.4348095,851.2429999999999,4.035051683244385,2.9238575432085,4.682683318999364,396.025953,396.425953,2026-07-31T17:50:43.340371+00:00,6446.054138668656,-3645.889536449521,1.9822660158730159,4.028374,2.0461079841269845,194.3233215628116,200.58180716811265,0,0,1,388,30.0,100,0
850,400,sweep_20260731_134414,probe,4,0,851.6137752525252,100.2,3.6263043712121217,4.258156075665673,3.445631,848.463,4.061026821440652,2.923490415153,4.688604360609847,427.386419,427.786419,2026-07-31T17:51:14.654535+00:00,6248.898855690747,-3574.108962630831,2.0050188624338627,3.992057,1.9870381375661372,196.5538035885883,194.79113694726738,0,0,1,396,30.0,100,0
850,400,sweep_20260731_141513,probe,1,1,850.6257251908397,100.1,3.643514465648855,4.283334441632864,3.455265,848.931,4.070136442184347,2.933281571715,4.770130542184556,334.946076,335.346076,2026-07-31T18:20:39.784355+00:00,6213.0997754891705,-4269.336583050272,1.7859622116402116,3.778553,1.9925907883597884,175.07948296169718,195.33546830191935,0,0,1,393,30.0,100,1
850,400,sweep_20260731_141513,probe,2,0,850.3248905852417,100.0,3.61119575826972,4.246842351967717,3.4334534999999997,846.3960000000001,4.056556859909545,2.906061308586,4.716676734352493,366.307813,366.707813,2026-07-31T18:21:11.099046+00:00,7017.409851313985,-3557.73582941433,2.013062259259259,4.292166,2.279103740740741,197.34230501838778,223.4225908836551,0,0,1,393,30.0,100,1
850,400,sweep_20260731_141513,probe,3,0,849.9131782945734,100.0,3.6104892222222222,4.248068290301123,3.434677,846.723,4.056435221436054,2.9082200134710003,4.743911723515645,397.669336,398.069336,2026-07-31T18:21:42.413523+00:00,6882.061973731421,-3598.6268938331355,1.998975433862434,4.200965,2.2019895661375664,195.96136084668393,215.86301894504027,0,0,1,387,30.0,100,1
850,400,sweep_20260731_141513,probe,4,0,849.7816658163265,100.0,3.6153431760204082,4.254437723773903,3.4588885,849.2365,4.072939045837055,2.93741436363025,4.711697366561455,429.030372,429.430372,2026-07-31T18:22:13.727515+00:00,6686.886265707466,-3603.920948369082,1.9971422553191491,4.1426,2.1454577446808507,195.7816527042367,210.3211536093594,0,0,1,392,30.0,100,1
850,400,sweep_20260731_144243,probe,1,1,850.3026481012658,100.0,3.635774951898735,4.2758598482757355,3.4678620000000002,852.173,4.069434258067318,2.955218364126,4.871106423584953,336.297746,336.697746,2026-07-31T18:48:09.068659+00:00,6358.683051995347,-4321.70492541974,1.7700205873015875,3.805339,2.0353184126984125,173.51671118042154,199.52409577042422,0,0,1,395,30.0,100,1
850,400,sweep_20260731_144243,probe,2,0,850.12540302267,100.0,3.610548259445844,4.247077250730694,3.431606,850.2800000000001,4.035854071599943,2.91782594968,4.6818738260552655,367.661105,368.061105,2026-07-31T18:48:40.384103+00:00,6833.726548606748,-3607.340969043542,1.9945422592592592,4.190016,2.1954737407407405,195.5267727505058,215.2242667171881,0,0,1,397,30.0,100,1
850,400,sweep_20260731_144243,probe,3,0,851.6137474226806,100.2,3.6106486778350515,4.239772653696937,3.455925,844.9830000000001,4.089934353708891,2.9201978742750003,4.691079671538656,399.02294,399.42294,2026-07-31T18:49:11.698026+00:00,6902.059600517446,-3617.543756114062,1.9931436984126985,4.203165,2.210021301587302,195.38967057202163,216.65037719968856,0,0,1,388,30.0,100,1
850,400,sweep_20260731_144243,probe,4,0,850.0141903553299,100.0,3.6140094340101516,4.251704824479923,3.4492665000000002,851.3960000000001,4.051306912412086,2.9366917010340003,4.6771485738216,430.385158,430.785158,2026-07-31T18:49:43.012331+00:00,6769.533055064567,-3707.815407187929,1.9647750159574469,4.135841,2.1710659840425532,192.60866309929992,212.83155236123932,0,0,1,394,30.0,100,1
850,400,sweep_20260731_155129,map,1,1,850.3604351145037,100.0,3.6302635419847333,4.2690880150084904,3.4184925,847.413,4.03403358220844,2.8968749849025,4.658571246557486,601.610586,602.010586,2026-07-31T21:13:04.379515+00:00,6143.672652918534,-4151.050065883001,1.8240160691489362,3.797644,1.9736279308510638,178.80993686150666,193.47652231388815,0,0,1,393,30.0,0,1
850,400,sweep_20260731_155129,map,2,0,850.9394559193953,100.1,3.608432972292191,4.240528450280248,3.427011,850.874,4.027636289274322,2.915954557614,4.703616455910899,632.994744,633.394744,2026-07-31T21:13:35.741284+00:00,6479.137378363559,-3782.1958306610522,1.9388965661375663,4.003281,2.064384433862434,190.07177537301715,202.37346398436705,0,0,1,397,30.0,0,1
850,400,sweep_20260731_155129,map,3,0,851.1189438775509,100.1,3.601698193877551,4.231721335526661,3.436153,852.062,4.032749964204483,2.927815397486,4.708470266961721,664.370051,664.770051,2026-07-31T21:14:07.094207+00:00,6788.359702344982,-3693.793241852434,1.9656582021276594,4.169095,2.203436797872341,192.69524263442779,216.00489237449955,0,0,1,392,30.0,0,1
850,400,sweep_20260731_155129,map,4,0,850.8558409090908,100.1,3.619253866161616,4.2536628323484855,3.444047,849.9259999999999,4.052172777394738,2.927185090522,4.728390985671028,695.745652,696.145652,2026-07-31T21:14:38.447424+00:00,6513.548942004095,-3793.479435663686,1.9334654285714288,4.031176,2.0977105714285713,189.53935606941948,205.64045524328688,0,0,1,396,30.0,0,1
850,400,sweep_20260731_155129,map,5,0,850.901135897436,100.1,3.6091975923076927,4.241618021230059,3.417689,849.522,4.023072975155441,2.903401994658,4.685976786437104,727.121326,727.521326,2026-07-31T21:15:09.800714+00:00,6890.655898357907,-3740.468234116012,1.9531581117021275,4.180181,2.2270228882978724,191.46984752001117,218.31705804624545,0,0,1,390,30.0,0,1
850,400,sweep_20260731_155129,map,6,0,850.8432372448979,100.1,3.6263991709183676,4.262123752268343,3.483159,851.666,4.089818074221585,2.966488092894,4.706883377826411,758.498731,758.898731,2026-07-31T21:15:41.155734+00:00,6373.88203988675,-3757.119960013182,1.9452132340425534,3.995353,2.0501397659574465,190.69100401270387,200.9770463695308,0,0,1,392,30.0,0,1
950,400,sweep_20260731_134414,probe,1,1,402.1283798449613,42.3,1.8086783875968995,4.497763595531922,2.39605,535.216,4.47679067890347,1.2824042968,4.994976481981047,483.792305,484.192305,2026-07-31T17:52:11.520175+00:00,1338.121958919593,-4260.288011952145,1.7897963439153437,2.220243,0.43044665608465627,175.455346399323,42.197073095225775,0,0,1,387,30.0,100,0
950,400,sweep_20260731_134414,probe,2,0,950.5921994949493,100.1,4.0156041868686865,4.2243184711616415,3.8137594999999997,949.151,4.01807457401404,3.6198336431844997,4.731847517263438,515.110215,515.510215,2026-07-31T17:52:42.791985+00:00,9125.779542792323,-4098.044790777006,1.8360617830687829,4.981166,3.145104216931217,179.99078903813498,308.3173969595164,0,1,1,396,30.0,100,0
950,400,sweep_20260731_134414,probe,3,0,950.1436496163683,100.0,3.9845565166240404,4.193635897301268,3.8161825,950.159,4.016361998360274,3.6259801480175,4.743674729993127,546.474469,546.874469,2026-07-31T17:53:14.110071+00:00,8621.855033957654,-3594.104211094675,2.000687978835979,5.0,2.999312021164021,196.12924317172013,294.0252567964112,1,1,1,391,30.0,100,0
950,400,sweep_20260731_134414,probe,4,0,949.5351421319798,100.0,3.9693270126903553,4.180284474546222,3.791192,945.195,4.011015716333667,3.5834157224400003,4.755571721446994,577.838143,578.238143,2026-07-31T17:53:45.427578+00:00,8576.819821139134,-3549.068998276155,2.015413563829787,5.0,2.984586436170213,197.57280552159574,292.58169444653555,1,1,1,394,30.0,100,0
950,400,sweep_20260731_141513,probe,1,1,950.216155612245,100.0,3.9971112270408162,4.206528381392748,3.7893925,951.125,3.9841161782100145,3.6041859415624997,4.848395754794296,485.392597,485.792597,2026-07-31T18:23:09.677312+00:00,9320.960046470838,-4293.209223607859,1.7784099627659573,4.927003,3.1485930372340425,174.33912920757817,308.6594091537184,0,1,1,392,30.0,100,1
950,400,sweep_20260731_141513,probe,2,0,951.6388278481013,100.2,3.9608686632911394,4.162155375950429,3.8116120000000002,949.295,4.015202861070584,3.6183442135400004,4.669354141618929,516.754492,517.154492,2026-07-31T18:23:40.991764+00:00,8413.002634636105,-3385.2498029171684,2.0684874074074076,5.0,2.9315125925925924,202.77568217363083,287.3788177945005,1,1,1,395,30.0,100,1
950,400,sweep_20260731_141513,probe,3,0,950.8833937823833,100.1,3.9851830388601037,4.191032323120097,3.80241,950.087,4.002170327559476,3.61262030967,4.762157748012427,548.116718,548.516718,2026-07-31T18:24:12.306546+00:00,8641.799661139696,-3614.052855988632,1.9945150000000003,5.0,3.0054849999999997,195.5241005007875,294.6303994673438,1,1,1,386,30.0,100,1
950,400,sweep_20260731_141513,probe,4,0,951.0366278481013,100.1,3.995838136708861,4.201560717750897,3.8167465,949.547,4.019544582837922,3.6241801888355,4.698898614627219,579.479625,579.879625,2026-07-31T18:24:43.622008+00:00,8742.541626296023,-3714.7968300009175,1.9620644255319148,5.0,3.037935574468085,192.3429414803709,297.8115584877604,1,1,1,395,30.0,100,1
