t_rel_s,displacement_um,force_N,stage_mm
0,-4959.9495,0.21622632,79.999979
0.0099999905,-4959.9495,0.21622632,79.999979
0.019999981,-4960.4219,0.21580108,79.999979
0.029999971,-4960.0841,0.21496544,79.999979
0.039999962,-4956.9142,0.21547089,79.999979
0.049999952,-4956.7365,0.21575822,79.999979
0.059999943,-4959.2525,0.21580843,79.999979
0.069999933,-4959.5665,0.21635395,79.999979
0.079999924,-4960.5994,0.21681937,79.999979
0.089999914,-4958.8222,0.21593074,79.999979
0.099999905,-4958.7784,0.21655335,79.999979
0.1099999,-4957.3059,0.21553392,79.999979
0.11999989,-4960.5077,0.21618557,79.999979
0.12999988,-4960.4892,0.21661079,79.999979
0.13999987,-4960.4706,0.21661079,79.999979
0.14999986,-4958.1405,0.21603696,79.999979
0.15999985,-4960.7478,0.21648468,79.999979
0.16999984,-4957.7317,0.21623833,79.999979
0.17999983,-4959.9595,0.21596307,79.999979
0.18999982,-4960.4623,0.21574023,79.999979
0.19999981,-4960.965,0.21542279,79.999979
0.2099998,-4957.9156,0.21551453,79.999979
0.21999979,-4960.1863,0.21590712,79.999979
0.22999978,-4959.3971,0.21578753,79.999979
0.23999977,-4958.921,0.21628439,79.999979
0.24999976,-4958.921,0.21641454,79.999979
0.25999975,-4959.0262,0.21641454,79.999979
0.26999974,-4957.9608,0.21586014,79.999979
0.27999973,-4960.3935,0.2169094,79.999979
0.28999972,-4959.0386,0.21579091,79.999979
0.29999971,-4959.0861,0.21540945,79.999979
0.3099997,-4960.8294,0.21637474,79.999979
0.31999969,-4960.6864,0.21637474,79.999979
0.32999969,-4956.9328,0.21580753,79.999979
0.33999968,-4957.7277,0.21533708,79.999979
0.34999967,-4960.9941,0.21493388,79.999979
0.35999966,-4958.2412,0.21692812,79.999979
0.36999965,-4958.3562,0.21571878,79.999979
0.37999964,-4957.409,0.21548414,79.999979
0.38999963,-4957.1729,0.21543462,79.999979
0.39999962,-4957.4216,0.2156581,79.999979
0.40999961,-4958.8713,0.21597722,79.999979
0.4199996,-4958.7992,0.21690142,79.999979
0.42999959,-4958.9808,0.2169587,79.999979
0.43999958,-4957.3132,0.21631707,79.999979
0.44999957,-4957.0276,0.2156865,79.999979
0.45999956,-4958.7976,0.21568579,79.999979
0.46999955,-4957.9719,0.21622648,79.999979
0.47999954,-4957.9819,0.21549731,79.999979
0.48999953,-4958.2295,0.2166605,79.999979
0.49999952,-4957.5299,0.21626961,79.999979
0.50999951,-4956.8303,0.21585957,79.999979
0.5199995,-4961.2452,0.21514769,79.999979
0.52999949,-4956.9558,0.21619485,79.999979
0.53999949,-4957.957,0.21568174,79.999979
0.54999948,-4956.9934,0.21564087,79.999979
0.55999947,-4957.2416,0.21627886,79.999979
0.56999946,-4957.4177,0.21673239,79.999979
0.57999945,-4957.5272,0.21592953,79.999979
0.58999944,-4958.0552,0.21564666,79.999979
0.59999943,-4958.0552,0.21566739,79.999979
0.60999942,-4960.4705,0.21582733,79.999979
0.61999941,-4958.1523,0.21546605,79.999979
0.6299994,-4958.322,0.21533145,79.999979
0.63999939,-4959.4728,0.21524014,79.999979
0.64999938,-4958.3163,0.21653011,79.999979
0.65999937,-4958.173,0.216456,79.999979
0.66999936,-4957.8864,0.21567999,79.999979
0.67999935,-4957.2746,0.21598331,79.999979
0.68999934,-4957.9607,0.21631962,79.999979
0.69999933,-4958.4168,0.21662937,79.999979
0.70999932,-4957.5552,0.21647666,79.999979
0.71999931,-4959.2215,0.21518132,79.999979
0.7299993,-4960.037,0.21618899,79.999979
0.73999929,-4958.0165,0.21603988,79.999979
0.74999928,-4958.3229,0.21612929,79.999979
0.75999928,-4958.6294,0.21621871,79.999979
0.76999927,-4960.3224,0.21574629,79.999979
0.77999926,-4957.8353,0.21650799,79.999979
0.78999925,-4959.7658,0.21565709,79.999979
0.79999924,-4958.1172,0.21526088,79.999979
0.80999923,-4959.0767,0.21525287,79.999979
0.81999922,-4960.0362,0.21525287,79.999979
0.82999921,-4957.6197,0.21487505,79.999979
0.8399992,-4958.7968,0.21612926,79.999979
0.84999919,-4960.492,0.21590818,79.999979
0.85999918,-4957.7521,0.21625362,79.999979
0.86999917,-4959.988,0.21600047,79.999979
0.87999916,-4960.6781,0.21555221,79.999979
0.88999915,-4959.5378,0.21638542,79.999979
0.89999914,-4957.4388,0.21578135,79.999979
0.90999913,-4958.3566,0.21669809,79.999979
0.91999912,-4957.9202,0.21543389,79.999979
0.92999911,-4957.1157,0.21569535,79.999979
0.9399991,-4958.8482,0.21562534,79.999979
0.94999909,-4960.4763,0.21583673,79.999979
0.95999908,-4960.7288,0.21604813,79.999979
0.96999907,-4957.2106,0.21585916,79.999979
0.97999907,-4957.8762,0.21603065,79.999979
0.98999906,-4961.1086,0.2166751,79.999979
0.99999905,-4959.3319,0.21585447,79.999979
1.009999,-4960.1455,0.21532732,79.999979
1.019999,-4960.686,0.21480018,79.999979
1.029999,-4959.9512,0.2149853,79.999979
1.039999,-4959.1279,0.21605221,79.999979
1.049999,-4957.1002,0.21653205,79.999979
1.059999,-4958.4464,0.21633507,79.999979
1.069999,-4958.9577,0.21609453,79.999979
1.079999,-4959.8679,0.21622741,79.999979
1.089999,-4957.0773,0.21589605,79.999979
1.099999,-4958.2417,0.21599564,79.999979
1.1099989,-4960.1688,0.2151063,79.999979
1.1199989,-4958.2005,0.21557789,79.999979
1.1299989,-4960.164,0.21494104,79.999979
1.1399989,-4958.9125,0.21470227,79.999979
1.1499989,-4958.1175,0.21501975,79.999979
1.1599989,-4958.4035,0.2154728,79.999979
1.1699989,-4958.0183,0.21600586,79.999979
1.1799989,-4957.2198,0.21539456,79.999979
1.1899989,-4957.764,0.21546994,79.999979
1.1999989,-4958.8569,0.21616835,79.999979
1.2099988,-4959.4879,0.21596763,79.999979
1.2199988,-4958.7271,0.21504586,79.999979
1.2299988,-4960.6053,0.21548982,79.999979
1.2399988,-4958.0264,0.21576821,79.999979
1.2499988,-4959.3242,0.21558369,79.999979
1.2599988,-4960.3368,0.2156363,79.999979
1.2699988,-4960.4919,0.21571839,79.999979
1.2799988,-4956.8519,0.21554912,79.999979
1.2899988,-4960.1323,0.2164515,79.999979
1.2999988,-4957.788,0.21620475,79.999979
1.3099988,-4958.2754,0.21619073,79.999979
1.3199987,-4957.4647,0.21619073,79.999979
1.3299987,-4956.8137,0.21619073,79.999979
1.3399987,-4960.6839,0.21625842,79.999979
1.3499987,-4956.9026,0.21617162,79.999979
1.3599987,-4957.4648,0.21602197,79.999979
1.3699987,-4959.1117,0.21614378,79.999979
1.3799987,-4957.0554,0.21555902,79.999979
1.3899987,-4957.0633,0.21522354,79.999979
1.3999987,-4958.013,0.21504955,79.999979
1.4099987,-4958.0026,0.21524841,79.999979
1.4199986,-4960.0698,0.21563266,79.999979
1.4299986,-4960.9017,0.21515945,79.999979
1.4399986,-4956.9701,0.21593631,79.999979
1.4499986,-4957.5285,0.21590753,79.999979
1.4599986,-4958.0785,0.21553364,79.999979
1.4699986,-4957.1616,0.21569782,79.999979
1.4799986,-4957.8848,0.21591407,79.999979
1.4899986,-4959.7781,0.2164341,79.999979
1.4999986,-4956.7695,0.21579502,79.999979
1.5099986,-4956.7695,0.2157118,79.999979
1.5199986,-4957.2996,0.21567009,79.999979
1.5299985,-4957.9185,0.21649327,79.999979
1.5399985,-4960.3849,0.21503399,79.999979
1.5499985,-4960.682,0.21560176,79.999979
1.5599985,-4957.1716,0.2157612,79.999979
1.5699985,-4957.0538,0.21562276,79.999979
1.5799985,-4957.6197,0.21474086,79.999979
1.5899985,-4958.175,0.2148015,79.999979
1.5999985,-4960.5628,0.21560207,79.999979
1.6099985,-4960.9399,0.21608184,79.999979
1.6199985,-4957.8937,0.21664587,79.999979
1.6299984,-4958.6777,0.21559248,79.999979
1.6399984,-4959.4221,0.21559676,79.999979
1.6499984,-4959.8451,0.21559941,79.999979
1.6599984,-4959.6814,0.21566609,79.999979
1.6699984,-4957.2898,0.21621488,79.999979
1.6799984,-4957.6073,0.21626259,79.999979
1.6899984,-4959.2296,0.21710582,79.999979
1.6999984,-4960.0825,0.21726802,79.999979
1.7099984,-4960.4777,0.21625599,79.999979
1.7199984,-4957.2104,0.21610394,79.999979
1.7299984,-4958.2807,0.21614353,79.999979
1.7399983,-4957.7708,0.21597014,79.999979
1.7499983,-4958.7467,0.21636789,79.999979
1.7599983,-4959.6447,0.21604739,79.999979
1.7699983,-4960.0081,0.21574478,79.999979
1.7799983,-4957.5885,0.21550899,79.999979
1.7899983,-4957.9387,0.21577396,79.999979
1.7999983,-4957.7254,0.21650331,79.999979
1.8099983,-4959.9728,0.21608939,79.999979
1.8199983,-4957.6502,0.2151462,79.999979
1.8299983,-4958.503,0.21517695,79.999979
1.8399982,-4959.4384,0.21545158,79.999979
1.8499982,-4957.3187,0.21625788,79.999979
1.8599982,-4958.7658,0.21686241,79.999979
1.8699982,-4959.0461,0.21536759,79.999979
1.8799982,-4959.8715,0.21580277,79.999979
1.8899982,-4960.697,0.2164256,79.999979
1.8999982,-4958.8915,0.21623974,79.999979
1.9099982,-4956.9056,0.21533094,79.999979
1.9199982,-4959.0602,0.21579661,79.999979
1.9299982,-4960.8047,0.21529376,79.999979
1.9399981,-4957.7338,0.21631372,79.999979
1.9499981,-4957.7338,0.21650796,79.999979
1.9599981,-4957.7338,0.21650796,79.999979
1.9699981,-4959.4804,0.21629939,79.999979
1.9799981,-4957.2772,0.21617554,79.999979
1.9899981,-4957.895,0.21464786,79.999979
1.9999981,-4957.4525,0.21660317,79.999979
2.0099981,-4957.692,0.21676794,79.999979
2.0199981,-4957.9315,0.21661005,79.999979
2.0299981,-4960.2195,0.21666449,79.999979
2.0399981,-4957.1187,0.21585866,79.999979
2.049998,-4958.5887,0.21628038,79.999979
2.059998,-4957.4055,0.21558069,79.999979
2.069998,-4957.1102,0.21558069,79.999979
2.079998,-4956.8479,0.21557532,79.999979
2.089998,-4960.8304,0.21597054,79.999979
2.099998,-4957.8302,0.2159482,79.999979
2.109998,-4960.2957,0.21607498,79.999979
2.119998,-4956.8322,0.21578716,79.999979
2.129998,-4957.2651,0.21597552,79.999979
2.139998,-4957.6998,0.21606347,79.999979
2.1499979,-4959.1539,0.21663863,79.999979
2.1599979,-4957.9541,0.21644995,79.999979
2.1699979,-4959.0033,0.21618531,79.999979
2.1799979,-4957.2007,0.2151715,79.999979
2.1899979,-4957.215,0.21509934,79.999979
2.1999979,-4957.6098,0.21502719,79.999979
2.2099979,-4958.7828,0.21538955,79.999979
2.2199979,-4959.2142,0.21545574,79.999979
2.2299979,-4957.4659,0.21601447,79.999979
2.2399979,-4957.2275,0.21673456,79.999979
2.2499979,-4957.788,0.21682189,79.999979
2.2599978,-4958.0267,0.21693229,79.999979
2.2699978,-4960.9713,0.2160926,79.999979
2.2799978,-4957.1761,0.21475532,79.999979
2.2899978,-4958.3883,0.21518042,79.999979
2.2999978,-4956.6686,0.21655786,79.999979
2.3099978,-4958.3101,0.21545854,79.999979
2.3199978,-4958.9229,0.21545854,79.999979
2.3299978,-4959.2886,0.21604011,79.999979
2.3399978,-4960.0789,0.21639193,79.999979
2.3499978,-4957.1361,0.21614401,79.999979
2.3599977,-4957.2456,0.21639758,79.999979
2.3699977,-4958.3941,0.21629449,79.999979
2.3799977,-4959.53,0.21589151,79.999979
2.3899977,-4960.6015,0.21545307,79.999979
2.3999977,-4957.7086,0.21515938,79.999979
2.4099977,-4959.2792,0.21542513,79.999979
2.4199977,-4958.2443,0.21527753,79.999979
2.4299977,-4958.1895,0.21521493,79.999979
2.4399977,-4958.8311,0.21547601,79.999979
2.4499977,-4959.4727,0.21573708,79.999979
2.4599977,-4956.7735,0.21518815,79.999979
2.4699976,-4958.8829,0.21584949,79.999979
2.4799976,-4959.5594,0.21530167,79.999979
2.4899976,-4958.2143,0.21595496,79.999979
2.4999976,-4958.6711,0.21594459,79.999979
2.5099976,-4959.0777,0.21593536,79.999979
2.5199976,-4957.4387,0.21522081,79.999979
2.5299976,-4960.6084,0.21481693,79.999979
2.5399976,-4958.5543,0.21579921,79.999979
2.5499976,-4959.1271,0.21598073,79.999979
2.5599976,-4960.6016,0.21679644,79.999979
2.5699975,-4960.81,0.21626873,79.999979
2.5799975,-4958.4247,0.21603937,79.999979
2.5899975,-4957.4794,0.21617323,79.999979
2.5999975,-4960.1117,0.21621564,79.999979
2.6099975,-4958.0613,0.21498819,79.999979
2.6199975,-4960.5577,0.21612486,79.999979
2.6299975,-4959.588,0.21668954,79.999979
2.6399975,-4957.6029,0.21580895,79.999979
2.6499975,-4956.9645,0.21542161,79.999979
2.6599975,-4958.1295,0.21549361,79.999979
2.6699975,-4958.4552,0.21639993,79.999979
2.6799974,-4960.6195,0.21599202,79.999979
2.6899974,-4960.5379,0.21599202,79.999979
2.6999974,-4959.8785,0.2151493,79.999979
2.7099974,-4960.5873,0.21636319,79.999979
2.7199974,-4957.1258,0.2156639,79.999979
2.7299974,-4957.9729,0.21702861,79.999979
2.7399974,-4958.1396,0.21633562,79.999979
2.7499974,-4960.0676,0.21619308,79.999979
2.7599974,-4960.1367,0.21662321,79.999979
2.7699974,-4959.1197,0.21608306,79.999979
2.7799973,-4956.7741,0.21548619,79.999979
2.7899973,-4960.7846,0.21561582,79.999979
2.7999973,-4957.3044,0.21538523,79.999979
2.8099973,-4958.8122,0.21576305,79.999979
2.8199973,-4959.0636,0.21640571,79.999979
2.8299973,-4957.7725,0.21640571,79.999979
2.8399973,-4957.1484,0.21642953,79.999979
2.8499973,-4957.3413,0.21651198,79.999979
2.8599973,-4960.4264,0.21682433,79.999979
2.8699973,-4958.6323,0.215779,79.999979
2.8799973,-4956.9905,0.21499967,79.999979
2.8899972,-4956.9905,0.21505223,79.999979
2.8999972,-4956.9905,0.21510478,79.999979
2.9099972,-4959.3673,0.21655702,79.999979
2.9199972,-4958.1588,0.21619139,79.999979
2.9299972,-4958.0281,0.21651134,79.999979
2.9399972,-4957.3384,0.21519955,79.999979
2.9499972,-4957.5676,0.21525539,79.999979
2.9599972,-4957.7968,0.21531123,79.999979
2.9699972,-4957.9407,0.21537972,79.999979
2.9799972,-4959.5302,0.21533731,79.999979
2.9899971,-4960.0857,0.21509319,79.999979
2.9999971,-4959.0562,0.21641997,79.999979
3.0099971,-4959.9201,0.21648075,79.999979
3.0199971,-4960.0686,0.21626703,79.999979
3.0299971,-4958.3447,0.21680471,79.999979
3.0399971,-4958.5052,0.21584759,79.999979
3.0499971,-4960.7832,0.21655202,79.999979
3.0599971,-4956.8928,0.21582712,79.999979
3.0699971,-4957.9017,0.21645185,79.999979
3.0799971,-4957.9222,0.21611536,79.999979
3.0899971,-4960.5673,0.21625588,79.999979
3.099997,-4961.0805,0.21685744,79.999979
3.109997,-4956.9463,0.21534584,79.999979
3.119997,-4957.1217,0.2156314,79.999979
3.129997,-4958.1593,0.21568597,79.999979
3.139997,-4958.6209,0.21586464,79.999979
3.149997,-4958.9672,0.21595938,79.999979
3.159997,-4957.8558,0.21543687,79.999979
3.169997,-4959.8892,0.21603266,79.999979
3.179997,-4957.253,0.21533179,79.999979
3.189997,-4958.6667,0.21572459,79.999979
3.1999969,-4959.6102,0.21554601,79.999979
3.2099969,-4960.5429,0.21587056,79.999979
3.2199969,-4958.0741,0.21656061,79.999979
3.2299969,-4958.5412,0.21609279,79.999979
3.2399969,-4959.2242,0.21601855,79.999979
3.2499969,-4958.0721,0.21590824,79.999979
3.2599969,-4958.8138,0.21592765,79.999979
3.2699969,-4959.8911,0.21594706,79.999979
3.2799969,-4958.1929,0.21590329,79.999979
3.2899969,-4959.5723,0.21561425,79.999979
3.2999969,-4958.6301,0.21570356,79.999979
3.3099968,-4958.7737,0.21639405,79.999979
3.3199968,-4959.971,0.21630053,79.999979
3.3299968,-4960.8495,0.21630053,79.999979
3.3399968,-4957.2408,0.21610536,79.999979
3.3499968,-4958.0898,0.21487973,79.999979
3.3599968,-4960.9508,0.21516164,79.999979
3.3699968,-4958.1064,0.2168872,79.999979
3.3799968,-4960.4417,0.21618033,79.999979
3.3899968,-4960.8104,0.21599081,79.999979
3.3999968,-4958.1737,0.21588934,79.999979
3.4099967,-4958.0448,0.21556196,79.999979
3.4199967,-4961.0524,0.2163985,79.999979
3.4299967,-4958.739,0.21586997,79.999979
3.4399967,-4960.3903,0.21512678,79.999979
3.4499967,-4959.6023,0.21511634,79.999979
3.4599967,-4957.3563,0.21556237,79.999979
3.4699967,-4957.3537,0.21506825,79.999979
3.4799967,-4957.8784,0.21604705,79.999979
3.4899967,-4958.1603,0.21633885,79.999979
3.4999967,-4960.4337,0.21598323,79.999979
3.5099967,-4960.4337,0.21561317,79.999979
3.5199966,-4959.2459,0.2156432,79.999979
3.5299966,-4957.4534,0.21538843,79.999979
3.5399966,-4957.8567,0.21556372,79.999979
3.5499966,-4957.7277,0.21626671,79.999979
3.5599966,-4958.3216,0.21620009,79.999979
3.5699966,-4957.5637,0.21635762,79.999979
3.5799966,-4956.8059,0.21650796,79.999979
3.5899966,-4960.7754,0.21546163,79.999979
3.5999966,-4957.0314,0.21592245,79.999979
3.6099966,-4957.5979,0.21651721,79.999979
3.6199965,-4960.0339,0.21592118,79.999979
3.6299965,-4958.5919,0.2156281,79.999979
3.6399965,-4957.2251,0.21546869,79.999979
3.6499965,-4960.4299,0.21572758,79.999979
3.6599965,-4958.0333,0.21611723,79.999979
3.6699965,-4956.9999,0.21628367,79.999979
3.6799965,-4960.839,0.21556079,79.999979
3.6899965,-4959.4072,0.21550262,79.999979
3.6999965,-4957.9755,0.21543616,79.999979
3.7099965,-4958.2545,0.21570871,79.999979
3.7199965,-4958.9072,0.21654952,79.999979
3.7299964,-4957.4227,0.21667061,79.999979
3.7399964,-4959.9879,0.21587332,79.999979
3.7499964,-4956.9403,0.21527983,79.999979
3.7599964,-4956.9403,0.21527983,79.999979
3.7699964,-4957.6477,0.21582014,79.999979
3.7799964,-4959.2344,0.2160198,79.999979
3.7899964,-4957.2898,0.21702226,79.999979
3.7999964,-4960.7631,0.21611946,79.999979
3.8099964,-4957.0164,0.21595905,79.999979
3.8199964,-4957.562,0.21587379,79.999979
3.8299963,-4957.9105,0.21567582,79.999979
3.8399963,-4960.5558,0.2162689,79.999979
3.8499963,-4956.789,0.215667,79.999979
3.8599963,-4960.7616,0.21639022,79.999979
3.8699963,-4958.1255,0.21610015,79.999979
3.8799963,-4957.2639,0.21610015,79.999979
3.8899963,-4957.2528,0.2156951,79.999979
3.8999963,-4957.69,0.21563499,79.999979
3.9099963,-4960.3357,0.21649774,79.999979
3.9199963,-4960.0935,0.21623839,79.999979
3.9299963,-4957.1459,0.21498123,79.999979
3.9399962,-4957.473,0.21498123,79.999979
3.9499962,-4957.8,0.21498123,79.999979
3.9599962,-4959.0078,0.21670665,79.999979
3.9699962,-4960.5425,0.21648268,79.999979
3.9799962,-4957.2345,0.21595683,79.999979
3.9899962,-4957.5817,0.21577448,79.999979
3.9999962,-4958.1496,0.21556129,79.999979
4.0099962,-4958.1496,0.21562957,79.999979
4.0199962,-4959.7378,0.21596681,79.999979
4.0299962,-4960.9422,0.2163517,79.999979
4.0399961,-4958.175,0.21647973,79.999979
4.0499961,-4957.2195,0.21647609,79.999979
4.0599961,-4960.8554,0.21463763,79.999979
4.0699961,-4958.9068,0.21578434,79.999979
4.0799961,-4957.7552,0.21611349,79.999979
4.0899961,-4957.1254,0.21602143,79.999979
4.0999961,-4957.6295,0.21542954,79.999979
4.1099961,-4958.1183,0.21549791,79.999979
4.1199961,-4957.1008,0.21567518,79.999979
4.1299961,-4957.5644,0.21623032,79.999979
4.1399961,-4958.0279,0.21678547,79.999979
4.149996,-4958.6971,0.21580239,79.999979
4.159996,-4956.7881,0.21578173,79.999979
4.169996,-4959.8084,0.21596588,79.999979
4.179996,-4960.0399,0.21590358,79.999979
4.189996,-4960.0399,0.21557221,79.999979
4.199996,-4960.0399,0.21524084,79.999979
4.209996,-4957.7933,0.21553275,79.999979
4.219996,-4960.9941,0.21554275,79.999979
4.229996,-4958.4243,0.21588549,79.999979
4.239996,-4960.8989,0.21606162,79.999979
4.2499959,-4960.1746,0.21644119,79.999979
4.2599959,-4959.4504,0.21682076,79.999979
4.2699959,-4958.9813,0.21634616,79.999979
4.2799959,-4959.6081,0.21661178,79.999979
4.2899959,-4957.2315,0.21549371,79.999979
4.2999959,-4960.1937,0.21607789,79.999979
4.3099959,-4960.4571,0.21618611,79.999979
4.3199959,-4958.8876,0.21617422,79.999979
4.3299959,-4957.1765,0.21626214,79.999979
4.3399959,-4960.1645,0.21714938,79.999979
4.3499959,-4958.0753,0.21717663,79.999979
4.3599958,-4960.5475,0.2151869,79.999979
4.3699958,-4960.2288,0.21564884,79.999979
4.3799958,-4959.0382,0.21608805,79.999979
4.3899958,-4956.9462,0.21608562,79.999979
4.3999958,-4957.7878,0.21636926,79.999979
4.4099958,-4960.6753,0.21577006,79.999979
4.4199958,-4959.166,0.21673907,79.999979
4.4299958,-4957.1532,0.21602712,79.999979
4.4399958,-4957.1532,0.21612759,79.999979
4.4499958,-4957.1976,0.21626461,79.999979
4.4599957,-4957.4203,0.21497447,79.999979
4.4699957,-4959.9445,0.2161193,79.999979
4.4799957,-4958.236,0.21672186,79.999979
4.4899957,-4957.3199,0.21601876,79.999979
4.4999957,-4957.037,0.21573477,79.999979
4.5099957,-4957.6414,0.21546971,79.999979
4.5199957,-4957.9849,0.21703448,79.999979
4.5299957,-4957.265,0.21571795,79.999979
4.5399957,-4958.2489,0.21578209,79.999979
4.5499957,-4956.8513,0.2162504,79.999979
4.5599957,-4957.1968,0.21679577,79.999979
4.5699956,-4957.593,0.21682479,79.999979
4.5799956,-4957.0918,0.21600837,79.999979
4.5899956,-4958.7496,0.21653389,79.999979
4.5999956,-4957.9788,0.21717349,79.999979
4.6099956,-4957.3019,0.21622347,79.999979
4.6199956,-4960.5073,0.21608672,79.999979
4.6299956,-4956.9569,0.21695549,79.999979
4.6399956,-4957.491,0.21676841,79.999979
4.6499956,-4958.1717,0.21619543,79.999979
4.6599956,-4958.2621,0.21669502,79.999979
4.6699955,-4960.7862,0.21534853,79.999979
4.6799955,-4957.6989,0.21628572,79.999979
4.6899955,-4957.8585,0.21610944,79.999979
4.6999955,-4960.6236,0.21539344,79.999979
4.7099955,-4960.8415,0.21535733,79.999979
4.7199955,-4957.2283,0.21640228,79.999979
4.7299955,-4959.0186,0.21648875,79.999979
4.7399955,-4958.9677,0.21616622,79.999979
4.7499955,-4957.61,0.21550942,79.999979
4.7599955,-4957.9267,0.21566936,79.999979
4.7699955,-4958.5874,0.21586251,79.999979
4.7799954,-4960.5243,0.21583815,79.999979
4.7899954,-4957.3204,0.21636409,79.999979
4.7999954,-4958.396,0.21578885,79.999979
4.8099954,-4956.9657,0.21527013,79.999979
4.8199954,-4957.415,0.21543713,79.999979
4.8299954,-4957.8644,0.21560414,79.999979
4.8399954,-4960.1718,0.21591503,79.999979
4.8499954,-4957.1168,0.21592777,79.999979
4.8599954,-4958.0794,0.21724427,79.999979
4.8699954,-4956.7916,0.21764914,79.999979
4.8799953,-4959.5412,0.21572683,79.999979
4.8899953,-4960.2725,0.21584159,79.999979
4.8999953,-4961.0037,0.21572279,79.999979
4.9099953,-4957.1955,0.2156701,79.999979
4.9199953,-4958.9274,0.21552934,79.999979
4.9299953,-4958.7168,0.21628675,79.999979
4.9399953,-4960.5662,0.21563088,79.999979
4.9499953,-4960.6273,0.21623325,79.999979
4.9599953,-4958.0395,0.21579854,79.999979
4.9699953,-4960.1364,0.21696204,79.999979
4.9799953,-4960.1364,0.21696204,79.999979
4.9899952,-4960.5092,0.21635091,79.999979
4.9999952,-4959.9366,0.21613393,79.999979
5.0099952,-4958.642,0.21697399,79.999979
5.0199952,-4957.3446,0.21762479,79.999979
5.0299952,-4958.4053,0.21553801,79.999979
5.0399952,-4957.4859,0.21687956,79.999979
5.0499952,-4960.417,0.21592301,79.999979
5.0599952,-4957.7598,0.21538185,79.999979
5.0699952,-4960.1915,0.21632358,79.999979
5.0799952,-4960.3121,0.216082,79.999979
5.0899951,-4959.5726,0.21580867,79.999979
5.0999951,-4959.7403,0.21472056,79.999979
5.1099951,-4957.5965,0.21558742,79.999979
5.1199951,-4957.3156,0.21657225,79.999979
5.1299951,-4957.6293,0.21613769,79.999979
5.1399951,-4957.2884,0.21608471,79.999979
5.1499951,-4956.9475,0.21612745,79.999979
5.1599951,-4960.448,0.2159014,79.999979
5.1699951,-4956.642,0.21562969,79.999979
5.1799951,-4958.8812,0.21640337,79.999979
5.1899951,-4957.9304,0.21708268,79.999979
5.199995,-4957.1713,0.21712201,79.999979
5.209995,-4957.6689,0.21681522,79.999979
5.219995,-4957.2713,0.21542041,79.999979
5.229995,-4958.1683,0.21573834,79.999979
5.239995,-4958.4592,0.2156695,79.999979
5.249995,-4957.039,0.21600872,79.999979
5.259995,-4960.4538,0.21513484,79.999979
5.269995,-4957.4554,0.2159929,79.999979
5.279995,-4957.118,0.21594502,79.999979
5.289995,-4958.2566,0.21643635,79.999979
5.2999949,-4960.2394,0.21608862,79.999979
5.3099949,-4960.2,0.21577707,79.999979
5.3199949,-4958.9228,0.21610077,79.999979
5.3299949,-4957.7318,0.2164157,79.999979
5.3399949,-4960.0058,0.21689714,79.999979
5.3499949,-4956.7133,0.21647933,79.999979
5.3599949,-4957.9407,0.21593128,79.999979
5.3699949,-4959.5002,0.21684616,79.999979
5.3799949,-4958.537,0.21648103,79.999979
5.3899949,-4957.5325,0.21668721,79.999979
5.3999949,-4958.8306,0.21605025,79.999979
5.4099948,-4959.9829,0.21608698,79.999979
5.4199948,-4958.1104,0.21558716,79.999979
5.4299948,-4958.3744,0.21580331,79.999979
5.4399948,-4957.1098,0.21608143,79.999979
5.4499948,-4957.844,0.21620403,79.999979
5.4599948,-4959.1018,0.21592093,79.999979
5.4699948,-4960.2047,0.21574253,79.999979
5.4799948,-4957.816,0.2153259,79.999979
5.4899948,-4961.1247,0.21480826,79.999979
5.4999948,-4958.2941,0.21584135,79.999979
5.5099947,-4958.978,0.21584135,79.999979
5.5199947,-4959.7768,0.21525572,79.999979
5.5299947,-4958.3083,0.21672457,79.999979
5.5399947,-4960.7432,0.21623473,79.999979
5.5499947,-4959.9919,0.2159455,79.999979
5.5599947,-4958.817,0.21571879,79.999979
5.5699947,-4959.8576,0.2153942,79.999979
5.5799947,-4960.8053,0.21491104,79.999979
5.5899947,-4958.5517,0.21663683,79.999979
5.5999947,-4959.5092,0.21672245,79.999979
5.6099946,-4960.0871,0.21581873,79.999979
5.6199946,-4958.3135,0.21645258,79.999979
5.6299946,-4960.438,0.21629561,79.999979
5.6399946,-4960.9574,0.21662607,79.999979
5.6499946,-4957.8496,0.21612799,79.999979
5.6599946,-4959.8332,0.21571406,79.999979
5.6699946,-4960.9158,0.21563098,79.999979
5.6799946,-4958.7818,0.21589625,79.999979
5.6899946,-4960.4582,0.2155495,79.999979
5.6999946,-4959.6798,0.2160162,79.999979
5.7099946,-4956.9861,0.21695623,79.999979
5.7199945,-4957.9447,0.21587751,79.999979
5.7299945,-4960.5326,0.21586197,79.999979
5.7399945,-4958.1281,0.21555593,79.999979
5.7499945,-4960.7912,0.21560517,79.999979
5.7599945,-4960.7912,0.21602566,79.999979
5.7699945,-4957.2333,0.21583261,79.999979
5.7799945,-4956.8617,0.21568174,79.999979
5.7899945,-4958.5189,0.21718001,79.999979
5.7999945,-4957.9772,0.21553216,79.999979
5.8099945,-4960.131,0.21637001,79.999979
5.8199944,-4957.9131,0.2163551,79.999979
5.8299944,-4956.8358,0.21634327,79.999979
5.8399944,-4959.647,0.2154653,79.999979
5.8499944,-4957.764,0.21613093,79.999979
5.8599944,-4957.3373,0.21643611,79.999979
5.8699944,-4959.7071,0.21602666,79.999979
5.8799944,-4958.2945,0.21650756,79.999979
5.8899944,-4957.1429,0.21670555,79.999979
5.8999944,-4957.2436,0.21620898,79.999979
5.9099944,-4957.8478,0.2167341,79.999979
5.9199944,-4956.9764,0.21643267,79.999979
5.9299943,-4960.6586,0.21565072,79.999979
5.9399943,-4958.9658,0.21514441,79.999979
5.9499943,-4957.792,0.21491642,79.999979
5.9599943,-4957.8496,0.21659806,79.999979
5.9699943,-4957.7134,0.21634692,79.999979
5.9799943,-4957.4451,0.21571678,79.999979
5.9899943,-4959.9246,0.21733618,79.999979
5.9999943,-4960.5465,0.21711714,79.999979
6.0099943,-4958.8329,0.2167729,79.999979
6.0199943,-4960.0346,0.21659576,79.999979
6.0299942,-4959.8477,0.21595362,79.999979
6.0399942,-4957.0233,0.21600673,79.999979
6.0499942,-4960.743,0.21546736,79.999979
6.0599942,-4957.0693,0.2160601,79.999979
6.0699942,-4957.602,0.21635372,79.999979
6.0799942,-4958.4851,0.21658687,79.999979
6.0899942,-4956.8459,0.2169203,79.999979
6.0999942,-4958.0811,0.21639867,79.999979
6.1099942,-4960.7269,0.21595645,79.999979
6.1199942,-4957.7222,0.21581187,79.999979
6.1299942,-4957.8771,0.21648349,79.999979
6.1399941,-4958.5494,0.21636793,79.999979
6.1499941,-4957.7794,0.21660501,79.999979
6.1599941,-4959.1839,0.21615983,79.999979
6.1699941,-4959.7983,0.2161825,79.999979
6.1799941,-4957.0654,0.21588025,79.999979
6.1899941,-4957.1727,0.21617167,79.999979
6.1999941,-4958.1346,0.21628147,79.999979
6.2099941,-4960.5924,0.21585644,79.999979
6.2199941,-4957.4674,0.2163275,79.999979
6.2299941,-4959.9774,0.21608362,79.999979
6.239994,-4957.645,0.21658157,79.999979
6.249994,-4958.1618,0.21592722,79.999979
6.259994,-4959.7511,0.21592722,79.999979
6.269994,-4957.3994,0.21634388,79.999979
6.279994,-4958.7341,0.21623765,79.999979
6.289994,-4958.8661,0.21582165,79.999979
6.299994,-4957.0422,0.21721614,79.999979
6.309994,-4960.0815,0.21626827,79.999979
6.319994,-4960.8539,0.21634952,79.999979
6.329994,-4957.0517,0.21606893,79.999979
6.339994,-4957.9299,0.21593838,79.999979
6.3499939,-4959.0922,0.21616715,79.999979
6.3599939,-4957.0045,0.2162304,79.999979
6.3699939,-4960.5777,0.21698975,79.999979
6.3799939,-4960.382,0.21710863,79.999979
6.3899939,-4958.1107,0.21667524,79.999979
6.3999939,-4957.0045,0.21595294,79.999979
6.4099939,-4957.617,0.21652735,79.999979
6.4199939,-4957.0754,0.21634883,79.999979
6.4299939,-4960.0744,0.21495437,79.999979
6.4399939,-4960.6271,0.21519772,79.999979
6.4499938,-4960.2866,0.21562688,79.999979
6.4599938,-4960.2962,0.21561016,79.999979
6.4699938,-4957.0516,0.21557615,79.999979
6.4799938,-4957.0889,0.21645633,79.999979
6.4899938,-4960.5518,0.21628262,79.999979
6.4999938,-4959.3891,0.21635137,79.999979
6.5099938,-4958.9728,0.21656472,79.999979
6.5199938,-4960.3268,0.21550029,79.999979
6.5299938,-4957.0293,0.21623526,79.999979
6.5399938,-4957.8033,0.21556384,79.999979
6.5499938,-4960.4411,0.21528199,79.999979
6.5599937,-4959.3197,0.21561364,79.999979
6.5699937,-4957.8749,0.21552234,79.999979
6.5799937,-4957.599,0.21608674,79.999979
6.5899937,-4960.1645,0.2168247,79.999979
6.5999937,-4959.2289,0.21548015,79.999979
6.6099937,-4959.3898,0.21554138,79.999979
6.6199937,-4957.2427,0.21625215,79.999979
6.6299937,-4957.1256,0.21678969,79.999979
6.6399937,-4958.0291,0.21567833,79.999979
6.6499937,-4960.2686,0.21584867,79.999979
6.6599936,-4959.7429,0.21662899,79.999979
6.6699936,-4959.2919,0.21576365,79.999979
6.6799936,-4957.0125,0.21630904,79.999979
6.6899936,-4957.0244,0.21617698,79.999979
6.6999936,-4957.5118,0.21618515,79.999979
6.7099936,-4958.1295,0.21576478,79.999979
6.7199936,-4960.4339,0.21594457,79.999979
6.7299936,-4958.4007,0.21572381,79.999979
6.7399936,-4956.9547,0.21525346,79.999979
6.7499936,-4957.8121,0.21525346,79.999979
6.7599936,-4957.8121,0.21525346,79.999979
6.7699935,-4958.1175,0.21622545,79.999979
6.7799935,-4957.3963,0.21663175,79.999979
6.7899935,-4958.3386,0.21616235,79.999979
6.7999935,-4956.9419,0.21526906,79.999979
6.8099935,-4957.6536,0.21651758,79.999979
6.8199935,-4958.1281,0.21674696,79.999979
6.8299935,-4957.162,0.216237,79.999979
6.8399935,-4959.164,0.21688312,79.999979
6.8499935,-4957.8362,0.21504485,79.999979
6.8599935,-4957.2898,0.21687616,79.999979
6.8699934,-4957.4301,0.21673512,79.999979
6.8799934,-4958.0034,0.21609027,79.999979
6.8899934,-4960.514,0.21518747,79.999979
6.8999934,-4957.2626,0.215167,79.999979
6.9099934,-4957.7907,0.21588017,79.999979
6.9199934,-4957.5742,0.2153541,79.999979
6.9299934,-4957.9186,0.21553687,79.999979
6.9399934,-4957.9186,0.21553687,79.999979
6.9499934,-4959.6038,0.21635358,79.999979
6.9599934,-4958.8953,0.21589978,79.999979
6.9699934,-4957.2074,0.21504587,79.999979
6.9799933,-4959.5518,0.21592134,79.999979
6.9899933,-4958.5795,0.21629932,79.999979
6.9999933,-4959.9655,0.21606303,79.999979
7.0099933,-4960.8214,0.21589272,79.999979
7.0199933,-4959.1537,0.2158891,79.999979
7.0299933,-4959.2087,0.2156215,79.999979
7.0399933,-4959.6436,0.21682905,79.999979
7.0499933,-4958.3854,0.21472575,79.999979
7.0599933,-4959.4457,0.21548807,79.999979
7.0699933,-4960.449,0.21626224,79.999979
7.0799932,-4960.8468,0.21627929,79.999979
7.0899932,-4956.9825,0.21548086,79.999979
7.0999932,-4960.842,0.21615288,79.999979
7.1099932,-4958.0825,0.21642855,79.999979
7.1199932,-4960.2984,0.21637214,79.999979
7.1299932,-4961.0249,0.21651796,79.999979
7.1399932,-4958.7171,0.21665166,79.999979
7.1499932,-4960.2545,0.21661187,79.999979
7.1599932,-4960.1912,0.21548194,79.999979
7.1699932,-4958.2556,0.21591916,79.999979
7.1799932,-4957.0392,0.21562227,79.999979
7.1899931,-4958.7456,0.21557045,79.999979
7.1999931,-4959.7949,0.21540347,79.999979
7.2099931,-4960.3607,0.21599175,79.999979
7.2199931,-4956.8285,0.21613451,79.999979
7.2299931,-4957.851,0.21670332,79.999979
7.2399931,-4957.7954,0.21538845,79.999979
7.2499931,-4961.1187,0.21594183,79.999979
7.2599931,-4961.1187,0.21594183,79.999979
7.2699931,-4961.0214,0.2162256,79.999979
7.2799931,-4958.2879,0.21482575,79.999979
7.289993,-4959.2786,0.2160801,79.999979
7.299993,-4957.6916,0.21598734,79.999979
7.309993,-4960.4091,0.2167967,79.999979
7.319993,-4958.7173,0.21629077,79.999979
7.329993,-4957.0798,0.21602829,79.999979
7.339993,-4960.4785,0.21634918,79.999979
7.349993,-4956.9013,0.21566234,79.999979
7.359993,-4959.3616,0.21641277,79.999979
7.369993,-4958.923,0.21533826,79.999979
7.379993,-4959.7772,0.21716234,79.999979
7.389993,-4958.1573,0.21701177,79.999979
7.3999929,-4958.066,0.21561422,79.999979
7.4099929,-4959.8752,0.21668334,79.999979
7.4199929,-4958.5713,0.21524614,79.999979
7.4299929,-4959.207,0.21694257,79.999979
7.4399929,-4958.522,0.21513637,79.999979
7.4499929,-4957.4236,0.21531815,79.999979
7.4599929,-4957.5496,0.21621124,79.999979
7.4699929,-4957.2442,0.21669902,79.999979
7.4799929,-4960.7242,0.21569076,79.999979
7.4899929,-4958.3881,0.21569846,79.999979
7.4999928,-4957.2348,0.21633228,79.999979
7.5099928,-4957.0121,0.21636917,79.999979
7.5199928,-4957.3481,0.21640607,79.999979
7.5299928,-4957.6486,0.21667576,79.999979
7.5399928,-4958.9062,0.21597469,79.999979
7.5499928,-4958.2797,0.21620546,79.999979
7.5599928,-4956.9558,0.21620662,79.999979
7.5699928,-4957.7338,0.21669816,79.999979
7.5799928,-4957.7338,0.21695763,79.999979
7.5899928,-4956.6711,0.21686277,79.999979
7.5999928,-4957.8905,0.21636694,79.999979
7.6099927,-4957.5788,0.21501414,79.999979
7.6199927,-4959.2364,0.21518219,79.999979
7.6299927,-4957.2476,0.21532024,79.999979
7.6399927,-4957.7722,0.21539081,79.999979
7.6499927,-4958.7698,0.21605653,79.999979
7.6599927,-4959.4981,0.21651551,79.999979
7.6699927,-4958.0835,0.216031,79.999979
7.6799927,-4957.702,0.21620471,79.999979
7.6899927,-4957.2272,0.21605351,79.999979
7.6999927,-4957.6407,0.21607163,79.999979
7.7099926,-4959.7312,0.215984,79.999979
7.7199926,-4959.4588,0.21618117,79.999979
7.7299926,-4957.5487,0.21407375,79.999979
7.7399926,-4959.0123,0.21617079,79.999979
7.7499926,-4958.015,0.21623139,79.999979
7.7599926,-4958.015,0.21619897,79.999979
7.7699926,-4958.9134,0.21617848,79.999979
7.7799926,-4958.4618,0.21604847,79.999979
7.7899926,-4960.2678,0.21567807,79.999979
7.7999926,-4958.5009,0.21468686,79.999979
7.8099926,-4957.2996,0.2161287,79.999979
7.8199925,-4957.8705,0.2165461,79.999979
7.8299925,-4960.6526,0.2167528,79.999979
7.8399925,-4956.9173,0.21578021,79.999979
7.8499925,-4956.8473,0.21511367,79.999979
7.8599925,-4960.7509,0.2153074,79.999979
7.8699925,-4958.0387,0.21584894,79.999979
7.8799925,-4958.9233,0.21597828,79.999979
7.8899925,-4959.808,0.21610988,79.999979
7.8999925,-4957.0371,0.2165605,79.999979
7.9099925,-4957.9829,0.21559749,79.999979
7.9199924,-4961.0102,0.21615505,79.999979
7.9299924,-4958.5291,0.21567335,79.999979
7.9399924,-4959.8361,0.21564783,79.999979
7.9499924,-4960.5708,0.21566057,79.999979
7.9599924,-4959.5639,0.21556304,79.999979
7.9699924,-4957.1176,0.21621319,79.999979
7.9799924,-4958.5226,0.21596419,79.999979
7.9899924,-4957.7608,0.21629884,79.999979
7.9999924,-4960.5551,0.21728809,79.999979
8.0099924,-4960.5628,0.21728809,79.999979
8.0199924,-4958.4181,0.21691532,79.999979
8.0299923,-4956.8984,0.21597624,79.999979
8.0399923,-4958.5626,0.21609784,79.999979
8.0499923,-4957.8611,0.21498466,79.999979
8.0599923,-4960.6758,0.21656382,79.999979
8.0699923,-4959.8138,0.21673759,79.999979
8.0799923,-4957.7539,0.21660921,79.999979
8.0899923,-4959.15,0.21583017,79.999979
8.0999923,-4957.3862,0.2160707,79.999979
8.1099923,-4957.2476,0.21653499,79.999979
8.1199923,-4960.7022,0.21560397,79.999979
8.1299922,-4960.1106,0.21591214,79.999979
8.1399922,-4956.9985,0.21503341,79.999979
8.1499922,-4958.3739,0.21603046,79.999979
8.1599922,-4958.5751,0.21525321,79.999979
8.1699922,-4956.8227,0.21624504,79.999979
8.1799922,-4958.2915,0.21576126,79.999979
8.1899922,-4958.0713,0.21601407,79.999979
8.1999922,-4958.0713,0.21630203,79.999979
8.2099922,-4960.1645,0.21713849,79.999979
8.2199922,-4957.299,0.21499525,79.999979
8.2299922,-4957.0136,0.21713199,79.999979
8.2399921,-4959.8662,0.21656443,79.999979
8.2499921,-4956.8771,0.21578603,79.999979
8.2599921,-4956.9905,0.21560617,79.999979
8.2699921,-4957.1038,0.21542631,79.999979
8.2799921,-4957.2172,0.21524646,79.999979
8.2899921,-4957.3119,0.21523089,79.999979
8.2999921,-4958.0782,0.21492531,79.999979
8.3099921,-4960.0677,0.21690352,79.999979
8.3199921,-4957.8114,0.21668033,79.999979
8.3299921,-4957.6065,0.21687146,79.999979
8.339992,-4959.1291,0.21697736,79.999979
8.349992,-4957.4046,0.21614292,79.999979
8.359992,-4957.9119,0.21570022,79.999979
8.369992,-4958.6374,0.2161402,79.999979
8.379992,-4958.344,0.21589473,79.999979
8.389992,-4956.8827,0.216626,79.999979
8.399992,-4956.973,0.21584591,79.999979
8.409992,-4957.3024,0.21595138,79.999979
8.419992,-4957.741,0.21617668,79.999979
8.429992,-4960.5307,0.21689935,79.999979
8.439992,-4956.9499,0.21580545,79.999979
8.4499919,-4957.067,0.21551319,79.999979
8.4599919,-4958.3908,0.21597977,79.999979
8.4699919,-4957.8623,0.21649934,79.999979
8.4799919,-4960.3196,0.21591175,79.999979
8.4899919,-4957.5501,0.21656975,79.999979
8.4999919,-4959.6164,0.21609032,79.999979
8.5099919,-4960.6961,0.21625207,79.999979
8.5199919,-4958.4764,0.21552899,79.999979
8.5299919,-4956.9599,0.21567919,79.999979
8.5399919,-4958.8686,0.21549195,79.999979
8.5499918,-4956.9839,0.21535169,79.999979
8.5599918,-4960.8877,0.21624975,79.999979
8.5699918,-4960.8877,0.21624975,79.999979
8.5799918,-4960.3095,0.21627463,79.999979
8.5899918,-4960.4921,0.21592489,79.999979
8.5999918,-4957.0415,0.21655387,79.999979
8.6099918,-4957.3061,0.21572776,79.999979
8.6199918,-4960.3348,0.21607786,79.999979
8.6299918,-4958.6674,0.21646467,79.999979
8.6399918,-4957.2637,0.21678779,79.999979
8.6499918,-4958.0264,0.21615389,79.999979
8.6599917,-4960.1336,0.21626494,79.999979
8.6699917,-4960.7925,0.21682737,79.999979
8.6799917,-4960.5672,0.21623952,79.999979
8.6899917,-4958.07,0.21531547,79.999979
8.6999917,-4960.9504,0.21582058,79.999979
8.7099917,-4957.7133,0.21517052,79.999979
8.7199917,-4957.6543,0.21534749,79.999979
8.7299917,-4959.7531,0.21536672,79.999979
8.7399917,-4957.5405,0.21581197,79.999979
8.7499917,-4957.7275,0.21624113,79.999979
8.7599916,-4958.1472,0.21575118,79.999979
8.7699916,-4958.4314,0.21658786,79.999979
8.7799916,-4960.3562,0.21468791,79.999979
8.7899916,-4957.7865,0.21581023,79.999979
8.7999916,-4960.0649,0.21674164,79.999979
8.8099916,-4957.2011,0.21582921,79.999979
8.8199916,-4956.7434,0.21575041,79.999979
8.8299916,-4959.6713,0.21613059,79.999979
8.8399916,-4958.0814,0.21575477,79.999979
8.8499916,-4959.7528,0.21565973,79.999979
8.8599916,-4960.0862,0.21612897,79.999979
8.8699915,-4957.3826,0.21571118,79.999979
8.8799915,-4960.42,0.21567345,79.999979
8.8899915,-4958.5713,0.2159437,79.999979
8.8999915,-4957.0563,0.21721405,79.999979
8.9099915,-4959.1931,0.21510133,79.999979
8.9199915,-4958.894,0.21641582,79.999979
8.9299915,-4956.9951,0.2157631,79.999979
8.9399915,-4956.9666,0.21645092,79.999979
8.9499915,-4956.9434,0.2162995,79.999979
8.9599915,-4958.561,0.21598078,79.999979
8.9699914,-4957.0983,0.21522018,79.999979
8.9799914,-4958.1195,0.21593654,79.999979
8.9899914,-4956.9481,0.21537737,79.999979
8.9999914,-4957.7458,0.21537737,79.999979
9.0099914,-4957.7458,0.21537737,79.999979
9.0199914,-4958.8812,0.21580432,79.999979
9.0299914,-4956.7591,0.21679325,79.999979
9.0399914,-4957.6974,0.21517032,79.999979
9.0499914,-4957.203,0.2157062,79.999979
9.0599914,-4957.4821,0.21588964,79.999979
9.0699914,-4957.8993,0.21627421,79.999979
9.0799913,-4960.0986,0.21547288,79.999979
9.0899913,-4957.0335,0.21544116,79.999979
9.0999913,-4958.021,0.21604643,79.999979
9.1099913,-4957.1572,0.21680597,79.999979
9.1199913,-4957.27,0.21700736,79.999979
9.1299913,-4957.8487,0.21653282,79.999979
9.1399913,-4959.3463,0.21626267,79.999979
9.1499913,-4959.7503,0.21575817,79.999979
9.1599913,-4956.93,0.21595574,79.999979
9.1699913,-4957.5957,0.21603449,79.999979
9.1799912,-4957.672,0.21680715,79.999979
9.1899912,-4957.8584,0.21680715,79.999979
9.1999912,-4960.941,0.21686381,79.999979
9.2099912,-4956.7405,0.21625516,79.999979
9.2199912,-4957.3269,0.21561213,79.999979
9.2299912,-4959.2689,0.21568823,79.999979
9.2399912,-4958.8326,0.21574665,79.999979
9.2499912,-4957.1388,0.21600902,79.999979
9.2599912,-4957.4545,0.21609439,79.999979
9.2699912,-4957.8804,0.21614809,79.999979
9.2799911,-4959.3108,0.21611625,79.999979
9.2899911,-4960.6202,0.21660497,79.999979
9.2999911,-4959.2019,0.21628629,79.999979
9.3099911,-4957.0877,0.21524397,79.999979
9.3199911,-4959.4479,0.21543168,79.999979
9.3299911,-4960.054,0.21543168,79.999979
9.3399911,-4958.7862,0.2162939,79.999979
9.3499911,-4957.2205,0.21684272,79.999979
9.3599911,-4957.9105,0.21631455,79.999979
9.3699911,-4957.2905,0.21501397,79.999979
9.3799911,-4959.4182,0.21572169,79.999979
9.389991,-4960.2356,0.21564094,79.999979
9.399991,-4959.3549,0.21557598,79.999979
9.409991,-4959.2632,0.21580353,79.999979
9.419991,-4957.1954,0.2154276,79.999979
9.429991,-4957.0403,0.21557688,79.999979
9.439991,-4960.4726,0.2171934,79.999979
9.449991,-4960.4863,0.21696109,79.999979
9.459991,-4960.5001,0.21672879,79.999979
9.469991,-4957.9627,0.21566357,79.999979
9.479991,-4960.604,0.21668176,79.999979
9.4899909,-4958.3159,0.21586762,79.999979
9.4999909,-4961.088,0.21541766,79.999979
9.5099909,-4960.8274,0.21540324,79.999979
9.5199909,-4958.7447,0.21538775,79.999979
9.5299909,-4958.2146,0.21608446,79.999979
9.5399909,-4959.0797,0.21538889,79.999979
9.5499909,-4957.6478,0.21588125,79.999979
9.5599909,-4960.5821,0.21550354,79.999979
9.5699909,-4957.2456,0.2163117,79.999979
9.5799909,-4957.0126,0.2163117,79.999979
9.5899909,-4958.1822,0.21615831,79.999979
9.5999908,-4960.3831,0.21677664,79.999979
9.6099908,-4959.8225,0.21644257,79.999979
9.6199908,-4958.4514,0.21604173,79.999979
9.6299908,-4957.5748,0.21564424,79.999979
9.6399908,-4957.1229,0.21563864,79.999979
9.6499908,-4958.003,0.21557137,79.999979
9.6599908,-4959.17,0.21677491,79.999979
9.6699908,-4958.6844,0.21568762,79.999979
9.6799908,-4957.1585,0.21557353,79.999979
9.6899908,-4957.5377,0.21579491,79.999979
9.6999907,-4960.9982,0.21607682,79.999979
9.7099907,-4958.7772,0.21620208,79.999979
9.7199907,-4957.0949,0.21527143,79.999979
9.7299907,-4960.3016,0.21675742,79.999979
9.7399907,-4958.2238,0.21589037,79.999979
9.7499907,-4959.4957,0.21599875,79.999979
9.7599907,-4960.4296,0.21626973,79.999979
9.7699907,-4957.0172,0.21535216,79.999979
9.7799907,-4958.3244,0.2164315,79.999979
9.7899907,-4959.7114,0.2161546,79.999979
9.7999907,-4958.8768,0.21542772,79.999979
9.8099906,-4956.9119,0.21568159,79.999979
9.8199906,-4957.3219,0.21622495,79.999979
9.8299906,-4957.8988,0.21665412,79.999979
9.8399906,-4957.2758,0.21587963,79.999979
9.8499906,-4958.5089,0.21613726,79.999979
9.8599906,-4957.7663,0.21528027,79.999979
9.8699906,-4959.5458,0.21671363,79.999979
9.8799906,-4959.5458,0.21671363,79.999979
9.8899906,-4957.0416,0.21580383,79.999979
9.8999906,-4957.9065,0.21686941,79.999979
9.9099905,-4960.4236,0.2159884,79.999979
9.9199905,-4957.8671,0.21531684,79.999979
9.9299905,-4957.4277,0.21557062,79.999979
9.9399905,-4957.0758,0.21554451,79.999979
9.9499905,-4957.5038,0.21537948,79.999979
9.9599905,-4959.4204,0.21618126,79.999979
9.9699905,-4960.2111,0.21580006,79.999979
9.9799905,-4957.3097,0.21539021,79.999979
9.9899905,-4959.0327,0.21560132,79.999979
9.9999905,-4958.007,0.2170882,79.999979
10.00999,-4958.007,0.2170882,79.999979
10.01999,-4959.4675,0.21702089,79.999979
10.02999,-4957.4885,0.21549141,79.999979
10.03999,-4960.7486,0.21646649,79.999979
10.04999,-4958.481,0.21593948,79.999979
10.05999,-4958.7909,0.21546056,79.999979
10.06999,-4959.7068,0.21531954,79.999979
10.07999,-4960.5683,0.21589337,79.999979
10.08999,-4957.9025,0.21536097,79.999979
10.09999,-4960.7912,0.21569294,79.999979
10.10999,-4960.7861,0.21630375,79.999979
10.11999,-4958.137,0.21535347,79.999979
10.12999,-4960.0594,0.21572527,79.999979
10.13999,-4960.8752,0.21573325,79.999979
10.14999,-4957.2505,0.21563277,79.999979
10.15999,-4960.4866,0.2169437,79.999979
10.16999,-4960.9781,0.2157542,79.999979
10.17999,-4958.6302,0.21593948,79.999979
10.18999,-4959.9586,0.21541006,79.999979
10.19999,-4960.8208,0.21564038,79.999979
10.20999,-4958.2454,0.21624473,79.999979
10.21999,-4959.3891,0.21524606,79.999979
10.22999,-4960.7537,0.21667799,79.999979
10.23999,-4957.9744,0.21609265,79.999979
10.24999,-4958.17,0.21529057,79.999979
10.25999,-4958.8254,0.21576089,79.999979
10.26999,-4958.3003,0.21604643,79.999979
10.27999,-4959.6401,0.21654011,79.999979
10.28999,-4960.0922,0.21604467,79.999979
10.29999,-4957.868,0.21627896,79.999979
10.30999,-4960.5559,0.21584943,79.999979
10.31999,-4959.0346,0.21568298,79.999979
10.32999,-4956.6892,0.21557381,79.999979
10.33999,-4958.1063,0.21578788,79.999979
10.34999,-4960.1332,0.216144,79.999979
10.35999,-4957.526,0.21592021,79.999979
10.36999,-4959.7107,0.2163185,79.999979
10.37999,-4957.9726,0.21605264,79.999979
10.38999,-4957.0198,0.21656994,79.999979
10.39999,-4958.1309,0.21571869,79.999979
10.40999,-4958.2922,0.21612273,79.999979
10.41999,-4956.7414,0.21699998,79.999979
10.42999,-4958.2149,0.21658687,79.999979
10.43999,-4957.7277,0.21649876,79.999979
10.44999,-4956.9348,0.21639422,79.999979
10.45999,-4960.1183,0.21500221,79.999979
10.46999,-4958.0345,0.21609639,79.999979
10.47999,-4957.2851,0.21552624,79.999979
10.48999,-4960.4185,0.21585797,79.999979
10.49999,-4956.9894,0.21589448,79.999979
10.50999,-4957.3254,0.21589448,79.999979
10.51999,-4960.6784,0.21543625,79.999979
10.52999,-4957.0067,0.2158675,79.999979
10.53999,-4957.2259,0.2151068,79.999979
10.54999,-4960.7032,0.21528561,79.999979
10.55999,-4957.1376,0.2156172,79.999979
10.56999,-4957.5944,0.21614696,79.999979
10.57999,-4958.3043,0.21594997,79.999979
10.58999,-4960.956,0.21562405,79.999979
10.59999,-4957.1845,0.21596974,79.999979
10.60999,-4960.6483,0.21493466,79.999979
10.61999,-4956.7696,0.2154631,79.999979
10.62999,-4957.192,0.21556019,79.999979
10.63999,-4957.8353,0.21578441,79.999979
10.64999,-4957.8021,0.21597742,79.999979
10.65999,-4959.2344,0.21629262,79.999979
10.66999,-4960.073,0.21586149,79.999979
10.67999,-4957.0528,0.21635376,79.999979
10.68999,-4957.0528,0.21635376,79.999979
10.69999,-4958.0372,0.21634116,79.999979
10.70999,-4960.6064,0.21607966,79.999979
10.71999,-4958.0939,0.21548249,79.999979
10.72999,-4959.8633,0.21569943,79.999979
10.73999,-4957.5876,0.21599631,79.999979
10.74999,-4958.0331,0.21596095,79.999979
10.75999,-4958.1717,0.21593693,79.999979
10.76999,-4957.993,0.21592521,79.999979
10.77999,-4960.0811,0.21588801,79.999979
10.78999,-4958.5114,0.21608011,79.999979
10.79999,-4957.0471,0.21668912,79.999979
10.80999,-4957.7418,0.21614065,79.999979
10.81999,-4957.9604,0.21551697,79.999979
10.82999,-4957.2453,0.21603334,79.999979
10.83999,-4958.9009,0.21649576,79.999979
10.84999,-4959.0291,0.21651384,79.999979
10.85999,-4956.9194,0.21573149,79.999979
10.86999,-4957.9105,0.21594762,79.999979
10.87999,-4958.4716,0.21594762,79.999979
10.88999,-4956.868,0.21644551,79.999979
10.89999,-4957.4998,0.21561859,79.999979
10.90999,-4958.0857,0.21705842,79.999979
10.91999,-4957.3304,0.21490815,79.999979
10.92999,-4960.1116,0.21590085,79.999979
10.93999,-4960.5846,0.21590085,79.999979
10.94999,-4960.7016,0.21666686,79.999979
10.95999,-4958.0731,0.21601221,79.999979
10.96999,-4959.7351,0.21669673,79.999979
10.97999,-4957.155,0.21592789,79.999979
10.98999,-4959.3202,0.21656083,79.999979
10.99999,-4960.1423,0.21618311,79.999979
11.00999,-4960.8659,0.21584618,79.999979
11.019989,-4959.5777,0.21577462,79.999979
11.029989,-4959.9488,0.21557123,79.999979
11.039989,-4958.4442,0.21462755,79.999979
11.049989,-4960.4438,0.21658318,79.999979
11.059989,-4960.4539,0.21642137,79.999979
11.069989,-4960.4109,0.21594403,79.999979
11.079989,-4958.3355,0.21567746,79.999979
11.089989,-4960.6478,0.2156164,79.999979
11.099989,-4957.7505,0.21586826,79.999979
11.109989,-4959.8389,0.21525239,79.999979
11.119989,-4961.0785,0.21539912,79.999979
11.129989,-4961.0785,0.21542682,79.999979
11.139989,-4958.6534,0.2163788,79.999979
11.149989,-4957.7542,0.21495438,79.999979
11.159989,-4959.0114,0.21598742,79.999979
11.169989,-4959.2401,0.21608376,79.999979
11.179989,-4959.0491,0.21577509,79.999979
11.189989,-4957.5717,0.21582491,79.999979
11.199989,-4956.911,0.21584949,79.999979
11.209989,-4958.457,0.21558173,79.999979
11.219989,-4960.6526,0.21556137,79.999979
11.229989,-4959.0413,0.2162239,79.999979
11.239989,-4957.2763,0.21598807,79.999979
11.249989,-4960.2256,0.21589872,79.999979
11.259989,-4958.0251,0.21598347,79.999979
11.269989,-4958.0251,0.21625553,79.999979
11.279989,-4960.2033,0.21595232,79.999979
11.289989,-4956.5867,0.21561637,79.999979
11.299989,-4956.9579,0.21498839,79.999979
11.309989,-4960.5893,0.21628835,79.999979
11.319989,-4958.5296,0.2152344,79.999979
11.329989,-4957.2277,0.21484777,79.999979
11.339989,-4958.8914,0.21646137,79.999979
11.349989,-4960.0133,0.21572353,79.999979
11.359989,-4956.8464,0.21541413,79.999979
11.369989,-4960.5153,0.21607257,79.999979
11.379989,-4957.3353,0.21578119,79.999979
11.389989,-4956.9821,0.2161593,79.999979
11.399989,-4958.2139,0.21621642,79.999979
11.409989,-4958.3922,0.21552367,79.999979
11.419989,-4957.6773,0.21646533,79.999979
11.429989,-4960.1628,0.21536701,79.999979
11.439989,-4956.8077,0.21665354,79.999979
11.449989,-4956.9303,0.21665354,79.999979
11.459989,-4958.111,0.2156612,79.999979
11.469989,-4959.4051,0.21505701,79.999979
11.479989,-4959.4835,0.21761816,79.999979
11.489989,-4960.4036,0.21473929,79.999979
11.499989,-4957.1951,0.21576833,79.999979
11.509989,-4957.7149,0.21604964,79.999979
11.519989,-4958.0733,0.21646071,79.999979
11.529989,-4958.1448,0.21610967,79.999979
11.539989,-4960.5361,0.21625209,79.999979
11.549989,-4959.1564,0.21503438,79.999979
11.559989,-4957.1452,0.21527535,79.999979
11.569989,-4957.9094,0.21518448,79.999979
11.579989,-4958.3432,0.21540238,79.999979
11.589989,-4957.8483,0.21600447,79.999979
11.599989,-4960.6927,0.21578911,79.999979
11.609989,-4958.171,0.21669089,79.999979
11.619989,-4957.3986,0.21651267,79.999979
11.629989,-4958.4022,0.21645675,79.999979
11.639989,-4959.0627,0.21658848,79.999979
11.649989,-4958.6193,0.21670902,79.999979
11.659989,-4958.2257,0.21572673,79.999979
11.669989,-4958.3279,0.21593263,79.999979
11.679989,-4957.4384,0.21620016,79.999979
11.689989,-4958.3766,0.21588495,79.999979
11.699989,-4959.7061,0.21585415,79.999979
11.709989,-4960.6346,0.21559659,79.999979
11.719989,-4957.4595,0.21571426,79.999979
11.729989,-4957.768,0.21466567,79.999979
11.739989,-4956.9985,0.21506004,79.999979
11.749989,-4960.2334,0.21498123,79.999979
11.759989,-4961.0323,0.21498123,79.999979
11.769989,-4959.9206,0.21555304,79.999979
11.779989,-4958.4634,0.21520094,79.999979
11.789989,-4956.9555,0.21611414,79.999979
11.799989,-4957.2718,0.21491219,79.999979
11.809989,-4959.2866,0.21529667,79.999979
11.819989,-4960.7411,0.21516884,79.999979
11.829989,-4960.0695,0.21546209,79.999979
11.839989,-4960.7991,0.21612936,79.999979
11.849989,-4957.1331,0.21628484,79.999979
11.859989,-4959.8957,0.21644375,79.999979
11.869989,-4960.2629,0.21581096,79.999979
11.879989,-4960.5245,0.21597685,79.999979
11.889989,-4960.8317,0.21616594,79.999979
11.899989,-4958.154,0.21455885,79.999979
11.909989,-4959.3223,0.21624606,79.999979
11.919989,-4958.9754,0.21638347,79.999979
11.929989,-4959.4009,0.21587231,79.999979
11.939989,-4960.4026,0.21635317,79.999979
11.949989,-4959.3356,0.21635317,79.999979
11.959989,-4957.2224,0.21488571,79.999979
11.969989,-4958.6585,0.21588668,79.999979
11.979989,-4960.611,0.21602244,79.999979
11.989989,-4958.3734,0.21536559,79.999979
11.999989,-4959.5329,0.21490712,79.999979
12.009989,-4960.5194,0.21541768,79.999979
12.019989,-4957.0789,0.21639655,79.999979
12.029989,-4958.7024,0.21637307,79.999979
12.039989,-4960.5407,0.21515436,79.999979
12.049989,-4958.2293,0.21560843,79.999979
12.059988,-4959.7671,0.21578918,79.999979
12.069988,-4957.593,0.21580378,79.999979
12.079988,-4957.2855,0.21516972,79.999979
12.089988,-4956.8462,0.21562818,79.999979
12.099988,-4959.2886,0.21692812,79.999979
12.109988,-4957.8148,0.21575394,79.999979
12.119988,-4959.0178,0.21607634,79.999979
12.129988,-4957.095,0.21608998,79.999979
12.139988,-4957.4792,0.21609691,79.999979
12.149988,-4957.0219,0.2161828,79.999979
12.159988,-4958.2049,0.21731095,79.999979
12.169988,-4957.9077,0.2160713,79.999979
12.179988,-4957.2949,0.21617257,79.999979
12.189988,-4956.8519,0.21603993,79.999979
12.199988,-4956.8519,0.21598859,79.999979
12.209988,-4957.7398,0.21502505,79.999979
12.219988,-4957.7478,0.21529845,79.999979
12.229988,-4957.5088,0.21569815,79.999979
12.239988,-4958.9872,0.21628643,79.999979
12.249988,-4957.15,0.21583587,79.999979
12.259988,-4957.4803,0.21706255,79.999979
12.269988,-4959.8148,0.21556876,79.999979
12.279988,-4957.7104,0.2164805,79.999979
12.289988,-4957.9301,0.21523826,79.999979
12.299988,-4959.4445,0.21609858,79.999979
12.309988,-4957.0988,0.21571953,79.999979
12.319988,-4957.6,0.21580113,79.999979
12.329988,-4959.0698,0.21524275,79.999979
12.339988,-4959.0935,0.21585699,79.999979
12.349988,-4956.9681,0.2154964,79.999979
12.359988,-4960.8481,0.21564135,79.999979
12.369988,-4957.8784,0.21587426,79.999979
12.379988,-4957.8784,0.2160406,79.999979
12.389988,-4959.8229,0.21610666,79.999979
12.399988,-4961.2533,0.21576822,79.999979
12.409988,-4956.6972,0.21649747,79.999979
12.419988,-4959.9892,0.21595467,79.999979
12.429988,-4957.2926,0.21591,79.999979
12.439988,-4957.679,0.21558269,79.999979
12.449988,-4958.6338,0.21626239,79.999979
12.459988,-4958.3016,0.2153235,79.999979
12.469988,-4960.2202,0.21518879,79.999979
12.479988,-4960.4716,0.21626159,79.999979
12.489988,-4957.9452,0.21594945,79.999979
12.499988,-4958.2706,0.21601666,79.999979
12.509988,-4959.1378,0.21594105,79.999979
12.519988,-4958.5453,0.21561533,79.999979
12.529988,-4959.1879,0.21613633,79.999979
12.539988,-4959.8732,0.2157443,79.999979
12.549988,-4957.9435,0.21516229,79.999979
12.559988,-4958.7287,0.21525589,79.999979
12.569988,-4959.7212,0.2153548,79.999979
12.579988,-4961.083,0.21572958,79.999979
12.589988,-4958.6831,0.21575085,79.999979
12.599988,-4957.2778,0.21634611,79.999979
12.609988,-4957.3146,0.21692719,79.999979
12.619988,-4959.7537,0.21534215,79.999979
12.629988,-4960.6876,0.21526228,79.999979
12.639988,-4959.2482,0.21598408,79.999979
12.649988,-4957.6419,0.21577674,79.999979
12.659988,-4958.475,0.21640287,79.999979
12.669988,-4956.7735,0.21546324,79.999979
12.679988,-4958.7255,0.2146807,79.999979
12.689988,-4959.8581,0.21448924,79.999979
12.699988,-4960.9754,0.21541039,79.999979
12.709988,-4957.0217,0.21680767,79.999979
12.719988,-4959.2726,0.21658975,79.999979
12.729988,-4957.2617,0.21606568,79.999979
12.739988,-4959.5479,0.21593118,79.999979
12.749988,-4960.3121,0.21589444,79.999979
12.759988,-4959.7005,0.21589631,79.999979
12.769988,-4959.4442,0.21587177,79.999979
12.779988,-4957.7861,0.21604519,79.999979
12.789988,-4957.111,0.21578753,79.999979
12.799988,-4960.8555,0.21535512,79.999979
12.809988,-4960.5853,0.21535512,79.999979
12.819988,-4959.6792,0.21586887,79.999979
12.829988,-4958.3404,0.21527553,79.999979
12.839988,-4960.6955,0.21640079,79.999979
12.849988,-4957.7412,0.21626611,79.999979
12.859988,-4960.6036,0.21558144,79.999979
12.869988,-4957.7923,0.2158112,79.999979
12.879988,-4960.4337,0.21609098,79.999979
12.889988,-4960.3102,0.2156656,79.999979
12.899988,-4957.7108,0.21618683,79.999979
12.909988,-4958.7205,0.21644114,79.999979
12.919988,-4958.1211,0.21577901,79.999979
12.929988,-4958.1556,0.21638179,79.999979
12.939988,-4958.5915,0.21519012,79.999979
12.949988,-4959.1259,0.21477263,79.999979
12.959988,-4959.9075,0.21567752,79.999979
12.969988,-4957.0726,0.21606004,79.999979
12.979988,-4957.8215,0.21668034,79.999979
12.989988,-4957.3517,0.21669269,79.999979
12.999988,-4957.0064,0.21642839,79.999979
13.009988,-4957.1452,0.21608031,79.999979
13.019988,-4959.0889,0.21612349,79.999979
13.029988,-4957.5623,0.21553985,79.999979
13.039988,-4958.485,0.21685074,79.999979
13.049988,-4957.0951,0.2158588,79.999979
13.059988,-4959.9941,0.2156513,79.999979
13.069988,-4958.8878,0.21609244,79.999979
13.079988,-4957.3762,0.21592797,79.999979
13.089988,-4958.5955,0.21673686,79.999979
13.099988,-4960.4142,0.21690062,79.999979
13.109987,-4957.0132,0.21616064,79.999979
13.119987,-4958.2369,0.21564401,79.999979
13.129987,-4957.1527,0.21609594,79.999979
13.139987,-4957.9138,0.21534735,79.999979
13.149987,-4957.4267,0.21634078,79.999979
13.159987,-4959.5869,0.21493704,79.999979
13.169987,-4958.7204,0.21674156,79.999979
13.179987,-4958.4497,0.21669775,79.999979
13.189987,-4959.4585,0.21603473,79.999979
13.199987,-4960.7008,0.21574177,79.999979
13.209987,-4957.1924,0.21569653,79.999979
13.219987,-4958.0389,0.21603334,79.999979
13.229987,-4957.0915,0.21569481,79.999979
13.239987,-4960.4956,0.2157526,79.999979
13.249987,-4958.7514,0.21527395,79.999979
13.259987,-4957.3873,0.21563292,79.999979
13.269987,-4957.6675,0.21572445,79.999979
13.279987,-4958.0532,0.21564146,79.999979
13.289987,-4960.5073,0.21642442,79.999979
13.299987,-4959.8927,0.21636766,79.999979
13.309987,-4957.5824,0.21682659,79.999979
13.319987,-4957.9651,0.21610289,79.999979
13.329987,-4958.2854,0.21609772,79.999979
13.339987,-4957.5891,0.21587334,79.999979
13.349987,-4960.7774,0.21604049,79.999979
13.359987,-4960.0373,0.2157312,79.999979
13.369987,-4957.8049,0.21672183,79.999979
13.379987,-4958.5324,0.2169042,79.999979
13.389987,-4959.3501,0.2169042,79.999979
13.399987,-4957.6762,0.21539374,79.999979
13.409987,-4959.1942,0.21575958,79.999979
13.419987,-4959.4283,0.21625108,79.999979
13.429987,-4957.1943,0.21594046,79.999979
13.439987,-4960.0013,0.21583098,79.999979
13.449987,-4960.7189,0.21592323,79.999979
13.459987,-4960.3979,0.21594976,79.999979
13.469987,-4957.3502,0.21606447,79.999979
13.479987,-4959.5696,0.21705723,79.999979
13.489987,-4957.1064,0.21475221,79.999979
13.499987,-4960.2325,0.21544412,79.999979
13.509987,-4960.7067,0.215929,79.999979
13.519987,-4958.4324,0.21639842,79.999979
13.529987,-4959.6779,0.21589398,79.999979
13.539987,-4958.3559,0.21602859,79.999979
13.549987,-4956.9398,0.21600395,79.999979
13.559987,-4959.7539,0.21568186,79.999979
13.569987,-4960.6938,0.21580332,79.999979
13.579987,-4959.6078,0.21592478,79.999979
13.589987,-4958.3917,0.21649632,79.999979
13.599987,-4960.6888,0.2155451,79.999979
13.609987,-4957.0902,0.21582959,79.999979
13.619987,-4960.3578,0.21538697,79.999979
13.629987,-4960.498,0.21565034,79.999979
13.639987,-4960.3318,0.21565372,79.999979
13.649987,-4958.4439,0.21696841,79.999979
13.659987,-4957.9467,0.21628876,79.999979
13.669987,-4957.9386,0.21620779,79.999979
13.679987,-4959.9973,0.21622208,79.999979
13.689987,-4960.1961,0.21609436,79.999979
13.699987,-4959.0936,0.21596247,79.999979
13.709987,-4956.9692,0.21636013,79.999979
13.719987,-4959.4734,0.21621979,79.999979
13.729987,-4959.7105,0.21595595,79.999979
13.739987,-4960.7852,0.2149976,79.999979
13.749987,-4960.4054,0.215103,79.999979
13.759987,-4959.9064,0.21530491,79.999979
13.769987,-4958.1195,0.21571626,79.999979
13.779987,-4960.2815,0.21648427,79.999979
13.789987,-4959.5856,0.21548281,79.999979
13.799987,-4959.0728,0.21536908,79.999979
13.809987,-4959.8372,0.21597806,79.999979
13.819987,-4958.3828,0.21648015,79.999979
13.829987,-4958.0113,0.21661349,79.999979
13.839987,-4959.7794,0.21591869,79.999979
13.849987,-4961.1167,0.2160727,79.999979
13.859987,-4957.9648,0.21644895,79.999979
13.869987,-4958.759,0.21498736,79.999979
13.879987,-4957.5606,0.21546126,79.999979
13.889987,-4957.2341,0.21664412,79.999979
13.899987,-4956.966,0.2161601,79.999979
13.909987,-4960.0355,0.21657785,79.999979
13.919987,-4958.5053,0.21559524,79.999979
13.929987,-4959.4009,0.21570553,79.999979
13.939987,-4957.192,0.21592236,79.999979
13.949987,-4956.9691,0.21613919,79.999979
13.959987,-4960.1657,0.21616438,79.999979
13.969987,-4957.9748,0.21662599,79.999979
13.979987,-4957.8543,0.21692753,79.999979
13.989987,-4956.8111,0.21560294,79.999979
13.999987,-4956.7715,0.21570632,79.999979
14.009987,-4956.7715,0.21582289,79.999979
14.019987,-4960.4791,0.21560935,79.999979
14.029987,-4957.2097,0.21561284,79.999979
14.039987,-4957.7841,0.21580825,79.999979
14.049987,-4957.7657,0.21520185,79.999979
14.059987,-4957.5329,0.21631664,79.999979
14.069987,-4957.933,0.21657801,79.999979
14.079987,-4960.5957,0.21559015,79.999979
14.089987,-4959.2079,0.21603405,79.999979
14.099987,-4957.0527,0.21664283,79.999979
14.109987,-4959.4189,0.2161627,79.999979
14.119987,-4957.5876,0.21620504,79.999979
14.129987,-4958.073,0.21627453,79.999979
14.139987,-4959.7159,0.21639673,79.999979
14.149987,-4960.3867,0.21698867,79.999979
14.159986,-4960.4626,0.21581718,79.999979
14.169986,-4959.2342,0.21639042,79.999979
14.179986,-4957.4954,0.21651015,79.999979
14.189986,-4957.7875,0.21655899,79.999979
14.199986,-4959.3837,0.21614243,79.999979
14.209986,-4958.9581,0.21561175,79.999979
14.219986,-4957.1135,0.21576422,79.999979
14.229986,-4960.3535,0.2162217,79.999979
14.239986,-4957.9285,0.21578577,79.999979
14.249986,-4958.3644,0.21578577,79.999979
14.259986,-4959.728,0.21568167,79.999979
14.269986,-4960.4137,0.21528444,79.999979
14.279986,-4956.9594,0.21586293,79.999979
14.289986,-4960.641,0.21662096,79.999979
14.299986,-4958.1765,0.21630468,79.999979
14.309986,-4958.2782,0.21484761,79.999979
14.319986,-4957.4372,0.21490537,79.999979
14.329986,-4957.7523,0.21508926,79.999979
14.339986,-4956.9383,0.21734198,79.999979
14.349986,-4958.2172,0.21617106,79.999979
14.359986,-4957.7397,0.21637858,79.999979
14.369986,-4958.224,0.21559783,79.999979
14.379986,-4958.1524,0.21619156,79.999979
14.389986,-4958.6369,0.21637975,79.999979
14.399986,-4960.7933,0.216501,79.999979
14.409986,-4960.2335,0.21567123,79.999979
14.419986,-4957.1858,0.21570769,79.999979
14.429986,-4957.6398,0.21568343,79.999979
14.439986,-4958.9506,0.21586154,79.999979
14.449986,-4960.4142,0.21556916,79.999979
14.459986,-4959.742,0.21513738,79.999979
14.469986,-4960.6,0.21567895,79.999979
14.479986,-4956.6831,0.21567597,79.999979
14.489986,-4959.1693,0.21606479,79.999979
14.499986,-4958.9864,0.21592169,79.999979
14.509986,-4960.4299,0.21595494,79.999979
14.519986,-4960.0473,0.21604954,79.999979
14.529986,-4958.5358,0.21501333,79.999979
14.539986,-4957.3822,0.21587851,79.999979
14.549986,-4959.3479,0.21551817,79.999979
14.559986,-4959.2457,0.21578442,79.999979
14.569986,-4960.6767,0.21604702,79.999979
14.579986,-4960.6767,0.21604702,79.999979
14.589986,-4958.0111,0.21637316,79.999979
14.599986,-4960.7149,0.21615446,79.999979
14.609986,-4960.7423,0.21528972,79.999979
14.619986,-4958.2376,0.21625735,79.999979
14.629986,-4960.2589,0.21610393,79.999979
14.639986,-4958.8864,0.21610965,79.999979
14.649986,-4958.242,0.21607094,79.999979
14.659986,-4957.7243,0.21526938,79.999979
14.669986,-4960.6825,0.21540381,79.999979
14.679986,-4958.3821,0.21613219,79.999979
14.689986,-4958.9807,0.21585886,79.999979
14.699986,-4957.6627,0.21610545,79.999979
14.709986,-4957.0492,0.21622261,79.999979
14.719986,-4957.1137,0.21548461,79.999979
14.729986,-4958.8393,0.21585497,79.999979
14.739986,-4958.0527,0.21697653,79.999979
14.749986,-4957.5899,0.21639424,79.999979
14.759986,-4957.2369,0.21615546,79.999979
14.769986,-4956.8839,0.21594587,79.999979
14.779986,-4959.5783,0.21512848,79.999979
14.789986,-4956.8342,0.21647012,79.999979
14.799986,-4957.9248,0.21605692,79.999979
14.809986,-4960.0848,0.21594623,79.999979
14.819986,-4960.7706,0.21604113,79.999979
14.829986,-4957.6172,0.21536879,79.999979
14.839986,-4957.6079,0.21538468,79.999979
14.849986,-4958.4839,0.21572715,79.999979
14.859986,-4957.3292,0.21620951,79.999979
14.869986,-4959.4451,0.21547148,79.999979
14.879986,-4960.3196,0.21547148,79.999979
14.889986,-4960.2223,0.21595467,79.999979
14.899986,-4960.6027,0.21505695,79.999979
14.909986,-4960.4779,0.21423619,79.999979
14.919986,-4956.8559,0.21625509,79.999979
14.929986,-4958.3956,0.21564146,79.999979
14.939986,-4957.597,0.21580282,79.999979
14.949986,-4957.0416,0.21598737,79.999979
14.959986,-4957.9765,0.21674664,79.999979
14.969986,-4961.2122,0.21498734,79.999979
14.979986,-4957.0063,0.21647324,79.999979
14.989986,-4959.9704,0.21595094,79.999979
14.999986,-4960.3663,0.21575374,79.999979
15.009986,-4958.94,0.21533246,79.999979
15.019986,-4960.7206,0.21536067,79.999979
15.029986,-4957.108,0.21538627,79.999979
15.039986,-4957.0919,0.21626141,79.999979
15.049986,-4960.7506,0.21489878,79.999979
15.059986,-4957.0938,0.21532198,79.999979
15.069986,-4957.6951,0.21583521,79.999979
15.079986,-4958.3271,0.21598977,79.999979
15.089986,-4960.7224,0.2160741,79.999979
15.099986,-4957.8669,0.21657967,79.999979
15.109986,-4960.5449,0.21510174,79.999979
15.119986,-4957.7815,0.21609237,79.999979
15.129986,-4957.6036,0.21685124,79.999979
15.139986,-4957.9367,0.21568411,79.999979
15.149986,-4958.7591,0.21568411,79.999979
15.159986,-4960.6449,0.21539711,79.999979
15.169986,-4958.538,0.2169078,79.999979
15.179986,-4959.147,0.21525993,79.999979
15.189986,-4960.0974,0.21534889,79.999979
15.199986,-4959.3863,0.21542991,79.999979
15.209985,-4958.7459,0.21534371,79.999979
15.219985,-4960.6185,0.21532708,79.999979
15.229985,-4957.1912,0.21532436,79.999979
15.239985,-4956.9243,0.21575787,79.999979
15.249985,-4957.4255,0.21590461,79.999979
15.259985,-4958.0793,0.2160323,79.999979
15.269985,-4957.8161,0.21507903,79.999979
15.279985,-4959.9053,0.21621935,79.999979
15.289985,-4958.8104,0.21604048,79.999979
15.299985,-4957.0518,0.2153113,79.999979
15.309985,-4959.1917,0.21649228,79.999979
15.319985,-4960.6671,0.21650919,79.999979
15.329985,-4957.5217,0.21599142,79.999979
15.339985,-4957.4496,0.21598095,79.999979
15.349985,-4958.9248,0.21549585,79.999979
15.359985,-4956.9685,0.21562111,79.999979
15.369985,-4959.0086,0.21492642,79.999979
15.379985,-4960.034,0.21539669,79.999979
15.389985,-4960.2453,0.21573175,79.999979
15.399985,-4957.2,0.21637956,79.999979
15.409985,-4957.944,0.21681996,79.999979
15.419985,-4957.282,0.21595519,79.999979
15.429985,-4960.0359,0.21547962,79.999979
15.439985,-4960.5048,0.21547962,79.999979
15.449985,-4959.7346,0.21565725,79.999979
15.459985,-4957.4334,0.21543462,79.999979
15.469985,-4957.9549,0.21563634,79.999979
15.479985,-4956.8291,0.21538587,79.999979
15.489985,-4960.9145,0.21636627,79.999979
15.499985,-4960.2852,0.21625339,79.999979
15.509985,-4959.5458,0.21619544,79.999979
15.519985,-4960.7647,0.21576715,79.999979
15.529985,-4957.3079,0.21646943,79.999979
15.539985,-4957.9287,0.21624094,79.999979
15.549985,-4959.8773,0.21545753,79.999979
15.559985,-4959.452,0.21686598,79.999979
15.569985,-4957.8946,0.21685538,79.999979
15.579985,-4958.2072,0.21499955,79.999979
15.589985,-4960.8191,0.21546692,79.999979
15.599985,-4958.475,0.21558011,79.999979
15.609985,-4960.195,0.21561619,79.999979
15.619985,-4960.2797,0.21617189,79.999979
15.629985,-4959.0323,0.21652879,79.999979
15.639985,-4957.7061,0.21599655,79.999979
15.649985,-4960.3317,0.21642385,79.999979
15.659985,-4959.7805,0.21583937,79.999979
15.669985,-4958.5836,0.21588833,79.999979
15.679985,-4956.868,0.21557998,79.999979
15.689985,-4956.868,0.21472297,79.999979
15.699985,-4956.9453,0.21514872,79.999979
15.709985,-4958.2464,0.21553334,79.999979
15.719985,-4960.7367,0.21628475,79.999979
15.729985,-4958.5676,0.2157291,79.999979
15.739985,-4956.8452,0.21537181,79.999979
15.749985,-4957.2874,0.21476036,79.999979
15.759985,-4957.7295,0.21476036,79.999979
15.769985,-4958.1938,0.21519269,79.999979
15.779985,-4958.0962,0.21632105,79.999979
15.789985,-4958.4778,0.21603649,79.999979
15.799985,-4957.1371,0.21627586,79.999979
15.809985,-4957.2734,0.21595481,79.999979
15.819985,-4957.5158,0.21608034,79.999979
15.829985,-4959.6485,0.21604477,79.999979
15.839985,-4956.9865,0.21591565,79.999979
15.849985,-4957.5151,0.21618515,79.999979
15.859985,-4957.0329,0.21671079,79.999979
15.869985,-4957.03,0.21647226,79.999979
15.879985,-4957.7746,0.21617034,79.999979
15.889985,-4960.0593,0.21599812,79.999979
15.899985,-4957.9718,0.21604806,79.999979
15.909985,-4956.7836,0.2155862,79.999979
15.919985,-4958.159,0.21584517,79.999979
15.929985,-4957.9407,0.21568411,79.999979
15.939985,-4957.9407,0.21568411,79.999979
15.949985,-4959.2843,0.21603349,79.999979
15.959985,-4960.9558,0.21537266,79.999979
15.969985,-4957.3521,0.21532943,79.999979
15.979985,-4959.5274,0.21564911,79.999979
15.989985,-4960.2329,0.21504897,79.999979
15.999985,-4957.6332,0.21651561,79.999979
16.009985,-4958.3411,0.21616551,79.999979
16.019985,-4958.6425,0.21575041,79.999979
16.029985,-4957.5179,0.21519728,79.999979
16.039985,-4957.7219,0.2163163,79.999979
16.049985,-4959.3026,0.21562795,79.999979
16.059985,-4956.9189,0.21677371,79.999979
16.069985,-4958.7871,0.21598271,79.999979
16.079985,-4959.86,0.21598918,79.999979
16.089985,-4961.0439,0.21676067,79.999979
16.099985,-4956.8278,0.21642115,79.999979
16.109985,-4957.9969,0.2159085,79.999979
16.119985,-4957.2757,0.21556667,79.999979
16.129985,-4959.3759,0.21540044,79.999979
16.139985,-4960.1436,0.21556709,79.999979
16.149985,-4960.2041,0.21571409,79.999979
16.159985,-4960.6036,0.2161605,79.999979
16.169985,-4957.0528,0.21661339,79.999979
16.179985,-4960.5888,0.21539894,79.999979
16.189985,-4960.5226,0.21539894,79.999979
16.199985,-4957.3699,0.21511116,79.999979
16.209985,-4958.3233,0.21505386,79.999979
16.219985,-4960.3795,0.21569342,79.999979
16.229985,-4957.7132,0.21679141,79.999979
16.239985,-4958.3865,0.21607388,79.999979
16.249985,-4961.2774,0.21562333,79.999979
16.259984,-4961.2774,0.21560335,79.999979
16.269984,-4960.1543,0.2156071,79.999979
16.279984,-4958.085,0.21508843,79.999979
16.289984,-4957.6994,0.21615383,79.999979
16.299984,-4957.4307,0.2163986,79.999979
16.309984,-4957.258,0.21573205,79.999979
16.319984,-4957.8283,0.21573205,79.999979
16.329984,-4957.0508,0.2149993,79.999979
16.339984,-4958.0822,0.2156089,79.999979
16.349984,-4957.2071,0.2152415,79.999979
16.359984,-4960.3505,0.21577469,79.999979
16.369984,-4957.2351,0.21627014,79.999979
16.379984,-4957.849,0.21600122,79.999979
16.389984,-4960.2218,0.215998,79.999979
16.399984,-4956.9746,0.21647974,79.999979
16.409984,-4957.7378,0.2159146,79.999979
16.419984,-4958.976,0.21559984,79.999979
16.429984,-4959.2667,0.21555591,79.999979
16.439984,-4960.4946,0.21570863,79.999979
16.449984,-4959.4203,0.21555877,79.999979
16.459984,-4957.731,0.21578497,79.999979
16.469984,-4960.4611,0.21625674,79.999979
16.479984,-4960.2754,0.21516853,79.999979
16.489984,-4958.1064,0.21616564,79.999979
16.499984,-4957.4284,0.2156577,79.999979
16.509984,-4957.4284,0.21583948,79.999979
16.519984,-4958.0394,0.21610232,79.999979
16.529984,-4960.3483,0.21588541,79.999979
16.539984,-4960.8374,0.2152889,79.999979
16.549984,-4958.2384,0.21549979,79.999979
16.559984,-4959.8993,0.21573417,79.999979
16.569984,-4959.8993,0.2158191,79.999979
16.579984,-4957.6032,0.21568058,79.999979
16.589984,-4961.2392,0.21558977,79.999979
16.599984,-4960.7212,0.21581285,79.999979
16.609984,-4957.7981,0.21543127,79.999979
16.619984,-4958.3332,0.21693258,79.999979
16.629984,-4957.5628,0.216114,79.999979
16.639984,-4958.0202,0.21582894,79.999979
16.649984,-4957.0852,0.2161717,79.999979
16.659984,-4958.0353,0.21683699,79.999979
16.669984,-4958.0343,0.21537142,79.999979
16.679984,-4957.637,0.21615411,79.999979
16.689984,-4957.3064,0.21629121,79.999979
16.699984,-4957.9606,0.21629121,79.999979
16.709984,-4957.2428,0.21620776,79.999979
16.719984,-4958.1157,0.2168095,79.999979
16.729984,-4957.4828,0.21602008,79.999979
16.739984,-4959.4682,0.21627846,79.999979
16.749984,-4957.1791,0.21605228,79.999979
16.759984,-4957.6863,0.216184,79.999979
16.769984,-4957.9387,0.21605751,79.999979
16.779984,-4959.4915,0.21587752,79.999979
16.789984,-4957.1022,0.21553685,79.999979
16.799984,-4959.2777,0.2155016,79.999979
16.809984,-4957.16,0.21635456,79.999979
16.819984,-4957.7528,0.21626634,79.999979
16.829984,-4958.5592,0.21558539,79.999979
16.839984,-4960.4584,0.21553054,79.999979
16.849984,-4958.1662,0.21601025,79.999979
16.859984,-4960.8888,0.21548435,79.999979
16.869984,-4958.0429,0.21650092,79.999979
16.879984,-4958.8838,0.21632444,79.999979
16.889984,-4959.7247,0.21622516,79.999979
16.899984,-4957.0575,0.21600633,79.999979
16.909984,-4958.5658,0.21583539,79.999979
16.919984,-4961.0142,0.21653139,79.999979
16.929984,-4958.6532,0.21649865,79.999979
16.939984,-4959.7753,0.21628207,79.999979
16.949984,-4960.6801,0.21604578,79.999979
16.959984,-4959.6098,0.2154332,79.999979
16.969984,-4957.2241,0.21612665,79.999979
16.979984,-4957.3032,0.21602752,79.999979
16.989984,-4957.6476,0.21414304,79.999979
16.999984,-4960.4554,0.21503512,79.999979
17.009984,-4960.624,0.2150075,79.999979
17.019984,-4960.6988,0.21476703,79.999979
17.029984,-4957.1208,0.21607964,79.999979
17.039984,-4958.5325,0.21497136,79.999979
17.049984,-4958.1166,0.21643091,79.999979
17.059984,-4960.1201,0.21632404,79.999979
17.069984,-4960.8733,0.21550667,79.999979
17.079984,-4956.8177,0.21667447,79.999979
17.089984,-4957.8724,0.21481537,79.999979
17.099984,-4959.649,0.21598244,79.999979
17.109984,-4957.3302,0.21666526,79.999979
17.119984,-4958.7824,0.2158743,79.999979
17.129984,-4958.7621,0.21643082,79.999979
17.139984,-4956.9804,0.21596529,79.999979
17.149984,-4957.5326,0.21601447,79.999979
17.159984,-4958.3291,0.21626358,79.999979
17.169984,-4957.3514,0.21555861,79.999979
17.179984,-4960.288,0.21517345,79.999979
17.189984,-4960.4891,0.21538178,79.999979
17.199984,-4960.6901,0.21559011,79.999979
17.209984,-4959.6117,0.21579843,79.999979
17.219984,-4957.3189,0.21570138,79.999979
17.229984,-4958.1094,0.21588576,79.999979
17.239984,-4957.7599,0.21487916,79.999979
17.249984,-4960.5732,0.2159613,79.999979
17.259984,-4960.0631,0.21568666,79.999979
17.269984,-4958.9233,0.21559281,79.999979
17.279984,-4957.4559,0.21494189,79.999979
17.289984,-4959.9492,0.21501697,79.999979
17.299984,-4958.1101,0.21617202,79.999979
17.309983,-4959.4966,0.21661682,79.999979
17.319983,-4960.1951,0.21656812,79.999979
17.329983,-4957.5737,0.2168178,79.999979
17.339983,-4959.5101,0.21621666,79.999979
17.349983,-4959.0762,0.21511013,79.999979
17.359983,-4957.9129,0.21553151,79.999979
17.369983,-4958.234,0.21672563,79.999979
17.379983,-4958.234,0.21701105,79.999979
17.389983,-4960.1359,0.21597163,79.999979
17.399983,-4958.8358,0.21590958,79.999979
17.409983,-4958.277,0.21648383,79.999979
17.419983,-4959.431,0.21553548,79.999979
17.429983,-4958.7493,0.215652,79.999979
17.439983,-4957.3905,0.21549164,79.999979
17.449983,-4957.0066,0.21567244,79.999979
17.459983,-4959.9012,0.21564032,79.999979
17.469983,-4958.032,0.21523722,79.999979
17.479983,-4959.9585,0.21662747,79.999979
17.489983,-4957.0979,0.21696807,79.999979
17.499983,-4957.9139,0.21653346,79.999979
17.509983,-4958.1014,0.21509749,79.999979
17.519983,-4957.925,0.21626447,79.999979
17.529983,-4960.447,0.21594028,79.999979
17.539983,-4958.4411,0.21576473,79.999979
17.549983,-4957.1129,0.21516288,79.999979
17.559983,-4959.8531,0.21495133,79.999979
17.569983,-4960.8016,0.21498133,79.999979
17.579983,-4959.5332,0.21527713,79.999979
17.589983,-4957.2641,0.21594418,79.999979
17.599983,-4958.9983,0.21606581,79.999979
17.609983,-4957.1864,0.21559158,79.999979
17.619983,-4959.1026,0.21613902,79.999979
17.629983,-4960.2357,0.21581848,79.999979
17.639983,-4957.7633,0.21536755,79.999979
17.649983,-4957.2436,0.21565164,79.999979
17.659983,-4958.0962,0.21672085,79.999979
17.669983,-4957.417,0.21578614,79.999979
17.679983,-4960.3474,0.21660814,79.999979
17.689983,-4959.7577,0.21536961,79.999979
17.699983,-4958.4507,0.21492832,79.999979
17.709983,-4958.0575,0.21521031,79.999979
17.719983,-4961.0564,0.21506063,79.999979
17.729983,-4956.9063,0.21569096,79.999979
17.739983,-4960.9548,0.21629902,79.999979
17.749983,-4958.3964,0.21622892,79.999979
17.759983,-4959.0777,0.21546386,79.999979
17.769983,-4959.0777,0.21541648,79.999979
17.779983,-4957.9568,0.21555324,79.999979
17.789983,-4960.4959,0.21620781,79.999979
17.799983,-4959.3968,0.21657519,79.999979
17.809983,-4957.3457,0.21545295,79.999979
17.819983,-4958.878,0.21531344,79.999979
17.829983,-4960.0655,0.21522306,79.999979
17.839983,-4957.3951,0.21600434,79.999979
17.849983,-4958.1204,0.21555195,79.999979
17.859983,-4959.8912,0.21572,79.999979
17.869983,-4957.5531,0.21533075,79.999979
17.879983,-4959.8418,0.21544361,79.999979
17.889983,-4960.6268,0.2153113,79.999979
17.899983,-4957.574,0.21535746,79.999979
17.909983,-4956.9436,0.21600021,79.999979
17.919983,-4957.8358,0.21572099,79.999979
17.929983,-4957.06,0.21573934,79.999979
17.939983,-4957.5532,0.21558579,79.999979
17.949983,-4958.0577,0.21544429,79.999979
17.959983,-4960.4023,0.21614901,79.999979
17.969983,-4958.4119,0.2154238,79.999979
17.979983,-4957.911,0.21580891,79.999979
17.989983,-4957.0543,0.21577704,79.999979
17.999983,-4957.8443,0.21569627,79.999979
18.009983,-4957.8443,0.21514607,79.999979
18.019983,-4959.5886,0.21504945,79.999979
18.029983,-4960.0754,0.21601144,79.999979
18.039983,-4957.5697,0.21596405,79.999979
18.049983,-4956.9291,0.21639835,79.999979
18.059983,-4957.4501,0.21561719,79.999979
18.069983,-4957.9574,0.21520575,79.999979
18.079983,-4959.8176,0.21598676,79.999979
18.089983,-4957.2773,0.21654253,79.999979
18.099983,-4957.9527,0.2155901,79.999979
18.109983,-4957.332,0.21471713,79.999979
18.119983,-4960.2342,0.21533496,79.999979
18.129983,-4960.3899,0.21553628,79.999979
18.139983,-4960.3089,0.21560545,79.999979
18.149983,-4958.1998,0.21668098,79.999979
18.159983,-4958.43,0.21508524,79.999979
18.169983,-4958.138,0.21662244,79.999979
18.179983,-4959.7263,0.21423906,79.999979
18.189983,-4960.3811,0.21504072,79.999979
18.199983,-4961.0239,0.21601873,79.999979
18.209983,-4957.8703,0.21595148,79.999979
18.219983,-4958.8031,0.21561376,79.999979
18.229983,-4959.835,0.21647649,79.999979
18.239983,-4958.7965,0.21519797,79.999979
18.249983,-4958.7965,0.21519797,79.999979
18.259983,-4960.5511,0.21513239,79.999979
18.269983,-4957.1854,0.21651814,79.999979
18.279983,-4957.3448,0.21616179,79.999979
18.289983,-4959.2463,0.21566643,79.999979
18.299983,-4958.7167,0.21597081,79.999979
18.309983,-4958.1396,0.21607737,79.999979
18.319983,-4958.1396,0.21607568,79.999979
18.329983,-4957.564,0.2157221,79.999979
18.339983,-4959.8793,0.21562014,79.999979
18.349983,-4960.1743,0.21567161,79.999979
18.359982,-4958.0934,0.21601075,79.999979
18.369982,-4958.7957,0.21634974,79.999979
18.379982,-4957.5536,0.21585069,79.999979
18.389982,-4957.4224,0.21532826,79.999979
18.399982,-4959.0837,0.21620946,79.999979
18.409982,-4960.4412,0.21571453,79.999979
18.419982,-4958.3956,0.21592576,79.999979
18.429982,-4960.4884,0.21586934,79.999979
18.439982,-4960.5256,0.21615171,79.999979
18.449982,-4956.9465,0.21560027,79.999979
18.459982,-4960.3824,0.2162848,79.999979
18.469982,-4960.4558,0.21503706,79.999979
18.479982,-4957.7971,0.21574798,79.999979
18.489982,-4958.4089,0.21599438,79.999979
18.499982,-4957.6189,0.21628171,79.999979
18.509982,-4957.852,0.21563092,79.999979
18.519982,-4961.075,0.21521147,79.999979
18.529982,-4957.1201,0.21509254,79.999979
18.539982,-4957.8527,0.21622769,79.999979
18.549982,-4957.7845,0.21458499,79.999979
18.559982,-4958.1423,0.21588519,79.999979
18.569982,-4958.5897,0.21590292,79.999979
18.579982,-4960.3633,0.21553965,79.999979
18.589982,-4960.2164,0.2152035,79.999979
18.599982,-4957.1818,0.21644834,79.999979
18.609982,-4959.1582,0.21589114,79.999979
18.619982,-4958.2084,0.21593017,79.999979
18.629982,-4959.1933,0.21593017,79.999979
18.639982,-4960.2603,0.21618748,79.999979
18.649982,-4960.2916,0.21576961,79.999979
18.659982,-4957.669,0.21530646,79.999979
18.669982,-4959.3428,0.21478701,79.999979
18.679982,-4959.3076,0.21498565,79.999979
18.689982,-4960.2722,0.21495009,79.999979
18.699982,-4961.0303,0.21480007,79.999979
18.709982,-4959.0476,0.21662491,79.999979
18.719982,-4960.0801,0.21507347,79.999979
18.729982,-4960.515,0.21488822,79.999979
18.739982,-4958.1136,0.21524457,79.999979
18.749982,-4960.5521,0.21601787,79.999979
18.759982,-4960.3845,0.21622177,79.999979
18.769982,-4957.6617,0.21656122,79.999979
18.779982,-4960.1598,0.21563224,79.999979
18.789982,-4960.4413,0.21692962,79.999979
18.799982,-4958.0199,0.21657427,79.999979
18.809982,-4960.2288,0.21644825,79.999979
18.819982,-4960.7984,0.21626031,79.999979
18.829982,-4957.5771,0.2158704,79.999979
18.839982,-4960.2865,0.21574548,79.999979
18.849982,-4960.3587,0.21589304,79.999979
18.859982,-4957.6947,0.21599566,79.999979
18.869982,-4960.1328,0.2164063,79.999979
18.879982,-4959.8109,0.2164063,79.999979
18.889982,-4957.8564,0.21556107,79.999979
18.899982,-4957.7833,0.21615276,79.999979
18.909982,-4960.0118,0.21649532,79.999979
18.919982,-4957.8741,0.21566779,79.999979
18.929982,-4960.4716,0.21485913,79.999979
18.939982,-4959.0286,0.21565588,79.999979
18.949982,-4957.5828,0.21641512,79.999979
18.959982,-4960.6698,0.21547223,79.999979
18.969982,-4957.6025,0.21549608,79.999979
18.979982,-4957.4147,0.21550398,79.999979
