host_timestamp_s,monotonic_s,position_mm
1784159168.701629,69047.843000,79.999979
1784159168.721965,69047.875000,79.999979
1784159168.761300,69047.906000,79.999979
1784159168.786945,69047.937000,79.999979
1784159168.807460,69047.953000,79.999979
1784159168.828242,69047.968000,79.999979
1784159168.849028,69048.000000,79.999979
1784159168.869296,69048.015000,79.999979
1784159168.889621,69048.031000,79.999979
1784159168.913679,69048.062000,79.999979
1784159168.933850,69048.078000,79.999979
1784159168.954634,69048.109000,79.999979
1784159168.975041,69048.125000,79.999979
1784159168.995358,69048.140000,79.999979
1784159169.015809,69048.156000,79.999979
1784159169.036058,69048.187000,79.999979
1784159169.056319,69048.203000,79.999979
1784159169.076754,69048.218000,79.999979
1784159169.096915,69048.250000,79.999979
1784159169.117017,69048.265000,79.999979
1784159169.137185,69048.281000,79.999979
1784159169.157403,69048.312000,79.999979
1784159169.177845,69048.328000,79.999979
1784159169.198309,69048.343000,79.999979
1784159169.219417,69048.359000,79.999979
1784159169.240760,69048.390000,79.999979
1784159169.260930,69048.406000,79.999979
1784159169.281233,69048.421000,79.999979
1784159169.302271,69048.453000,79.999979
1784159169.322853,69048.468000,79.999979
1784159169.343295,69048.484000,79.999979
1784159169.363513,69048.515000,79.999979
1784159169.383546,69048.531000,79.999979
1784159169.403986,69048.546000,79.999979
1784159169.424783,69048.578000,79.999979
1784159169.445007,69048.593000,79.999979
1784159169.465142,69048.609000,79.999979
1784159169.485379,69048.640000,79.999979
1784159169.505419,69048.656000,79.999979
1784159169.525557,69048.671000,79.999979
1784159169.546169,69048.687000,79.999979
1784159169.566258,69048.718000,79.999979
1784159169.586636,69048.734000,79.999979
1784159169.607699,69048.750000,79.999979
1784159169.627956,69048.781000,79.999979
1784159169.649795,69048.796000,79.999979
1784159169.670812,69048.812000,79.999979
1784159169.691240,69048.843000,79.999979
1784159169.712771,69048.859000,79.999979
1784159169.733326,69048.875000,79.999979
1784159169.753493,69048.906000,79.999979
1784159169.773534,69048.921000,79.999979
1784159169.794233,69048.937000,79.999979
1784159169.814315,69048.968000,79.999979
1784159169.835119,69048.984000,79.999979
1784159169.855659,69049.000000,79.999979
1784159169.875900,69049.015000,79.999979
1784159169.902513,69049.046000,79.999979
1784159169.922932,69049.078000,79.999979
1784159169.943466,69049.093000,79.999979
1784159169.963847,69049.109000,79.999979
1784159169.984377,69049.125000,79.999979
1784159170.004513,69049.156000,79.999979
1784159170.025014,69049.171000,79.999979
1784159170.045401,69049.187000,79.999979
1784159170.065656,69049.218000,79.999979
1784159170.088708,69049.234000,79.999979
1784159170.109451,69049.250000,79.999979
1784159170.129933,69049.281000,79.999979
1784159170.153493,69049.296000,79.999979
1784159170.174732,69049.328000,79.999979
1784159170.194856,69049.343000,79.999979
1784159170.215236,69049.359000,79.999979
1784159170.235751,69049.390000,79.999979
1784159170.256876,69049.406000,79.999979
1784159170.277549,69049.421000,79.999979
1784159170.297879,69049.453000,79.999979
1784159170.317959,69049.468000,79.999979
1784159170.339519,69049.484000,79.999979
1784159170.360178,69049.500000,79.999979
1784159170.383039,69049.531000,79.999979
1784159170.403567,69049.546000,79.999979
1784159170.424033,69049.578000,79.999979
1784159170.444075,69049.593000,79.999979
1784159170.464193,69049.609000,79.999979
1784159170.485205,69049.625000,79.999979
1784159170.505544,69049.656000,79.999979
1784159170.525598,69049.671000,79.999979
1784159170.545985,69049.687000,79.999979
1784159170.566231,69049.718000,79.999979
1784159170.587513,69049.734000,79.999979
1784159170.608194,69049.750000,79.999979
1784159170.628582,69049.781000,79.999979
1784159170.648695,69049.796000,79.999979
1784159170.669592,69049.812000,79.999979
1784159170.689968,69049.843000,79.999979
1784159170.710274,69049.859000,79.999979
1784159170.731144,69049.875000,79.999979
1784159170.751585,69049.906000,79.999979
1784159170.773424,69049.921000,79.999979
1784159170.794008,69049.937000,79.999979
1784159170.814370,69049.968000,79.999979
1784159170.837363,69049.984000,79.999979
1784159170.857787,69050.000000,79.999979
1784159170.878081,69050.031000,79.999979
1784159170.900391,69050.046000,79.999979
1784159170.921127,69050.062000,79.999979
1784159170.941279,69050.093000,79.999979
1784159170.963399,69050.109000,79.999979
1784159170.984203,69050.125000,79.999979
1784159171.004262,69050.156000,79.999979
1784159171.025532,69050.171000,79.999979
1784159171.045807,69050.187000,79.999979
1784159171.066143,69050.218000,79.999979
1784159171.088294,69050.234000,79.999979
1784159171.108616,69050.250000,79.999979
1784159171.128807,69050.281000,79.999979
1784159171.149513,69050.296000,79.999979
1784159171.169893,69050.312000,79.999979
1784159171.190071,69050.343000,79.999979
1784159171.211150,69050.359000,79.999979
1784159171.231740,69050.375000,79.999979
1784159171.252165,69050.406000,79.999979
1784159171.273571,69050.421000,79.999979
1784159171.294088,69050.437000,79.999979
1784159171.314571,69050.468000,79.999979
1784159171.334880,69050.484000,79.999979
1784159171.355210,69050.500000,79.999979
1784159171.375523,69050.515000,79.999979
1784159171.398081,69050.546000,79.999979
1784159171.419440,69050.562000,79.999979
1784159171.439783,69050.593000,79.999979
1784159171.460781,69050.609000,79.999979
1784159171.481066,69050.625000,79.999979
1784159171.501193,69050.656000,79.999979
1784159171.524678,69050.671000,79.999979
1784159171.545262,69050.687000,79.999979
1784159171.565709,69050.718000,79.999979
1784159171.586044,69050.734000,79.999979
1784159171.606673,69050.750000,79.999979
1784159171.627210,69050.781000,79.999979
1784159171.648552,69050.796000,79.999979
1784159171.669293,69050.812000,79.999979
1784159171.689357,69050.843000,79.999979
1784159171.709627,69050.859000,79.999979
1784159171.730196,69050.875000,79.999979
1784159171.750377,69050.890000,79.999979
1784159171.770868,69050.921000,79.999979
1784159171.791272,69050.937000,79.999979
1784159171.811474,69050.953000,79.999979
1784159171.831815,69050.984000,79.999979
1784159171.852463,69051.000000,79.999979
1784159171.872538,69051.015000,79.999979
1784159171.894554,69051.046000,79.999979
1784159171.915023,69051.062000,79.999979
1784159171.935530,69051.078000,79.999979
1784159171.956515,69051.109000,79.999979
1784159171.977364,69051.125000,79.999979
1784159171.997428,69051.140000,79.999979
1784159172.017524,69051.171000,79.999979
1784159172.038175,69051.187000,79.999979
1784159172.058600,69051.203000,79.999979
1784159172.079286,69051.234000,79.999979
1784159172.100399,69051.250000,79.999979
1784159172.120559,69051.265000,79.999979
1784159172.140728,69051.281000,79.999979
1784159172.161194,69051.312000,79.999979
1784159172.181630,69051.328000,79.999979
1784159172.205101,69051.359000,79.999979
1784159172.225496,69051.375000,79.999979
1784159172.245765,69051.390000,79.999979
1784159172.272588,69051.421000,79.999979
1784159172.293374,69051.437000,79.999979
1784159172.313442,69051.453000,79.999979
1784159172.333943,69051.484000,79.999979
1784159172.354464,69051.500000,79.999979
1784159172.374933,69051.515000,79.999979
1784159172.395971,69051.546000,79.999979
1784159172.416748,69051.562000,79.999979
1784159172.437170,69051.578000,79.999979
1784159172.457600,69051.609000,79.999979
1784159172.478108,69051.625000,79.999979
1784159172.498494,69051.640000,79.999979
1784159172.519181,69051.671000,79.999979
1784159172.540173,69051.687000,79.999979
1784159172.560317,69051.703000,79.999979
1784159172.580806,69051.734000,79.999979
1784159172.601734,69051.750000,79.999979
1784159172.622333,69051.765000,79.999979
1784159172.643087,69051.796000,79.999979
1784159172.663830,69051.812000,79.999979
1784159172.684006,69051.828000,79.999979
1784159172.704316,69051.859000,79.999979
1784159172.725540,69051.875000,79.999979
1784159172.745776,69051.890000,79.999979
1784159172.765869,69051.906000,79.999979
1784159172.786113,69051.937000,79.999979
1784159172.806422,69051.953000,79.999979
1784159172.826739,69051.968000,79.999979
1784159172.847404,69052.000000,79.999979
1784159172.868972,69052.015000,79.999979
1784159172.889053,69052.031000,79.999979
1784159172.909954,69052.062000,79.999979
1784159172.930457,69052.078000,79.999979
1784159172.950515,69052.093000,79.999979
1784159172.973042,69052.125000,79.999979
1784159172.993946,69052.140000,79.999979
1784159173.014030,69052.156000,79.999979
1784159173.034108,69052.187000,79.999979
1784159173.054661,69052.203000,79.999979
1784159173.074741,69052.218000,79.999979
1784159173.095135,69052.250000,79.999979
1784159173.115629,69052.265000,79.999979
1784159173.135676,69052.281000,79.999979
1784159173.156907,69052.296000,79.999979
1784159173.177100,69052.328000,79.999979
1784159173.197411,69052.343000,79.999979
1784159173.217908,69052.359000,79.999979
1784159173.238368,69052.390000,79.999979
1784159173.258684,69052.406000,79.999979
1784159173.279131,69052.421000,79.999979
1784159173.299660,69052.453000,79.999979
1784159173.320447,69052.468000,79.999979
1784159173.340624,69052.484000,79.999979
1784159173.360820,69052.515000,79.999979
1784159173.382182,69052.531000,79.999979
1784159173.402704,69052.546000,79.999979
1784159173.422904,69052.578000,79.999979
1784159173.443999,69052.593000,79.999979
1784159173.464789,69052.609000,79.999979
1784159173.484975,69052.625000,79.999979
1784159173.506111,69052.656000,79.999979
1784159173.526577,69052.671000,79.999979
1784159173.546934,69052.687000,79.999979
1784159173.567606,69052.718000,79.999979
1784159173.591195,69052.734000,79.999979
1784159173.612220,69052.765000,79.999979
1784159173.636766,69052.781000,79.999979
1784159173.658424,69052.812000,79.999979
1784159173.678891,69052.828000,79.999979
1784159173.699188,69052.843000,79.999979
1784159173.721326,69052.875000,79.999979
1784159173.742205,69052.890000,79.999979
1784159173.762682,69052.906000,79.999979
1784159173.785371,69052.937000,79.999979
1784159173.806017,69052.953000,79.999979
1784159173.830942,69052.984000,79.999979
1784159173.851311,69053.000000,79.999979
1784159173.871622,69053.015000,79.999979
1784159173.891909,69053.046000,79.999979
1784159173.913603,69053.062000,79.999979
1784159173.934357,69053.078000,79.999979
1784159173.954395,69053.109000,79.999979
1784159173.974871,69053.125000,79.999979
1784159173.995403,69053.140000,79.999979
1784159174.015534,69053.156000,79.999979
1784159174.036516,69053.187000,79.999979
1784159174.057073,69053.203000,79.999979
1784159174.077195,69053.218000,79.999979
1784159174.097434,69053.250000,79.999979
1784159174.118135,69053.265000,79.999979
1784159174.138388,69053.281000,79.999979
1784159174.159086,69053.312000,79.999979
1784159174.183086,69053.328000,79.999979
1784159174.203193,69053.343000,79.999979
1784159174.225469,69053.375000,79.999979
1784159174.246328,69053.390000,79.999979
1784159174.266562,69053.406000,79.999979
1784159174.286887,69053.437000,79.999979
1784159174.307304,69053.453000,79.999979
1784159174.328208,69053.468000,79.999979
1784159174.348366,69053.500000,79.999979
1784159174.368775,69053.515000,79.999979
1784159174.389303,69053.531000,79.999979
1784159174.409785,69053.562000,79.999979
1784159174.430403,69053.578000,79.999979
1784159174.450828,69053.593000,79.999979
1784159174.471286,69053.625000,79.999979
1784159174.491592,69053.640000,79.999979
1784159174.511928,69053.656000,79.999979
1784159174.532760,69053.687000,79.999979
1784159174.553177,69053.703000,79.999979
1784159174.573497,69053.718000,79.999979
1784159174.593812,69053.734000,79.999979
1784159174.614520,69053.765000,79.999979
1784159174.634656,69053.781000,79.999979
1784159174.655745,69053.796000,79.999979
1784159174.676528,69053.828000,79.999979
1784159174.696594,69053.843000,79.999979
1784159174.717167,69053.859000,79.999979
1784159174.738104,69053.890000,79.999979
1784159174.759034,69053.906000,79.999979
1784159174.779967,69053.921000,79.999979
1784159174.800683,69053.953000,79.999979
1784159174.821161,69053.968000,79.999979
1784159174.841277,69053.984000,79.999979
1784159174.861860,69054.015000,79.999979
1784159174.881973,69054.031000,79.999979
1784159174.902354,69054.046000,79.999979
1784159174.922719,69054.062000,79.999979
1784159174.942881,69054.093000,79.999979
1784159174.963713,69054.109000,79.999979
1784159174.984435,69054.125000,79.999979
1784159175.004978,69054.156000,79.999979
1784159175.025479,69054.171000,79.999979
1784159175.045780,69054.187000,79.999979
1784159175.065960,69054.218000,79.999979
1784159175.087693,69054.234000,79.999979
1784159175.107963,69054.250000,79.999979
1784159175.128213,69054.281000,79.999979
1784159175.148592,69054.296000,79.999979
1784159175.169993,69054.312000,79.999979
1784159175.190485,69054.343000,79.999979
1784159175.211005,69054.359000,79.999979
1784159175.236238,69054.390000,79.999979
1784159175.256647,69054.406000,79.999979
1784159175.277089,69054.421000,79.999979
1784159175.297557,69054.437000,79.999979
1784159175.317724,69054.468000,79.999979
1784159175.345988,69054.500000,79.999979
1784159175.366629,69054.515000,79.999979
1784159175.387060,69054.531000,79.999979
1784159175.407768,69054.562000,79.999979
1784159175.428722,69054.578000,79.999979
1784159175.448912,69054.593000,79.999979
1784159175.469262,69054.609000,79.999979
1784159175.489885,69054.640000,79.999979
1784159175.509990,69054.656000,79.999979
1784159175.530421,69054.671000,79.999979
1784159175.551019,69054.703000,79.999979
1784159175.571352,69054.718000,79.999979
1784159175.600734,69054.750000,79.999979
1784159175.621353,69054.765000,79.999979
1784159175.641436,69054.781000,79.999979
1784159175.669514,69054.812000,79.999979
1784159175.690964,69054.843000,79.999979
1784159175.711142,69054.859000,79.999979
1784159175.731408,69054.875000,79.999979
1784159175.751888,69054.906000,79.999979
1784159175.772514,69054.921000,79.999979
1784159175.793098,69054.937000,79.999979
1784159175.813563,69054.968000,79.999979
1784159175.834005,69054.984000,79.999979
1784159175.854255,69055.000000,79.999979
1784159175.874417,69055.015000,79.999979
1784159175.894825,69055.046000,79.999979
1784159175.915891,69055.062000,79.999979
1784159175.936190,69055.078000,79.999979
1784159175.956629,69055.109000,79.999979
1784159175.979762,69055.125000,79.999979
1784159176.000481,69055.140000,79.999979
1784159176.020786,69055.171000,79.999979
1784159176.042759,69055.187000,79.999979
1784159176.063311,69055.203000,79.999979
1784159176.083622,69055.234000,79.999979
1784159176.103847,69055.250000,79.999979
1784159176.124103,69055.265000,79.999979
1784159176.144202,69055.296000,79.999979
1784159176.164439,69055.312000,79.999979
1784159176.184774,69055.328000,79.999979
1784159176.204915,69055.359000,79.999979
1784159176.225451,69055.375000,79.999979
1784159176.246340,69055.390000,79.999979
1784159176.266583,69055.406000,79.999979
1784159176.287115,69055.437000,79.999979
1784159176.307692,69055.453000,79.999979
1784159176.328044,69055.468000,79.999979
1784159176.348805,69055.500000,79.999979
1784159176.369472,69055.515000,79.999979
1784159176.389955,69055.531000,79.999979
1784159176.411255,69055.562000,79.999979
1784159176.432637,69055.578000,79.999979
1784159176.452682,69055.593000,79.999979
1784159176.473679,69055.625000,79.999979
1784159176.494750,69055.640000,79.999979
1784159176.515213,69055.656000,79.999979
1784159176.537879,69055.687000,79.999979
1784159176.558981,69055.703000,79.999979
1784159176.579777,69055.734000,79.999979
1784159176.600054,69055.750000,79.999979
1784159176.620376,69055.765000,79.999979
1784159176.640979,69055.781000,79.999979
1784159176.661317,69055.812000,79.999979
1784159176.681700,69055.828000,79.999979
1784159176.701925,69055.843000,79.999979
1784159176.722058,69055.875000,79.999979
1784159176.743502,69055.890000,79.999979
1784159176.763944,69055.906000,79.999979
1784159176.784160,69055.937000,79.999979
1784159176.804743,69055.953000,79.999979
1784159176.824932,69055.968000,79.999979
1784159176.845667,69056.000000,79.999979
1784159176.869237,69056.015000,79.999979
1784159176.889667,69056.031000,79.999979
1784159176.910983,69056.062000,79.999979
1784159176.931163,69056.078000,79.999979
1784159176.951446,69056.093000,79.999979
1784159176.977720,69056.125000,79.999979
1784159176.999043,69056.140000,79.999979
1784159177.019438,69056.171000,79.999979
1784159177.043134,69056.187000,79.999979
1784159177.063830,69056.218000,79.999979
1784159177.084397,69056.234000,79.999979
1784159177.104783,69056.250000,79.999979
1784159177.125098,69056.265000,79.999979
1784159177.147796,69056.296000,79.999979
1784159177.175485,69056.328000,79.999979
1784159177.195969,69056.343000,79.999979
1784159177.217305,69056.359000,79.999979
1784159177.239290,69056.390000,79.999979
1784159177.259972,69056.406000,79.999979
1784159177.280517,69056.421000,79.999979
1784159177.303844,69056.453000,79.999979
1784159177.324962,69056.468000,79.999979
1784159177.345274,69056.500000,79.999979
1784159177.365491,69056.515000,79.999979
1784159177.385530,69056.531000,79.999979
1784159177.406007,69056.546000,79.999979
1784159177.426994,69056.578000,79.999979
1784159177.447448,69056.593000,79.999979
1784159177.467532,69056.609000,79.999979
1784159177.488279,69056.640000,79.999979
1784159177.508504,69056.656000,79.999979
1784159177.529152,69056.671000,79.999979
1784159177.550213,69056.703000,79.999979
1784159177.570351,69056.718000,79.999979
1784159177.591882,69056.734000,79.999979
1784159177.612211,69056.765000,79.999979
1784159177.632622,69056.781000,79.999979
1784159177.652741,69056.796000,79.999979
1784159177.673897,69056.828000,79.999979
1784159177.694250,69056.843000,79.999979
1784159177.714514,69056.859000,79.999979
1784159177.734672,69056.875000,79.999979
1784159177.755090,69056.906000,79.999979
1784159177.775964,69056.921000,79.999979
1784159177.796546,69056.937000,79.999979
1784159177.817690,69056.968000,79.999979
1784159177.839457,69056.984000,79.999979
1784159177.860437,69057.015000,79.999979
1784159177.881019,69057.031000,79.999979
1784159177.901983,69057.046000,79.999979
1784159177.922416,69057.062000,79.999979
1784159177.942988,69057.093000,79.999979
1784159177.963670,69057.109000,79.999979
1784159177.984050,69057.125000,79.999979
1784159178.004513,69057.156000,79.999979
1784159178.024692,69057.171000,79.999979
1784159178.045112,69057.187000,79.999979
1784159178.065410,69057.218000,79.999979
1784159178.085770,69057.234000,79.999979
1784159178.106572,69057.250000,79.999979
1784159178.126661,69057.281000,79.999979
1784159178.148129,69057.296000,79.999979
1784159178.170436,69057.312000,79.999979
1784159178.191276,69057.343000,79.999979
1784159178.211569,69057.359000,79.999979
1784159178.231841,69057.375000,79.999979
1784159178.252226,69057.406000,79.999979
1784159178.272510,69057.421000,79.999979
1784159178.295624,69057.437000,79.999979
1784159178.315919,69057.468000,79.999979
1784159178.336952,69057.484000,79.999979
1784159178.357886,69057.500000,79.999979
1784159178.378162,69057.531000,79.999979
1784159178.398932,69057.546000,79.999979
1784159178.419390,69057.562000,79.999979
1784159178.439723,69057.593000,79.999979
1784159178.460143,69057.609000,79.999979
1784159178.481480,69057.625000,79.999979
1784159178.502397,69057.656000,79.999979
1784159178.522856,69057.671000,79.999979
1784159178.543914,69057.687000,79.999979
1784159178.564127,69057.718000,79.999979
1784159178.605586,69057.750000,79.999979
1784159178.625908,69057.765000,79.999979
1784159178.646204,69057.796000,79.999979
1784159178.669179,69057.812000,79.999979
1784159178.689742,69057.843000,79.999979
1784159178.709846,69057.859000,79.999979
1784159178.731376,69057.875000,79.999979
1784159178.751791,69057.906000,79.999979
1784159178.772296,69057.921000,79.999979
1784159178.795080,69057.937000,79.999979
1784159178.815365,69057.968000,79.999979
1784159178.835548,69057.984000,79.999979
1784159178.857354,69058.000000,79.999979
1784159178.878113,69058.031000,79.999979
1784159178.898433,69058.046000,79.999979
1784159178.921071,69058.062000,79.999979
1784159178.941163,69058.093000,79.999979
1784159178.961494,69058.109000,79.999979
1784159178.986468,69058.140000,79.999979
1784159179.007340,69058.156000,79.999979
1784159179.027491,69058.171000,79.999979
1784159179.047905,69058.203000,79.999979
1784159179.068260,69058.218000,79.999979
1784159179.088505,69058.234000,79.999979
1784159179.109401,69058.250000,79.999979
1784159179.130039,69058.281000,79.999979
1784159179.150341,69058.296000,79.999979
1784159179.170931,69058.312000,79.999979
1784159179.191254,69058.343000,79.999979
1784159179.211531,69058.359000,79.999979
1784159179.232767,69058.375000,79.999979
1784159179.253083,69058.406000,79.999979
1784159179.273498,69058.421000,79.999979
1784159179.295278,69058.437000,79.999979
1784159179.315789,69058.468000,79.999979
1784159179.336232,69058.484000,79.999979
1784159179.356903,69058.500000,79.999979
1784159179.377783,69058.531000,79.999979
1784159179.398069,69058.546000,79.999979
1784159179.419530,69058.562000,79.999979
1784159179.440351,69058.593000,79.999979
1784159179.461234,69058.609000,79.999979
1784159179.481966,69058.625000,79.999979
1784159179.502410,69058.656000,79.999979
1784159179.527903,69058.671000,79.999979
1784159179.552263,69058.703000,79.999979
1784159179.573040,69058.718000,79.999979
1784159179.593115,69058.734000,79.999979
1784159179.613412,69058.765000,79.999979
1784159179.633782,69058.781000,79.999979
1784159179.661153,69058.812000,79.999979
1784159179.681693,69058.828000,79.999979
1784159179.702271,69058.843000,79.999979
1784159179.725989,69058.875000,79.999979
1784159179.746111,69058.890000,79.999979
1784159179.766463,69058.906000,79.999979
1784159179.790648,69058.937000,79.999979
1784159179.811172,69058.953000,79.999979
1784159179.832629,69058.984000,79.999979
1784159179.854532,69059.000000,79.999979
1784159179.874807,69059.015000,79.999979
1784159179.915299,69059.062000,79.999979
1784159179.936266,69059.078000,79.999979
1784159179.956814,69059.109000,79.999979
1784159179.976917,69059.125000,79.999979
1784159179.997138,69059.140000,79.999979
1784159180.017486,69059.171000,79.999979
1784159180.037548,69059.187000,79.999979
1784159180.058346,69059.203000,79.999979
1784159180.078792,69059.218000,79.999979
1784159180.101418,69059.250000,79.999979
1784159180.121928,69059.265000,79.999979
1784159180.142082,69059.296000,79.999979
1784159180.162695,69059.312000,79.999979
1784159180.184113,69059.328000,79.999979
1784159180.204497,69059.359000,79.999979
1784159180.224573,69059.375000,79.999979
1784159180.248085,69059.390000,79.999979
1784159180.268502,69059.421000,79.999979
1784159180.288865,69059.437000,79.999979
1784159180.309173,69059.453000,79.999979
1784159180.329760,69059.484000,79.999979
1784159180.351300,69059.500000,79.999979
1784159180.372408,69059.515000,79.999979
1784159180.392904,69059.546000,79.999979
1784159180.413096,69059.562000,79.999979
1784159180.437758,69059.578000,79.999979
1784159180.458193,69059.609000,79.999979
1784159180.478402,69059.625000,79.999979
1784159180.498897,69059.640000,79.999979
1784159180.519477,69059.671000,79.999979
1784159180.542160,69059.687000,79.999979
1784159180.562799,69059.703000,79.999979
1784159180.582981,69059.734000,79.999979
1784159180.603418,69059.750000,79.999979
1784159180.624038,69059.765000,79.999979
1784159180.644442,69059.796000,79.999979
1784159180.664946,69059.812000,79.999979
1784159180.686340,69059.828000,79.999979
1784159180.707978,69059.859000,79.999979
1784159180.729384,69059.875000,79.999979
1784159180.750974,69059.890000,79.999979
1784159180.771312,69059.921000,79.999979
1784159180.791841,69059.937000,79.999979
1784159180.812457,69059.953000,79.999979
1784159180.833159,69059.984000,79.999979
1784159180.854314,69060.000000,79.999979
1784159180.874842,69060.015000,79.999979
1784159180.895031,69060.046000,79.999979
1784159180.919006,69060.062000,79.999979
1784159180.939932,69060.093000,79.999979
1784159180.960195,69060.109000,79.999979
1784159180.986823,69060.140000,79.999979
1784159181.007712,69060.156000,79.999979
1784159181.028261,69060.171000,79.999979
1784159181.049400,69060.203000,79.999979
1784159181.069992,69060.218000,79.999979
1784159181.090866,69060.234000,79.999979
1784159181.113831,69060.265000,79.999979
1784159181.134946,69060.281000,79.999979
1784159181.155401,69060.296000,79.999979
1784159181.175837,69060.328000,79.999979
1784159181.196019,69060.343000,79.999979
1784159181.216819,69060.359000,79.999979
1784159181.237178,69060.390000,79.999979
1784159181.257548,69060.406000,79.999979
1784159181.277801,69060.421000,79.999979
1784159181.298740,69060.453000,79.999979
1784159181.319290,69060.468000,79.999979
1784159181.340191,69060.484000,79.999979
1784159181.362599,69060.515000,79.999979
1784159181.382773,69060.531000,79.999979
1784159181.409130,69060.562000,79.999979
1784159181.429693,69060.578000,79.999979
1784159181.449983,69060.593000,79.999979
1784159181.473145,69060.625000,79.999979
1784159181.493956,69060.640000,79.999979
1784159181.514087,69060.656000,79.999979
1784159181.536674,69060.687000,79.999979
1784159181.557211,69060.703000,79.999979
1784159181.577475,69060.718000,79.999979
1784159181.601745,69060.750000,79.999979
1784159181.622326,69060.765000,79.999979
1784159181.642462,69060.796000,79.999979
1784159181.664674,69060.812000,79.999979
1784159181.685109,69060.828000,79.999979
1784159181.709620,69060.859000,79.999979
1784159181.730114,69060.875000,79.999979
1784159181.751134,69060.906000,79.999979
1784159181.771464,69060.921000,79.999979
1784159181.793751,69060.937000,79.999979
1784159181.814234,69060.968000,79.999979
1784159181.834683,69060.984000,79.999979
1784159181.856976,69061.000000,79.999979
1784159181.877957,69061.031000,79.999979
1784159181.898448,69061.046000,79.999979
1784159181.918719,69061.062000,79.999979
1784159181.938795,69061.093000,79.999979
1784159181.958856,69061.109000,79.999979
1784159181.984163,69061.125000,79.999979
1784159182.005284,69061.156000,79.999979
1784159182.025441,69061.171000,79.999979
1784159182.046304,69061.187000,79.999979
1784159182.066717,69061.218000,79.999979
1784159182.086963,69061.234000,79.999979
1784159182.107042,69061.250000,79.999979
1784159182.127478,69061.281000,79.999979
1784159182.147784,69061.296000,79.999979
1784159182.168004,69061.312000,79.999979
1784159182.188465,69061.328000,79.999979
1784159182.208784,69061.359000,79.999979
1784159182.229029,69061.375000,79.999979
1784159182.252073,69061.406000,79.999979
1784159182.272176,69061.421000,79.999979
1784159182.292602,69061.437000,79.999979
1784159182.312765,69061.453000,79.999979
1784159182.332958,69061.484000,79.999979
1784159182.355002,69061.500000,79.999979
1784159182.375735,69061.515000,79.999979
1784159182.395977,69061.546000,79.999979
1784159182.416772,69061.562000,79.999979
1784159182.437016,69061.578000,79.999979
1784159182.457290,69061.609000,79.999979
1784159182.482073,69061.625000,79.999979
1784159182.502760,69061.656000,79.999979
1784159182.522965,69061.671000,79.999979
1784159182.543139,69061.687000,79.999979
1784159182.563656,69061.718000,79.999979
1784159182.583743,69061.734000,79.999979
1784159182.604580,69061.750000,79.999979
1784159182.624664,69061.765000,79.999979
1784159182.645215,69061.796000,79.999979
1784159182.667775,69061.812000,79.999979
1784159182.687932,69061.828000,79.999979
1784159182.708285,69061.859000,79.999979
1784159182.733866,69061.875000,79.999979
1784159182.754447,69061.906000,79.999979
1784159182.774728,69061.921000,79.999979
1784159182.796733,69061.937000,79.999979
1784159182.816989,69061.968000,79.999979
1784159182.839816,69061.984000,79.999979
1784159182.860517,69062.015000,79.999979
1784159182.880784,69062.031000,79.999979
1784159182.902266,69062.046000,79.999979
1784159182.923021,69062.078000,79.999979
1784159182.943643,69062.093000,79.999979
1784159182.966162,69062.109000,79.999979
1784159182.988192,69062.140000,79.999979
1784159183.008570,69062.156000,79.999979
1784159183.029721,69062.171000,79.999979
1784159183.051117,69062.203000,79.999979
1784159183.071756,69062.218000,79.999979
1784159183.092195,69062.234000,79.999979
1784159183.117991,69062.265000,79.999979
1784159183.139158,69062.281000,79.999979
1784159183.161917,69062.312000,79.999979
1784159183.182484,69062.328000,79.999979
1784159183.202526,69062.343000,79.999979
1784159183.224045,69062.375000,79.999979
1784159183.244298,69062.390000,79.999979
1784159183.264808,69062.406000,79.999979
1784159183.286815,69062.437000,79.999979
1784159183.307772,69062.453000,79.999979
1784159183.328229,69062.468000,79.999979
1784159183.349911,69062.500000,79.999979
1784159183.371226,69062.515000,79.999979
1784159183.391661,69062.546000,79.999979
1784159183.415541,69062.562000,79.999979
1784159183.436544,69062.578000,79.999979
1784159183.456626,69062.609000,79.999979
1784159183.478988,69062.625000,79.999979
1784159183.499538,69062.640000,79.999979
1784159183.519957,69062.671000,79.999979
1784159183.540170,69062.687000,79.999979
1784159183.560489,69062.703000,79.999979
1784159183.580672,69062.734000,79.999979
1784159183.601091,69062.750000,79.999979
1784159183.621696,69062.765000,79.999979
1784159183.642168,69062.796000,79.999979
1784159183.662229,69062.812000,79.999979
1784159183.682816,69062.828000,79.999979
1784159183.703212,69062.843000,79.999979
1784159183.723288,69062.875000,79.999979
1784159183.743590,69062.890000,79.999979
1784159183.764411,69062.906000,79.999979
1784159183.785041,69062.937000,79.999979
1784159183.805964,69062.953000,79.999979
1784159183.826289,69062.968000,79.999979
1784159183.849153,69063.000000,79.999979
1784159183.869829,69063.015000,79.999979
1784159183.889927,69063.031000,79.999979
1784159183.911287,69063.062000,79.999979
1784159183.932019,69063.078000,79.999979
1784159183.952353,69063.093000,79.999979
1784159183.972749,69063.125000,79.999979
1784159183.992946,69063.140000,79.999979
1784159184.013003,69063.156000,79.999979
1784159184.033600,69063.187000,79.999979
1784159184.054499,69063.203000,79.999979
1784159184.074728,69063.218000,79.999979
1784159184.097024,69063.250000,79.999979
1784159184.117304,69063.265000,79.999979
1784159184.137587,69063.281000,79.999979
1784159184.157635,69063.312000,79.999979
1784159184.180137,69063.328000,79.999979
1784159184.200620,69063.343000,79.999979
1784159184.222172,69063.375000,79.999979
1784159184.244149,69063.390000,79.999979
1784159184.265118,69063.406000,79.999979
1784159184.285189,69063.437000,79.999979
1784159184.309294,69063.453000,79.999979
1784159184.330272,69063.484000,79.999979
1784159184.351139,69063.500000,79.999979
1784159184.372265,69063.515000,79.999979
1784159184.393501,69063.546000,79.999979
1784159184.414747,69063.562000,79.999979
1784159184.435673,69063.578000,79.999979
1784159184.455730,69063.609000,79.999979
1784159184.476483,69063.625000,79.999979
1784159184.497164,69063.640000,79.999979
1784159184.518640,69063.671000,79.999979
1784159184.541786,69063.687000,79.999979
1784159184.562762,69063.703000,79.999979
1784159184.582797,69063.734000,79.999979
1784159184.603062,69063.750000,79.999979
1784159184.623918,69063.765000,79.999979
1784159184.644567,69063.796000,79.999979
1784159184.666823,69063.812000,79.999979
1784159184.687316,69063.828000,79.999979
1784159184.707457,69063.859000,79.999979
1784159184.730083,69063.875000,79.999979
1784159184.750995,69063.906000,79.999979
1784159184.771294,69063.921000,79.999979
1784159184.792862,69063.937000,79.999979
1784159184.813833,69063.968000,79.999979
1784159184.834304,69063.984000,79.999979
1784159184.854697,69064.000000,79.999979
1784159184.875675,69064.015000,79.999979
1784159184.895894,69064.046000,79.999979
1784159184.916432,69064.062000,79.999979
1784159184.937128,69064.078000,79.999979
1784159184.957254,69064.109000,79.999979
1784159184.980302,69064.125000,79.999979
1784159185.000817,69064.140000,79.999979
1784159185.021008,69064.171000,79.999979
1784159185.041845,69064.187000,79.999979
1784159185.062365,69064.203000,79.999979
1784159185.082420,69064.234000,79.999979
1784159185.104310,69064.250000,79.999979
1784159185.124841,69064.265000,79.999979
1784159185.145084,69064.296000,79.999979
1784159185.165153,69064.312000,79.999979
1784159185.185485,69064.328000,79.999979
1784159185.205550,69064.359000,79.999979
1784159185.227610,69064.375000,79.999979
1784159185.247741,69064.390000,79.999979
1784159185.268230,69064.421000,79.999979
1784159185.288971,69064.437000,79.999979
1784159185.309705,69064.453000,79.999979
1784159185.329994,69064.484000,79.999979
1784159185.350324,69064.500000,79.999979
1784159185.371121,69064.515000,79.999979
1784159185.391225,69064.531000,79.999979
1784159185.411608,69064.562000,79.999979
1784159185.432391,69064.578000,79.999979
1784159185.452748,69064.593000,79.999979
1784159185.473927,69064.625000,79.999979
1784159185.494300,69064.640000,79.999979
1784159185.514733,69064.656000,79.999979
1784159185.535386,69064.687000,79.999979
1784159185.555775,69064.703000,79.999979
1784159185.575820,69064.718000,79.999979
1784159185.596190,69064.750000,79.999979
1784159185.616599,69064.765000,79.999979
1784159185.636738,69064.781000,79.999979
1784159185.657414,69064.812000,79.999979
1784159185.677519,69064.828000,79.999979
1784159185.697600,69064.843000,79.999979
1784159185.717776,69064.859000,79.999979
1784159185.737987,69064.890000,79.999979
1784159185.758224,69064.906000,79.999979
1784159185.778384,69064.921000,79.999979
1784159185.800075,69064.953000,79.999979
1784159185.821236,69064.968000,79.999979
1784159185.841552,69064.984000,79.999979
1784159185.862039,69065.015000,79.999979
1784159185.882590,69065.031000,79.999979
1784159185.902691,69065.046000,79.999979
1784159185.923969,69065.078000,79.999979
1784159185.944692,69065.093000,79.999979
1784159185.965193,69065.109000,79.999979
1784159185.987392,69065.140000,79.999979
1784159186.007843,69065.156000,79.999979
1784159186.028203,69065.171000,79.999979
1784159186.048967,69065.203000,79.999979
1784159186.070307,69065.218000,79.999979
1784159186.090559,69065.234000,79.999979
1784159186.111334,69065.265000,79.999979
1784159186.132249,69065.281000,79.999979
1784159186.152434,69065.296000,79.999979
1784159186.174132,69065.328000,79.999979
1784159186.194456,69065.343000,79.999979
1784159186.214897,69065.359000,79.999979
1784159186.236640,69065.390000,79.999979
1784159186.257266,69065.406000,79.999979
1784159186.277695,69065.421000,79.999979
1784159186.298088,69065.453000,79.999979
1784159186.318290,69065.468000,79.999979
1784159186.338527,69065.484000,79.999979
1784159186.360376,69065.515000,79.999979
1784159186.381068,69065.531000,79.999979
1784159186.401370,69065.546000,79.999979
1784159186.421931,69065.562000,79.999979
1784159186.442636,69065.593000,79.999979
1784159186.462709,69065.609000,79.999979
1784159186.484292,69065.625000,79.999979
1784159186.504721,69065.656000,79.999979
1784159186.525176,69065.671000,79.999979
1784159186.545261,69065.687000,79.999979
1784159186.565820,69065.718000,79.999979
1784159186.586087,69065.734000,79.999979
1784159186.607374,69065.750000,79.999979
1784159186.627833,69065.781000,79.999979
1784159186.647996,69065.796000,79.999979
1784159186.669382,69065.812000,79.999979
1784159186.690042,69065.843000,79.999979
1784159186.710380,69065.859000,79.999979
1784159186.730613,69065.875000,79.999979
1784159186.750969,69065.890000,79.999979
1784159186.771382,69065.921000,79.999979
1784159186.791940,69065.937000,79.999979
1784159186.812148,69065.953000,79.999979
1784159186.832376,69065.984000,79.999979
1784159186.852516,69066.000000,79.999979
1784159186.873497,69066.015000,79.999979
1784159186.894378,69066.046000,79.999979
1784159186.914884,69066.062000,79.999979
1784159186.935257,69066.078000,79.999979
1784159186.955355,69066.109000,79.999979
1784159186.978185,69066.125000,79.999979
1784159186.998468,69066.140000,79.999979
1784159187.018874,69066.171000,79.999979
1784159187.040301,69066.187000,79.999979
1784159187.061319,69066.203000,79.999979
1784159187.082402,69066.234000,79.999979
1784159187.102591,69066.250000,79.999979
1784159187.122918,69066.265000,79.999979
1784159187.143267,69066.296000,79.999979
1784159187.164607,69066.312000,79.999979
1784159187.184805,69066.328000,79.999979
1784159187.205032,69066.359000,79.999979
1784159187.225320,69066.375000,79.999979
1784159187.246123,69066.390000,79.999979
1784159187.266337,69066.406000,79.999979
1784159187.287309,69066.437000,79.999979
1784159187.307872,69066.453000,79.999979
1784159187.328402,69066.468000,79.999979
1784159187.348758,69066.500000,79.999979
1784159187.369354,69066.515000,79.999979
1784159187.389805,69066.531000,79.999979
1784159187.410593,69066.562000,79.999979
1784159187.431991,69066.578000,79.999979
1784159187.452328,69066.593000,79.999979
1784159187.472550,69066.625000,79.999979
1784159187.493244,69066.640000,79.999979
1784159187.513545,69066.656000,79.999979
1784159187.535444,69066.687000,79.999979
1784159187.555838,69066.703000,79.999979
1784159187.576112,69066.718000,79.999979
1784159187.596173,69066.750000,79.999979
1784159187.616865,69066.765000,79.999979
1784159187.637155,69066.781000,79.999979
1784159187.657592,69066.812000,79.999979
1784159187.679200,69066.828000,79.999979
1784159187.699643,69066.843000,79.999979
1784159187.723222,69066.875000,79.999979
1784159187.743822,69066.890000,79.999979
1784159187.764357,69066.906000,79.999979
1784159187.787665,69066.937000,79.999979
1784159187.808178,69066.953000,79.999979
1784159187.828496,69066.968000,79.999979
1784159187.849879,69067.000000,79.999979
1784159187.870899,69067.015000,79.999979
1784159187.890996,69067.031000,79.999979
1784159187.911408,69067.062000,79.999979
1784159187.931693,69067.078000,79.999979
1784159187.952203,69067.093000,79.999979
1784159187.974945,69067.125000,79.999979
1784159187.995388,69067.140000,79.999979
1784159188.015877,69067.156000,79.999979
1784159188.038574,69067.187000,79.999979
1784159188.059069,69067.203000,79.999979
1784159188.079462,69067.234000,79.999979
1784159188.100756,69067.250000,79.999979
1784159188.121405,69067.265000,79.999979
1784159188.142188,69067.296000,79.999979
1784159188.162705,69067.312000,79.999979
1784159188.184198,69067.328000,79.999979
1784159188.204489,69067.359000,79.999979
1784159188.224940,69067.375000,79.999979
1784159188.245244,69067.390000,79.999979
1784159188.265986,69067.406000,79.999979
1784159188.286271,69067.437000,79.999979
1784159188.307680,69067.453000,79.999979
1784159188.328103,69067.468000,79.999979
1784159188.348376,69067.500000,79.999979
1784159188.372864,69067.515000,79.999979
1784159188.393456,69067.546000,79.999979
1784159188.413771,69067.562000,79.999979
1784159188.434442,69067.578000,79.999979
1784159188.454966,69067.609000,79.999979
1784159188.475047,69067.625000,79.999979
1784159188.495349,69067.640000,79.999979
1784159188.516281,69067.656000,79.999979
1784159188.536493,69067.687000,79.999979
1784159188.557725,69067.703000,79.999979
1784159188.578083,69067.718000,79.999979
1784159188.598620,69067.750000,79.999979
1784159188.618754,69067.765000,79.999979
1784159188.639140,69067.781000,79.999979
1784159188.659219,69067.812000,79.999979
1784159188.680815,69067.828000,79.999979
1784159188.701520,69067.843000,79.999979
1784159188.721957,69067.875000,79.999979
1784159188.742712,69067.890000,79.999979
1784159188.763246,69067.906000,79.999979
1784159188.783316,69067.937000,79.999979
1784159188.803764,69067.953000,79.999979
1784159188.824228,69067.968000,79.999979
1784159188.844289,69067.984000,79.999979
1784159188.865268,69068.015000,79.999979
1784159188.886210,69068.031000,79.999979
1784159188.906620,69068.046000,79.999979
1784159188.930543,69068.078000,79.999979
1784159188.951190,69068.093000,79.999979
1784159188.971586,69068.125000,79.999979
1784159188.992927,69068.140000,79.999979
1784159189.013905,69068.156000,79.999979
1784159189.034025,69068.187000,79.999979
1784159189.054855,69068.203000,79.999979
1784159189.075603,69068.218000,79.999979
1784159189.095865,69068.250000,79.999979
1784159189.125077,69068.265000,79.999979
1784159189.149038,69068.296000,79.999979
1784159189.169633,69068.312000,79.999979
1784159189.190438,69068.343000,79.999979
1784159189.210602,69068.359000,79.999979
1784159189.233162,69068.375000,79.999979
1784159189.253740,69068.406000,79.999979
1784159189.274216,69068.421000,79.999979
1784159189.294522,69068.437000,79.999979
1784159189.314971,69068.468000,79.999979
1784159189.335475,69068.484000,79.999979
1784159189.355735,69068.500000,79.999979
1784159189.376051,69068.531000,79.999979
1784159189.396317,69068.546000,79.999979
1784159189.416817,69068.562000,79.999979
1784159189.437561,69068.578000,79.999979
1784159189.457822,69068.609000,79.999979
1784159189.478335,69068.625000,79.999979
1784159189.498860,69068.640000,79.999979
1784159189.519364,69068.671000,79.999979
1784159189.539642,69068.687000,79.999979
1784159189.561284,69068.703000,79.999979
1784159189.581680,69068.734000,79.999979
1784159189.601929,69068.750000,79.999979
1784159189.623513,69068.765000,79.999979
1784159189.644267,69068.796000,79.999979
1784159189.664565,69068.812000,79.999979
1784159189.685084,69068.828000,79.999979
1784159189.706548,69068.859000,79.999979
1784159189.726646,69068.875000,79.999979
1784159189.746916,69068.890000,79.999979
1784159189.767999,69068.921000,79.999979
1784159189.788320,69068.937000,79.999979
1784159189.812739,69068.953000,79.999979
1784159189.833728,69068.984000,79.999979
1784159189.853937,69069.000000,79.999979
1784159189.875250,69069.015000,79.999979
1784159189.895967,69069.046000,79.999979
1784159189.916215,69069.062000,79.999979
1784159189.938550,69069.093000,79.999979
1784159189.958915,69069.109000,79.999979
1784159189.979259,69069.125000,79.999979
1784159189.999693,69069.140000,79.999979
1784159190.019827,69069.171000,79.999979
1784159190.039876,69069.187000,79.999979
1784159190.061741,69069.203000,79.999979
1784159190.082352,69069.234000,79.999979
1784159190.102580,69069.250000,79.999979
1784159190.123233,69069.265000,79.999979
1784159190.143764,69069.296000,79.999979
1784159190.163951,69069.312000,79.999979
1784159190.185453,69069.328000,79.999979
1784159190.205768,69069.359000,79.999979
1784159190.225981,69069.375000,79.999979
1784159190.246211,69069.390000,79.999979
1784159190.266712,69069.421000,79.999979
1784159190.287179,69069.437000,79.999979
1784159190.307714,69069.453000,79.999979
1784159190.327853,69069.468000,79.999979
1784159190.348178,69069.500000,79.999979
1784159190.369654,69069.515000,79.999979
1784159190.390258,69069.531000,79.999979
1784159190.410699,69069.562000,79.999979
1784159190.431586,69069.578000,79.999979
1784159190.452394,69069.593000,79.999979
1784159190.472700,69069.625000,79.999979
1784159190.494117,69069.640000,79.999979
1784159190.514216,69069.656000,79.999979
1784159190.535191,69069.687000,79.999979
1784159190.556441,69069.703000,79.999979
1784159190.577166,69069.718000,79.999979
1784159190.597429,69069.750000,79.999979
1784159190.618099,69069.765000,79.999979
1784159190.638419,69069.781000,79.999979
1784159190.658635,69069.812000,79.999979
1784159190.683006,69069.828000,79.999979
1784159190.703608,69069.843000,79.999979
1784159190.723942,69069.875000,79.999979
1784159190.744104,69069.890000,79.999979
1784159190.764157,69069.906000,79.999979
1784159190.784352,69069.937000,79.999979
1784159190.804598,69069.953000,79.999979
1784159190.825090,69069.968000,79.999979
1784159190.845556,69070.000000,79.999979
1784159190.867100,69070.015000,79.999979
1784159190.887829,69070.031000,79.999979
1784159190.908259,69070.062000,79.999979
1784159190.928840,69070.078000,79.999979
1784159190.950146,69070.093000,79.999979
1784159190.970372,69070.125000,79.999979
1784159190.991801,69070.140000,79.999979
1784159191.012262,69070.156000,79.999979
1784159191.032584,69070.187000,79.999979
1784159191.055858,69070.203000,79.999979
1784159191.076607,69070.218000,79.999979
1784159191.096681,69070.250000,79.999979
1784159191.118641,69070.265000,79.999979
1784159191.139234,69070.281000,79.999979
1784159191.159371,69070.312000,79.999979
1784159191.182736,69070.328000,79.999979
1784159191.203388,69070.343000,79.999979
1784159191.232738,69070.375000,79.999979
1784159191.254134,69070.406000,79.999979
1784159191.274448,69070.421000,79.999979
1784159191.296997,69070.437000,79.999979
1784159191.317814,69070.468000,79.999979
1784159191.338349,69070.484000,79.999979
1784159191.358692,69070.500000,79.999979
1784159191.381307,69070.531000,79.999979
1784159191.401740,69070.546000,79.999979
1784159191.422172,69070.562000,79.999979
1784159191.443947,69070.593000,79.999979
1784159191.464509,69070.609000,79.999979
1784159191.486142,69070.640000,79.999979
1784159191.511234,69070.656000,79.999979
1784159191.531711,69070.671000,79.999979
1784159191.551817,69070.703000,79.999979
1784159191.575935,69070.718000,79.999979
1784159191.596901,69070.750000,79.999979
1784159191.617299,69070.765000,79.999979
1784159191.639849,69070.781000,79.999979
1784159191.660317,69070.812000,79.999979
1784159191.681911,69070.828000,79.999979
1784159191.702903,69070.843000,79.999979
1784159191.723410,69070.875000,79.999979
1784159191.743934,69070.890000,79.999979
1784159191.764531,69070.906000,79.999979
1784159191.784607,69070.937000,79.999979
1784159191.804961,69070.953000,79.999979
1784159191.825604,69070.968000,79.999979
1784159191.846117,69071.000000,79.999979
1784159191.866775,69071.015000,79.999979
1784159191.887377,69071.031000,79.999979
1784159191.907644,69071.062000,79.999979
1784159191.928105,69071.078000,79.999979
1784159191.948601,69071.093000,79.999979
1784159191.968810,69071.109000,79.999979
1784159191.989284,69071.140000,79.999979
1784159192.009492,69071.156000,79.999979
1784159192.029644,69071.171000,79.999979
1784159192.050061,69071.203000,79.999979
1784159192.070310,69071.218000,79.999979
1784159192.090382,69071.234000,79.999979
1784159192.110948,69071.265000,79.999979
1784159192.131325,69071.281000,79.999979
1784159192.151571,69071.296000,79.999979
1784159192.171762,69071.312000,79.999979
1784159192.192631,69071.343000,79.999979
1784159192.213296,69071.359000,79.999979
1784159192.233497,69071.375000,79.999979
1784159192.255307,69071.406000,79.999979
1784159192.275976,69071.421000,79.999979
1784159192.296166,69071.437000,79.999979
1784159192.316694,69071.468000,79.999979
1784159192.336918,69071.484000,79.999979
1784159192.357845,69071.500000,79.999979
1784159192.378799,69071.531000,79.999979
1784159192.399011,69071.546000,79.999979
1784159192.419209,69071.562000,79.999979
1784159192.439782,69071.593000,79.999979
1784159192.460068,69071.609000,79.999979
1784159192.480468,69071.625000,79.999979
1784159192.500891,69071.640000,79.999979
1784159192.521166,69071.671000,79.999979
1784159192.544120,69071.687000,79.999979
1784159192.564626,69071.718000,79.999979
1784159192.584879,69071.734000,79.999979
1784159192.605133,69071.750000,79.999979
1784159192.625437,69071.765000,79.999979
1784159192.645562,69071.796000,79.999979
1784159192.668631,69071.812000,79.999979
1784159192.688824,69071.843000,79.999979
1784159192.709159,69071.859000,79.999979
1784159192.729522,69071.875000,79.999979
1784159192.750266,69071.890000,79.999979
1784159192.770803,69071.921000,79.999979
1784159192.791142,69071.937000,79.999979
1784159192.811638,69071.953000,79.999979
1784159192.832213,69071.984000,79.999979
1784159192.852833,69072.000000,79.999979
1784159192.873349,69072.015000,79.999979
1784159192.893891,69072.046000,79.999979
1784159192.916883,69072.062000,79.999979
1784159192.937473,69072.078000,79.999979
1784159192.958432,69072.109000,79.999979
1784159192.978498,69072.125000,79.999979
1784159192.998741,69072.140000,79.999979
1784159193.019055,69072.171000,79.999979
1784159193.039186,69072.187000,79.999979
1784159193.060075,69072.203000,79.999979
1784159193.081333,69072.234000,79.999979
1784159193.102814,69072.250000,79.999979
1784159193.123181,69072.265000,79.999979
1784159193.143629,69072.296000,79.999979
1784159193.163990,69072.312000,79.999979
1784159193.184919,69072.328000,79.999979
1784159193.205324,69072.359000,79.999979
1784159193.225667,69072.375000,79.999979
1784159193.245948,69072.390000,79.999979
1784159193.266248,69072.406000,79.999979
1784159193.286367,69072.437000,79.999979
1784159193.306808,69072.453000,79.999979
1784159193.327912,69072.468000,79.999979
1784159193.348314,69072.500000,79.999979
1784159193.368757,69072.515000,79.999979
1784159193.389297,69072.531000,79.999979
1784159193.409476,69072.562000,79.999979
1784159193.429812,69072.578000,79.999979
1784159193.451864,69072.593000,79.999979
1784159193.472640,69072.625000,79.999979
1784159193.492951,69072.640000,79.999979
1784159193.513293,69072.656000,79.999979
1784159193.533506,69072.687000,79.999979
1784159193.554032,69072.703000,79.999979
1784159193.574487,69072.718000,79.999979
1784159193.595536,69072.750000,79.999979
1784159193.615715,69072.765000,79.999979
1784159193.635854,69072.781000,79.999979
1784159193.656609,69072.796000,79.999979
1784159193.677143,69072.828000,79.999979
1784159193.697423,69072.843000,79.999979
1784159193.717574,69072.859000,79.999979
1784159193.737880,69072.890000,79.999979
1784159193.760220,69072.906000,79.999979
1784159193.781122,69072.921000,79.999979
1784159193.801367,69072.953000,79.999979
1784159193.821717,69072.968000,79.999979
1784159193.842267,69072.984000,79.999979
1784159193.862716,69073.015000,79.999979
1784159193.882914,69073.031000,79.999979
1784159193.903755,69073.046000,79.999979
1784159193.924192,69073.078000,79.999979
1784159193.949833,69073.093000,79.999979
1784159193.970882,69073.125000,79.999979
1784159193.991282,69073.140000,79.999979
1784159194.011458,69073.156000,79.999979
1784159194.031923,69073.171000,79.999979
1784159194.052295,69073.203000,79.999979
1784159194.074762,69073.218000,79.999979
1784159194.094996,69073.250000,79.999979
1784159194.115500,69073.265000,79.999979
1784159194.137172,69073.281000,79.999979
1784159194.157541,69073.312000,79.999979
1784159194.177771,69073.328000,79.999979
1784159194.199159,69073.343000,79.999979
1784159194.219880,69073.375000,79.999979
1784159194.242339,69073.390000,79.999979
1784159194.266335,69073.406000,79.999979
1784159194.287267,69073.437000,79.999979
1784159194.309028,69073.453000,79.999979
1784159194.330838,69073.484000,79.999979
1784159194.352228,69073.500000,79.999979
1784159194.373055,69073.515000,79.999979
1784159194.393345,69073.546000,79.999979
1784159194.413798,69073.562000,79.999979
1784159194.436308,69073.578000,79.999979
1784159194.456896,69073.609000,79.999979
1784159194.477400,69073.625000,79.999979
1784159194.499651,69073.640000,79.999979
1784159194.520272,69073.671000,79.999979
1784159194.540667,69073.687000,79.999979
1784159194.562442,69073.703000,79.999979
1784159194.584941,69073.734000,79.999979
1784159194.605993,69073.750000,79.999979
1784159194.626184,69073.781000,79.999979
1784159194.646994,69073.796000,79.999979
1784159194.667042,69073.812000,79.999979
1784159194.687353,69073.828000,79.999979
1784159194.707623,69073.859000,79.999979
1784159194.728103,69073.875000,79.999979
1784159194.748401,69073.890000,79.999979
1784159194.769330,69073.921000,79.999979
1784159194.789800,69073.937000,79.999979
1784159194.809961,69073.953000,79.999979
1784159194.830674,69073.984000,79.999979
1784159194.850851,69074.000000,79.999979
1784159194.871405,69074.015000,79.999979
1784159194.891982,69074.046000,79.999979
1784159194.912353,69074.062000,79.999979
1784159194.932718,69074.078000,79.999979
1784159194.953329,69074.093000,79.999979
1784159194.973770,69074.125000,79.999979
1784159194.993950,69074.140000,79.999979
1784159195.014291,69074.156000,79.999979
1784159195.034350,69074.187000,79.999979
1784159195.055353,69074.203000,79.999979
1784159195.075617,69074.218000,79.999979
1784159195.095828,69074.250000,79.999979
1784159195.116342,69074.265000,79.999979
1784159195.138706,69074.281000,79.999979
1784159195.158894,69074.312000,79.999979
1784159195.179691,69074.328000,79.999979
1784159195.201303,69074.343000,79.999979
1784159195.222092,69074.375000,79.999979
1784159195.243030,69074.390000,79.999979
1784159195.264518,69074.406000,79.999979
1784159195.284894,69074.437000,79.999979
1784159195.305223,69074.453000,79.999979
1784159195.326388,69074.468000,79.999979
1784159195.346591,69074.500000,79.999979
1784159195.366796,69074.515000,79.999979
1784159195.386876,69074.531000,79.999979
1784159195.407733,69074.562000,79.999979
1784159195.428002,69074.578000,79.999979
1784159195.451270,69074.593000,79.999979
1784159195.472219,69074.625000,79.999979
1784159195.492581,69074.640000,79.999979
1784159195.514363,69074.656000,79.999979
1784159195.534839,69074.687000,79.999979
1784159195.555086,69074.703000,79.999979
1784159195.575503,69074.718000,79.999979
1784159195.596181,69074.750000,79.999979
1784159195.616655,69074.765000,79.999979
1784159195.636883,69074.781000,79.999979
1784159195.657054,69074.796000,79.999979
1784159195.677348,69074.828000,79.999979
1784159195.697663,69074.843000,79.999979
1784159195.720157,69074.875000,79.999979
1784159195.741516,69074.890000,79.999979
1784159195.762757,69074.906000,79.999979
1784159195.785021,69074.937000,79.999979
1784159195.806131,69074.953000,79.999979
1784159195.826658,69074.968000,79.999979
1784159195.847264,69075.000000,79.999979
1784159195.867704,69075.015000,79.999979
1784159195.888093,69075.031000,79.999979
1784159195.908539,69075.062000,79.999979
1784159195.928653,69075.078000,79.999979
1784159195.948742,69075.093000,79.999979
1784159195.969130,69075.109000,79.999979
1784159195.991035,69075.140000,79.999979
1784159196.011717,69075.156000,79.999979
1784159196.032224,69075.171000,79.999979
1784159196.052488,69075.203000,79.999979
1784159196.072808,69075.218000,79.999979
1784159196.093134,69075.234000,79.999979
1784159196.113155,69075.265000,79.999979
1784159196.134444,69075.281000,79.999979
1784159196.154793,69075.296000,79.999979
1784159196.175322,69075.328000,79.999979
1784159196.195661,69075.343000,79.999979
1784159196.215788,69075.359000,79.999979
1784159196.235880,69075.390000,79.999979
1784159196.256750,69075.406000,79.999979
1784159196.277253,69075.421000,79.999979
1784159196.297403,69075.437000,79.999979
1784159196.317966,69075.468000,79.999979
1784159196.338263,69075.484000,79.999979
1784159196.358530,69075.500000,79.999979
1784159196.379712,69075.531000,79.999979
1784159196.400306,69075.546000,79.999979
1784159196.420581,69075.562000,79.999979
1784159196.441727,69075.593000,79.999979
1784159196.462508,69075.609000,79.999979
1784159196.482660,69075.625000,79.999979
1784159196.503130,69075.656000,79.999979
1784159196.523278,69075.671000,79.999979
1784159196.543775,69075.687000,79.999979
1784159196.565010,69075.718000,79.999979
1784159196.585867,69075.734000,79.999979
1784159196.605945,69075.750000,79.999979
1784159196.626995,69075.781000,79.999979
1784159196.647573,69075.796000,79.999979
1784159196.667775,69075.812000,79.999979
1784159196.687836,69075.828000,79.999979
1784159196.708098,69075.859000,79.999979
1784159196.729094,69075.875000,79.999979
1784159196.749149,69075.890000,79.999979
1784159196.769950,69075.921000,79.999979
1784159196.790473,69075.937000,79.999979
1784159196.810688,69075.953000,79.999979
1784159196.831034,69075.984000,79.999979
1784159196.851230,69076.000000,79.999979
1784159196.872229,69076.015000,79.999979
1784159196.892411,69076.046000,79.999979
1784159196.913254,69076.062000,79.999979
1784159196.933422,69076.078000,79.999979
1784159196.954767,69076.109000,79.999979
1784159196.975286,69076.125000,79.999979
1784159196.995668,69076.140000,79.999979
1784159197.016200,69076.156000,79.999979
1784159197.037348,69076.187000,79.999979
1784159197.058512,69076.203000,79.999979
1784159197.079467,69076.234000,79.999979
1784159197.099785,69076.250000,79.999979
1784159197.120190,69076.265000,79.999979
1784159197.140800,69076.281000,79.999979
1784159197.160839,69076.312000,79.999979
1784159197.180987,69076.328000,79.999979
1784159197.201618,69076.343000,79.999979
1784159197.222050,69076.375000,79.999979
1784159197.242454,69076.390000,79.999979
1784159197.264006,69076.406000,79.999979
1784159197.284477,69076.437000,79.999979
1784159197.304863,69076.453000,79.999979
1784159197.327463,69076.468000,79.999979
1784159197.347681,69076.500000,79.999979
1784159197.367793,69076.515000,79.999979
1784159197.389899,69076.531000,79.999979
1784159197.410213,69076.562000,79.999979
1784159197.430257,69076.578000,79.999979
1784159197.450899,69076.593000,79.999979
1784159197.471760,69076.625000,79.999979
1784159197.491872,69076.640000,79.999979
1784159197.511948,69076.656000,79.999979
1784159197.532264,69076.687000,79.999979
1784159197.552471,69076.703000,79.999979
1784159197.574512,69076.718000,79.999979
1784159197.594919,69076.750000,79.999979
1784159197.615025,69076.765000,79.999979
1784159197.640745,69076.781000,79.999979
1784159197.661417,69076.812000,79.999979
1784159197.681912,69076.828000,79.999979
1784159197.702201,69076.843000,79.999979
1784159197.722735,69076.875000,79.999979
1784159197.743236,69076.890000,79.999979
1784159197.763674,69076.906000,79.999979
1784159197.784100,69076.937000,79.999979
1784159197.804194,69076.953000,79.999979
1784159197.825643,69076.968000,79.999979
1784159197.845859,69077.000000,79.999979
1784159197.866349,69077.015000,79.999979
1784159197.886858,69077.031000,79.999979
1784159197.907396,69077.062000,79.999979
1784159197.927585,69077.078000,79.999979
1784159197.947788,69077.093000,79.999979
1784159197.968446,69077.109000,79.999979
1784159197.988807,69077.140000,79.999979
1784159198.009260,69077.156000,79.999979
1784159198.029592,69077.171000,79.999979
1784159198.049775,69077.203000,79.999979
1784159198.070501,69077.218000,79.999979
1784159198.090958,69077.234000,79.999979
1784159198.111305,69077.265000,79.999979
1784159198.134168,69077.281000,79.999979
1784159198.154519,69077.296000,79.999979
1784159198.174904,69077.328000,79.999979
1784159198.195059,69077.343000,79.999979
1784159198.216011,69077.359000,79.999979
1784159198.236454,69077.390000,79.999979
1784159198.260039,69077.406000,79.999979
1784159198.280415,69077.421000,79.999979
1784159198.300585,69077.453000,79.999979
1784159198.320967,69077.468000,79.999979
1784159198.341463,69077.484000,79.999979
1784159198.361914,69077.515000,79.999979
1784159198.388525,69077.531000,79.999979
1784159198.409122,69077.562000,79.999979
1784159198.430084,69077.578000,79.999979
1784159198.450881,69077.593000,79.999979
1784159198.471171,69077.625000,79.999979
1784159198.495887,69077.640000,79.999979
1784159198.516571,69077.656000,79.999979
1784159198.536761,69077.687000,79.999979
1784159198.558685,69077.703000,79.999979
1784159198.579023,69077.718000,79.999979
1784159198.599284,69077.750000,79.999979
1784159198.620116,69077.765000,79.999979
1784159198.640549,69077.781000,79.999979
1784159198.660995,69077.812000,79.999979
1784159198.681418,69077.828000,79.999979
1784159198.701942,69077.843000,79.999979
1784159198.722342,69077.875000,79.999979
1784159198.743823,69077.890000,79.999979
1784159198.764913,69077.906000,79.999979
1784159198.785312,69077.937000,79.999979
1784159198.805551,69077.953000,79.999979
1784159198.826287,69077.968000,79.999979
1784159198.846383,69078.000000,79.999979
1784159198.869379,69078.015000,79.999979
1784159198.889799,69078.031000,79.999979
1784159198.910222,69078.062000,79.999979
1784159198.930549,69078.078000,79.999979
1784159198.951220,69078.093000,79.999979
1784159198.971473,69078.125000,79.999979
1784159198.991839,69078.140000,79.999979
1784159199.011918,69078.156000,79.999979
1784159199.032306,69078.187000,79.999979
1784159199.052753,69078.203000,79.999979
1784159199.073046,69078.218000,79.999979
1784159199.093458,69078.234000,79.999979
1784159199.113947,69078.265000,79.999979
1784159199.134722,69078.281000,79.999979
1784159199.156654,69078.296000,79.999979
1784159199.176971,69078.328000,79.999979
1784159199.197031,69078.343000,79.999979
1784159199.217276,69078.359000,79.999979
1784159199.237327,69078.390000,79.999979
1784159199.272596,69078.421000,79.999979
1784159199.296615,69078.437000,79.999979
1784159199.317794,69078.468000,79.999979
1784159199.338460,69078.484000,79.999979
1784159199.358741,69078.500000,79.999979
1784159199.379067,69078.531000,79.999979
1784159199.399435,69078.546000,79.999979
1784159199.419698,69078.562000,79.999979
1784159199.441558,69078.593000,79.999979
1784159199.462002,69078.609000,79.999979
1784159199.482449,69078.625000,79.999979
1784159199.502920,69078.656000,79.999979
1784159199.523581,69078.671000,79.999979
1784159199.544031,69078.687000,79.999979
1784159199.566663,69078.718000,79.999979
1784159199.588408,69078.734000,79.999979
1784159199.609969,69078.750000,79.999979
1784159199.631728,69078.781000,79.999979
1784159199.652241,69078.796000,79.999979
1784159199.672778,69078.812000,79.999979
1784159199.692891,69078.843000,79.999979
1784159199.713316,69078.859000,79.999979
1784159199.733961,69078.875000,79.999979
1784159199.754439,69078.906000,79.999979
1784159199.774841,69078.921000,79.999979
1784159199.794884,69078.937000,79.999979
1784159199.814930,69078.968000,79.999979
1784159199.835127,69078.984000,79.999979
1784159199.855510,69079.000000,79.999979
1784159199.875973,69079.015000,79.999979
1784159199.896334,69079.046000,79.999979
1784159199.916497,69079.062000,79.999979
1784159199.937689,69079.078000,79.999979
1784159199.958210,69079.109000,79.999979
1784159199.978987,69079.125000,79.999979
1784159199.999072,69079.140000,79.999979
1784159200.019731,69079.171000,79.999979
1784159200.040389,69079.187000,79.999979
1784159200.061181,69079.203000,79.999979
1784159200.081644,69079.234000,79.999979
1784159200.101825,69079.250000,79.999979
1784159200.121930,69079.265000,79.999979
1784159200.145402,69079.296000,79.999979
1784159200.166533,69079.312000,79.999979
