host_timestamp_s,monotonic_s,primary,secondary,status
1782482317.176574,206548.765000,-4.82489000e+01,537331000.00000000,0
1782482317.191947,206548.781000,7.38352000e+01,-224393000.00000000,0
1782482317.207902,206548.796000,7.97070000e+01,-134187000.00000000,0
1782482317.223945,206548.812000,-2.23838000e+01,397576000.00000000,0
1782482317.240933,206548.843000,-4.46198000e+01,187960000.00000000,0
1782482317.254187,206548.843000,5.63264000e+01,-18490500.00000000,0
1782482317.269883,206548.859000,-3.56055000e+01,-85353600.00000000,0
1782482317.285777,206548.875000,-3.91448000e+00,-770268000.00000000,0
1782482317.301303,206548.890000,7.59093000e+01,127375000.00000000,0
1782482317.316915,206548.906000,-1.60640000e+00,523524000.00000000,0
1782482317.332670,206548.921000,7.30673000e+01,-68875500.00000000,0
1782482317.348157,206548.937000,-7.99851000e+00,268111000.00000000,0
1782482317.364068,206548.953000,4.57281000e+01,-390350000.00000000,0
1782482317.379672,206548.968000,2.72811000e+01,2582690000.00000000,0
1782482317.395491,206548.984000,1.39744000e+01,-146480000.00000000,0
1782482317.411177,206549.000000,-7.88407000e+01,-55086300.00000000,0
1782482317.426434,206549.015000,4.68642000e+01,-2649670.00000000,0
1782482317.442470,206549.031000,-1.51417000e+01,-143680000.00000000,0
1782482317.458338,206549.046000,-6.04021000e+01,-35440000.00000000,0
1782482317.473745,206549.062000,-1.51755000e+01,-153994000.00000000,0
1782482317.489283,206549.078000,5.18602000e+01,103545000.00000000,0
1782482317.505227,206549.093000,-1.87422000e+00,-187757000.00000000,0
1782482317.520746,206549.109000,-1.48061000e+01,591155000.00000000,0
1782482317.536729,206549.125000,-2.72328000e+01,558580000.00000000,0
1782482317.552137,206549.140000,1.64609000e+01,528510000.00000000,0
1782482317.567455,206549.156000,-3.40183000e+01,-260425000.00000000,0
1782482317.583001,206549.171000,-1.79118000e+01,743583000.00000000,0
1782482317.597804,206549.187000,2.23619000e+01,220326000.00000000,0
1782482317.613407,206549.203000,2.14345000e+01,-53723900.00000000,0
1782482317.628532,206549.218000,-7.81564000e+00,222143000.00000000,0
1782482317.644227,206549.234000,-7.19427000e+00,445219000.00000000,0
1782482317.659668,206549.250000,-2.84549000e+01,-303606000.00000000,0
1782482317.675082,206549.265000,6.83210000e+01,226239000.00000000,0
1782482317.691515,206549.281000,3.54273000e+01,-106707000.00000000,0
1782482317.707319,206549.296000,-7.47300000e+01,-738562000.00000000,0
1782482317.722218,206549.312000,-9.57943000e+00,-184538000.00000000,0
1782482317.739237,206549.328000,5.55429000e+00,493481000.00000000,0
1782482317.753177,206549.343000,-3.27442000e+01,-116539000.00000000,0
1782482317.769134,206549.359000,3.48227000e+01,136232000.00000000,0
1782482317.784547,206549.375000,-1.55933000e+01,483184000.00000000,0
1782482317.805232,206549.406000,-8.29198000e+01,-314801000.00000000,0
1782482317.815562,206549.406000,-4.90314000e+01,309418000.00000000,0
1782482317.830503,206549.421000,1.99075000e+01,222385000.00000000,0
1782482317.846612,206549.437000,2.95408000e+01,264953000.00000000,0
1782482317.866616,206549.468000,-6.07257000e+01,1097130000.00000000,0
1782482317.876909,206549.468000,-3.20961000e+01,472704000.00000000,0
1782482317.892909,206549.484000,2.50357000e+01,241337000.00000000,0
1782482317.908307,206549.500000,-6.89773000e+01,19168000.00000000,0
1782482317.929791,206549.531000,-6.36923000e+01,-1057030000.00000000,0
1782482317.939734,206549.531000,3.50791000e+01,12043900.00000000,0
1782482317.956006,206549.546000,-2.84060000e+01,-178018000.00000000,0
1782482317.972157,206549.562000,-2.67130000e+00,-129789000.00000000,0
1782482317.992984,206549.593000,2.28924000e+01,-146346000.00000000,0
1782482318.002556,206549.593000,2.18218000e+01,-89288900.00000000,0
1782482318.018582,206549.609000,3.07673000e+01,147240000.00000000,0
1782482318.033998,206549.625000,-5.36126000e+01,227267000.00000000,0
1782482318.053617,206549.656000,-7.47943000e+01,-336021000.00000000,0
1782482318.064947,206549.656000,-2.58453000e+01,-19789600.00000000,0
1782482318.081301,206549.671000,-2.66289000e+02,422011000.00000000,0
1782482318.095882,206549.687000,4.03858000e+02,2904110000.00000000,0
1782482318.117594,206549.718000,-2.80264000e+01,520955000.00000000,0
1782482318.126847,206549.718000,-4.17785000e+01,167398000.00000000,0
1782482318.142918,206549.734000,2.27761000e+01,-387937000.00000000,0
1782482318.158538,206549.750000,-3.45552000e+01,-86555000.00000000,0
1782482318.177904,206549.765000,3.05860000e+01,-18707300.00000000,0
1782482318.190144,206549.781000,3.46497000e+00,-142632000.00000000,0
1782482318.205449,206549.796000,-6.87785000e+01,-380775000.00000000,0
1782482318.221582,206549.812000,-2.71326000e+01,355220000.00000000,0
1782482318.240641,206549.843000,2.17785000e+01,343485000.00000000,0
1782482318.253029,206549.843000,-2.31009000e+01,570483000.00000000,0
1782482318.268040,206549.859000,-1.09896000e+02,-37113300.00000000,0
1782482318.284200,206549.875000,-2.57717000e+01,71590800.00000000,0
1782482318.300187,206549.890000,-3.32606000e+01,-589206000.00000000,0
1782482318.314448,206549.906000,3.31517000e+01,-155860000.00000000,0
1782482318.330628,206549.921000,-9.39624000e+01,194988000.00000000,0
1782482318.346076,206549.937000,-4.61516000e+01,297984000.00000000,0
1782482318.363051,206549.953000,8.10137000e-01,429726000.00000000,0
1782482318.377036,206549.968000,-1.47528000e+02,-376730000.00000000,0
1782482318.392486,206549.984000,3.49410000e+01,156891000.00000000,0
1782482318.408459,206550.000000,-1.31871000e+02,884481000.00000000,0
1782482318.424488,206550.015000,3.93441000e+01,-469185000.00000000,0
1782482318.439240,206550.031000,5.48296000e+01,316646000.00000000,0
1782482318.454200,206550.046000,3.73229000e+01,223295000.00000000,0
1782482318.470519,206550.062000,6.03138000e+01,490156000.00000000,0
1782482318.486247,206550.078000,-1.60274000e+01,159597000.00000000,0
1782482318.500795,206550.093000,6.74380000e+01,-20528500.00000000,0
1782482318.516726,206550.109000,1.14156000e+01,1288740000.00000000,0
1782482318.532287,206550.125000,7.19444000e+01,-286758000.00000000,0
1782482318.547954,206550.140000,5.84249000e+01,-1959620000.00000000,0
1782482318.563365,206550.156000,3.49053000e+01,-166584000.00000000,0
1782482318.579229,206550.171000,5.67140000e+01,-404239000.00000000,0
1782482318.595091,206550.187000,4.13310000e+01,692921000.00000000,0
1782482318.613231,206550.203000,-4.25130000e+01,358219000.00000000,0
1782482318.625683,206550.218000,-1.93552000e+01,194808000.00000000,0
1782482318.641273,206550.234000,-2.23683000e+01,121312000.00000000,0
1782482318.656768,206550.250000,1.86847000e+01,184784000.00000000,0
1782482318.672571,206550.265000,2.34474000e+01,272379000.00000000,0
1782482318.687685,206550.281000,-2.46121000e+01,-41870100.00000000,0
1782482318.702467,206550.296000,3.08681000e+02,99726200.00000000,0
1782482318.718512,206550.312000,-3.56473000e+01,-47652600.00000000,0
1782482318.734481,206550.328000,-3.24824000e+01,50895000.00000000,0
1782482318.749348,206550.343000,1.70813000e+01,-243058000.00000000,0
1782482318.765840,206550.359000,6.44390000e+01,-343779000.00000000,0
1782482318.780865,206550.375000,1.14637000e+01,-225982000.00000000,0
1782482318.797357,206550.390000,-3.09032000e+01,-162018000.00000000,0
1782482318.811651,206550.406000,-3.07930000e+01,-151250000.00000000,0
1782482318.827507,206550.421000,-5.51371000e+01,-128918000.00000000,0
1782482318.842872,206550.437000,2.13507000e+01,-319684000.00000000,0
1782482318.860040,206550.453000,-5.27734000e+01,175429000.00000000,0
1782482318.873785,206550.468000,2.08835000e+01,-134095000.00000000,0
1782482318.889216,206550.484000,-7.42345000e+01,620960000.00000000,0
1782482318.905194,206550.500000,-4.45370000e+00,-1234720000.00000000,0
1782482318.920708,206550.515000,-1.92086000e+02,3265760000.00000000,0
1782482318.936296,206550.531000,5.31197000e+01,60844500.00000000,0
1782482318.952313,206550.546000,-7.01404000e+01,-511120000.00000000,0
1782482318.967593,206550.562000,1.46699000e+01,-171622000.00000000,0
1782482318.984353,206550.578000,-5.56078000e+01,87048500.00000000,0
1782482318.998331,206550.593000,4.46799000e+01,238806000.00000000,0
1782482319.013742,206550.609000,3.75079000e+01,-64115500.00000000,0
1782482319.029214,206550.625000,-1.61169000e+01,-474361000.00000000,0
1782482319.045389,206550.640000,-1.24272000e+02,55793900.00000000,0
1782482319.060204,206550.656000,3.30846000e+01,-14597200.00000000,0
1782482319.076554,206550.671000,1.22714000e+02,12774500.00000000,0
1782482319.091777,206550.687000,-1.14263000e+01,-444174000.00000000,0
1782482319.107530,206550.703000,1.94714000e+01,2156410000.00000000,0
1782482319.122587,206550.718000,-1.46239000e+01,-599539000.00000000,0
1782482319.139110,206550.734000,1.01101000e+01,271249000.00000000,0
1782482319.154427,206550.750000,9.61891000e+01,-107713000.00000000,0
1782482319.170379,206550.765000,3.84992000e+00,-268226000.00000000,0
1782482319.185361,206550.781000,2.23690000e+01,-206577000.00000000,0
1782482319.201716,206550.796000,1.72575000e+01,-145967000.00000000,0
1782482319.216781,206550.812000,-5.90801000e+01,-249849000.00000000,0
1782482319.233004,206550.828000,7.48514000e+01,623210000.00000000,0
1782482319.248975,206550.843000,-5.76752000e+01,373780000.00000000,0
1782482319.263376,206550.859000,-2.03098000e+01,77501700.00000000,0
1782482319.279324,206550.875000,-1.21007000e+02,31568900.00000000,0
1782482319.294654,206550.890000,-7.28282000e+01,1067690000.00000000,0
1782482319.309192,206550.906000,4.08592000e+01,433623000.00000000,0
1782482319.325606,206550.921000,-1.79561000e+01,307537000.00000000,0
1782482319.340981,206550.937000,8.73644000e+00,1462930000.00000000,0
1782482319.357273,206550.953000,-5.57654000e+01,200166000.00000000,0
1782482319.371389,206550.968000,-5.91833000e+01,-93642700.00000000,0
1782482319.387151,206550.984000,2.82727000e+02,1440840000.00000000,0
1782482319.402780,206551.000000,-5.25478000e+01,152414000.00000000,0
1782482319.419676,206551.015000,2.91862000e+01,22561900.00000000,0
1782482319.433529,206551.031000,5.96111000e+01,18799600.00000000,0
1782482319.449543,206551.046000,-1.57302000e+01,181472000.00000000,0
1782482319.464670,206551.062000,6.62912000e+01,-143811000.00000000,0
1782482319.480298,206551.078000,-2.93485000e+00,338530000.00000000,0
1782482319.496979,206551.093000,3.85834000e+02,9977770.00000000,0
1782482319.511278,206551.109000,4.36089000e+01,169657000.00000000,0
1782482319.526983,206551.125000,-2.16205000e+01,95872500.00000000,0
1782482319.542323,206551.140000,-1.46155000e+01,117649000.00000000,0
1782482319.557872,206551.156000,3.85136000e+01,-267197000.00000000,0
1782482319.573617,206551.171000,3.95284000e+01,8981290.00000000,0
1782482319.589228,206551.187000,-6.75341000e+00,-270748000.00000000,0
1782482319.605141,206551.203000,5.66139000e+01,-242521000.00000000,0
1782482319.621367,206551.218000,6.93448000e+00,-327962000.00000000,0
1782482319.635324,206551.234000,-6.38035000e+01,-664450000.00000000,0
1782482319.651394,206551.250000,-2.05271000e+02,-974987000.00000000,0
1782482319.666749,206551.265000,-8.06225000e+01,69817000.00000000,0
1782482319.682692,206551.281000,4.83480000e+01,-16168800.00000000,0
1782482319.698638,206551.296000,3.06497000e+01,-451437000.00000000,0
1782482319.714144,206551.312000,2.99371000e+01,-259537000.00000000,0
1782482319.729626,206551.328000,3.27926000e+01,587831000.00000000,0
1782482319.745877,206551.343000,7.94174000e+01,247090000.00000000,0
1782482319.761321,206551.359000,7.63319000e+01,39303600.00000000,0
1782482319.776982,206551.375000,2.94817000e+01,-14935000.00000000,0
1782482319.792731,206551.390000,3.10474000e+01,174046000.00000000,0
1782482319.808414,206551.406000,4.54352000e+01,120589000.00000000,0
1782482319.824035,206551.421000,7.15062000e+01,-155614000.00000000,0
1782482319.839361,206551.437000,4.16162000e+00,-331987000.00000000,0
1782482319.855309,206551.453000,3.45117000e+01,-76869500.00000000,0
1782482319.870869,206551.468000,-9.38703000e+01,264918000.00000000,0
1782482319.886230,206551.484000,-2.60090000e+01,117210000.00000000,0
1782482319.902325,206551.500000,1.03030000e+02,-20338800.00000000,0
1782482319.917661,206551.515000,3.31468000e+01,114158000.00000000,0
1782482319.933837,206551.531000,7.49135000e+00,152539000.00000000,0
1782482319.949793,206551.546000,1.60890000e+01,-271039000.00000000,0
1782482319.965480,206551.562000,5.75156000e+01,-7322380.00000000,0
1782482319.981160,206551.578000,-5.60190000e+01,-180680000.00000000,0
1782482319.996502,206551.593000,3.92771000e+01,-239416000.00000000,0
1782482320.012355,206551.609000,-1.99567000e+01,-225733000.00000000,0
1782482320.027400,206551.625000,-1.86879000e+01,963011000.00000000,0
1782482320.043805,206551.640000,-8.71076000e+01,282260000.00000000,0
1782482320.059322,206551.656000,-6.02157000e+01,243052000.00000000,0
1782482320.075391,206551.671000,6.34572000e+01,-658756000.00000000,0
1782482320.090254,206551.687000,2.01782000e+01,170775000.00000000,0
1782482320.106495,206551.703000,-3.49375000e+01,1076220000.00000000,0
1782482320.122242,206551.718000,1.92268000e+01,-646701000.00000000,0
1782482320.137954,206551.734000,2.67204000e+01,72088700.00000000,0
1782482320.152992,206551.750000,-5.59821000e+01,-28089300.00000000,0
1782482320.168550,206551.765000,2.49644000e+01,370852000.00000000,0
1782482320.183717,206551.781000,5.21788000e+01,38768900.00000000,0
1782482320.199756,206551.796000,3.48665000e+01,117730000.00000000,0
1782482320.215311,206551.812000,5.46571000e+01,89583900.00000000,0
1782482320.230422,206551.828000,-3.33651000e+01,-315340000.00000000,0
1782482320.246546,206551.843000,1.22373000e+02,-841700000.00000000,0
1782482320.261992,206551.859000,-4.57466000e+00,330130000.00000000,0
1782482320.277109,206551.875000,-1.90232000e+01,318191000.00000000,0
1782482320.293319,206551.890000,-4.70789000e+01,315956000.00000000,0
1782482320.308405,206551.906000,-4.51928000e+01,79352000.00000000,0
1782482320.324259,206551.921000,-3.05179000e+01,333883000.00000000,0
1782482320.339531,206551.937000,-2.60194000e+01,-276776000.00000000,0
1782482320.355999,206551.953000,-5.36202000e+01,-447930000.00000000,0
1782482320.371290,206551.968000,-2.51342000e+02,1498020000.00000000,0
1782482320.387067,206551.984000,-2.95225000e+01,-126508000.00000000,0
1782482320.402215,206552.000000,8.27765000e+01,74772600.00000000,0
1782482320.417499,206552.015000,-4.36396000e+01,-65825500.00000000,0
1782482320.433676,206552.031000,-4.24873000e+01,255857000.00000000,0
1782482320.449191,206552.046000,3.04401000e+01,240848000.00000000,0
1782482320.464819,206552.062000,6.09160000e+01,7629990.00000000,0
1782482320.480350,206552.078000,1.19623000e+02,-403164000.00000000,0
1782482320.495908,206552.093000,5.18300000e+01,-216751000.00000000,0
1782482320.511633,206552.109000,-1.41258000e+01,98601500.00000000,0
1782482320.526752,206552.125000,3.87618000e+00,147137000.00000000,0
1782482320.547318,206552.140000,5.63844000e+01,-1029230000.00000000,0
1782482320.557159,206552.156000,-6.86211000e+01,52253200.00000000,0
1782482320.573149,206552.171000,-8.72439000e+01,-49131400.00000000,0
1782482320.588947,206552.187000,3.30597000e+01,-137238000.00000000,0
1782482320.604707,206552.203000,-2.65938000e+02,1102990000.00000000,0
1782482320.619047,206552.218000,-3.83873000e+01,-886056000.00000000,0
1782482320.635115,206552.234000,2.25588000e+02,-612265000.00000000,0
1782482320.650530,206552.250000,-2.64851000e+01,75390800.00000000,0
1782482320.666726,206552.265000,5.63538000e+00,346858000.00000000,0
1782482320.681892,206552.281000,-2.64014000e+01,-125887000.00000000,0
1782482320.697533,206552.296000,1.36370000e+02,-3725970000.00000000,0
1782482320.713322,206552.312000,-1.19626000e+02,-94915000.00000000,0
1782482320.729053,206552.328000,4.30257000e+01,911847000.00000000,0
1782482320.744759,206552.343000,-4.85061000e+01,490315000.00000000,0
1782482320.760159,206552.359000,1.38882000e+01,219098000.00000000,0
1782482320.775620,206552.375000,5.35560000e+01,275975000.00000000,0
1782482320.792317,206552.390000,-5.66164000e+01,-260493000.00000000,0
1782482320.805899,206552.406000,-3.45690000e+01,-177230000.00000000,0
1782482320.821909,206552.421000,3.52681000e+01,110450000.00000000,0
1782482320.837665,206552.437000,-4.80222000e+01,308290000.00000000,0
1782482320.858217,206552.453000,-3.67913000e+01,83366900.00000000,0
1782482320.868200,206552.468000,-4.43320000e+01,241120000.00000000,0
1782482320.883457,206552.484000,-4.87234000e+01,58991100.00000000,0
1782482320.898400,206552.500000,1.46145000e+02,-810842000.00000000,0
1782482320.915011,206552.515000,-1.75823000e+02,-647763000.00000000,0
1782482320.936293,206552.531000,2.38801000e+01,-142392000.00000000,0
1782482320.946292,206552.546000,-3.06128000e+02,1371710000.00000000,0
1782482320.961001,206552.562000,2.45762000e+01,1017900000.00000000,0
1782482320.977144,206552.578000,1.06610000e+02,365485000.00000000,0
1782482320.997468,206552.593000,-2.82955000e+01,136675000.00000000,0
1782482321.007481,206552.609000,3.47734000e+01,97781100.00000000,0
1782482321.022604,206552.625000,9.91252000e+00,329774000.00000000,0
1782482321.038654,206552.640000,-3.12111000e+01,204297000.00000000,0
1782482321.059389,206552.656000,7.48440000e+01,365276000.00000000,0
1782482321.068978,206552.671000,-4.64982000e+01,-526326000.00000000,0
1782482321.084747,206552.687000,-1.76474000e+01,444172000.00000000,0
1782482321.100904,206552.703000,-2.51343000e+01,-46182900.00000000,0
1782482321.121831,206552.718000,2.89734000e+01,281320000.00000000,0
1782482321.130831,206552.718000,2.08700000e+01,216333000.00000000,0
1782482321.147203,206552.750000,6.06070000e+01,1508290000.00000000,0
1782482321.162572,206552.765000,1.01429000e+01,222679000.00000000,0
1782482321.183908,206552.781000,-5.29190000e+01,-105480000.00000000,0
1782482321.192707,206552.781000,-3.59684000e+01,-147465000.00000000,0
1782482321.208926,206552.796000,-3.05847000e+01,8492930.00000000,0
1782482321.224727,206552.812000,3.48686000e+01,-135555000.00000000,0
1782482321.244628,206552.843000,1.24205000e+02,-552152000.00000000,0
1782482321.255562,206552.843000,2.91669000e+01,-89226000.00000000,0
1782482321.271001,206552.859000,3.30460000e+01,-97418900.00000000,0
1782482321.286418,206552.875000,-2.62922000e+01,168563000.00000000,0
1782482321.306157,206552.906000,-1.78256000e+01,-188607000.00000000,0
1782482321.317861,206552.906000,-3.98621000e+01,125031000.00000000,0
1782482321.333764,206552.921000,-3.12778000e+01,339634000.00000000,0
1782482321.349602,206552.937000,4.45367000e+01,105957000.00000000,0
1782482321.368720,206552.968000,2.41127000e+01,49353900.00000000,0
1782482321.380818,206552.968000,-5.92258000e+01,201307000.00000000,0
1782482321.396344,206552.984000,2.65113000e+01,-224696000.00000000,0
1782482321.412320,206553.015000,9.30895000e+01,-405495000.00000000,0
1782482321.428227,206553.031000,3.55843000e+01,398541000.00000000,0
1782482321.442530,206553.031000,-4.13302000e+01,-49497500.00000000,0
1782482321.457897,206553.046000,-4.14317000e+01,158166000.00000000,0
1782482321.474119,206553.062000,-4.93673000e+01,136666000.00000000,0
1782482321.491070,206553.093000,-4.98515000e+01,-4833280.00000000,0
1782482321.504739,206553.093000,3.49873000e+01,-226290000.00000000,0
1782482321.520545,206553.109000,-1.10200000e+01,-169423000.00000000,0
1782482321.536438,206553.125000,-5.74874000e+00,148761000.00000000,0
1782482321.553054,206553.156000,-2.53143000e+01,-410331000.00000000,0
1782482321.566954,206553.156000,3.90058000e+01,48088400.00000000,0
1782482321.582798,206553.171000,7.38496000e+01,1529270000.00000000,0
1782482321.598309,206553.187000,2.05538000e+01,517987000.00000000,0
1782482321.615006,206553.203000,4.80599000e+01,-262279000.00000000,0
1782482321.629009,206553.218000,6.48470000e+01,-2830120.00000000,0
1782482321.644683,206553.234000,-2.43140000e+01,-291931000.00000000,0
1782482321.660517,206553.250000,4.76090000e+01,-1054440000.00000000,0
1782482321.677118,206553.265000,4.44151000e+00,-135294000.00000000,0
1782482321.691125,206553.281000,-2.30194000e+01,-344471000.00000000,0
1782482321.706572,206553.296000,2.56938000e+01,201724000.00000000,0
1782482321.722636,206553.312000,3.53544000e+01,-63469900.00000000,0
1782482321.737984,206553.328000,1.36975000e+01,129373000.00000000,0
1782482321.754409,206553.343000,4.39563000e+01,433348000.00000000,0
1782482321.768974,206553.359000,-4.88330000e+01,-134907000.00000000,0
1782482321.784326,206553.375000,-4.01131000e+01,242826000.00000000,0
1782482321.802559,206553.390000,-2.39719000e+01,136198000.00000000,0
1782482321.815195,206553.406000,5.43077000e+01,-221346000.00000000,0
1782482321.830412,206553.421000,-3.75697000e+01,-471741000.00000000,0
1782482321.846155,206553.437000,5.48232000e+01,-277555000.00000000,0
1782482321.864656,206553.453000,-1.68952000e+01,-61632600.00000000,0
1782482321.876995,206553.468000,2.25152000e+01,1175350000.00000000,0
1782482321.892576,206553.484000,-2.29786000e+00,444391000.00000000,0
1782482321.908620,206553.500000,1.33609000e+01,-576476000.00000000,0
1782482321.926931,206553.515000,-3.19624000e+01,-26813300.00000000,0
1782482321.939020,206553.531000,5.08140000e+01,-113492000.00000000,0
1782482321.955112,206553.546000,6.01289000e+01,-674799000.00000000,0
1782482321.970740,206553.562000,-1.30641000e+01,-203374000.00000000,0
1782482321.987906,206553.578000,3.19985000e+01,114051000.00000000,0
1782482322.001125,206553.593000,3.71524000e+01,34050300.00000000,0
1782482322.016864,206553.609000,-4.14476000e+01,298502000.00000000,0
1782482322.032791,206553.625000,-3.25128000e+01,-36351300.00000000,0
1782482322.047915,206553.640000,3.75886000e+01,-222890000.00000000,0
1782482322.063823,206553.656000,2.54835000e+01,-146388000.00000000,0
1782482322.079304,206553.671000,9.54624000e+01,-448962000.00000000,0
1782482322.095191,206553.687000,3.74794000e+01,-201135000.00000000,0
1782482322.110954,206553.703000,1.20468000e+01,-436193000.00000000,0
1782482322.126262,206553.718000,1.85178000e+01,568526000.00000000,0
1782482322.142038,206553.734000,2.06823000e+01,135686000.00000000,0
1782482322.158027,206553.750000,6.11620000e+01,105812000.00000000,0
1782482322.175074,206553.765000,6.04398000e+01,-119387000.00000000,0
1782482322.188404,206553.781000,-3.31453000e+01,-122885000.00000000,0
1782482322.204304,206553.796000,-3.29568000e+01,-81629700.00000000,0
1782482322.219683,206553.812000,-4.01635000e+01,213553000.00000000,0
1782482322.236842,206553.828000,6.81376000e+01,121131000.00000000,0
1782482322.250394,206553.843000,-2.25397000e+01,322342000.00000000,0
1782482322.266224,206553.859000,-5.40755000e+01,994435000.00000000,0
1782482322.281993,206553.875000,3.32160000e+01,19217700.00000000,0
1782482322.297825,206553.890000,-1.17022000e+02,292545000.00000000,0
1782482322.313338,206553.906000,4.50391000e+01,128941000.00000000,0
1782482322.329067,206553.921000,-5.31666000e+00,332477000.00000000,0
1782482322.344020,206553.937000,-1.89443000e+01,-66368400.00000000,0
1782482322.360131,206553.953000,-3.24612000e+01,-258833000.00000000,0
1782482322.375934,206553.968000,1.07481000e+02,-1283360000.00000000,0
1782482322.391546,206553.984000,-2.69901000e+01,101503000.00000000,0
1782482322.406867,206554.000000,4.10139000e+01,-200974000.00000000,0
1782482322.423157,206554.015000,-1.03465000e+01,282235000.00000000,0
1782482322.437800,206554.031000,1.02303000e+02,343588000.00000000,0
1782482322.453833,206554.046000,1.16126000e+01,379772000.00000000,0
1782482322.469767,206554.062000,2.69373000e+01,-315748000.00000000,0
1782482322.485407,206554.078000,-3.66678000e+01,-311360000.00000000,0
1782482322.500690,206554.093000,-8.84589000e+01,712384000.00000000,0
1782482322.516620,206554.109000,5.18883000e+01,-173064000.00000000,0
1782482322.532159,206554.125000,1.57430000e+01,545628000.00000000,0
1782482322.548548,206554.140000,-2.19519000e+00,-196056000.00000000,0
1782482322.562598,206554.156000,4.69806000e+01,-75771500.00000000,0
1782482322.577695,206554.171000,4.11040000e+01,-362992000.00000000,0
1782482322.593666,206554.187000,3.36416000e+01,-193753000.00000000,0
1782482322.610054,206554.203000,-2.99530000e+01,500994000.00000000,0
1782482322.624418,206554.218000,-1.33816000e+01,501506000.00000000,0
1782482322.639220,206554.234000,-8.07871000e+01,-409558000.00000000,0
1782482322.655406,206554.250000,-5.30926000e+01,55221600.00000000,0
1782482322.671174,206554.265000,-4.78947000e+01,-186968000.00000000,0
1782482322.686715,206554.281000,1.15244000e+02,1043650000.00000000,0
1782482322.702576,206554.296000,-3.66698000e+01,-129710000.00000000,0
1782482322.718025,206554.312000,-1.00709000e+02,-63365500.00000000,0
1782482322.734177,206554.328000,3.20442000e+01,-241699000.00000000,0
1782482322.749602,206554.343000,2.23568000e+01,-230205000.00000000,0
1782482322.764577,206554.359000,-8.52039000e+01,496538000.00000000,0
1782482322.781056,206554.375000,-2.41276000e+01,-127830000.00000000,0
1782482322.796044,206554.390000,5.75441000e+01,-64155200.00000000,0
1782482322.812442,206554.406000,-2.39494000e+02,19384500.00000000,0
1782482322.827922,206554.421000,3.26401000e+01,-59502800.00000000,0
1782482322.843774,206554.437000,1.21730000e+02,-263565000.00000000,0
1782482322.859319,206554.453000,8.83219000e+01,-268995000.00000000,0
1782482322.875208,206554.468000,-2.11884000e+01,-19930900.00000000,0
1782482322.890831,206554.484000,-2.28759000e+01,242305000.00000000,0
1782482322.906183,206554.500000,-5.38521000e+01,-209871000.00000000,0
1782482322.921693,206554.515000,2.90428000e+01,-114524000.00000000,0
1782482322.937572,206554.531000,8.70070000e+00,-307358000.00000000,0
1782482322.952619,206554.546000,-1.99916000e+00,-1435070000.00000000,0
1782482322.969460,206554.562000,2.94039000e+01,259222000.00000000,0
1782482322.985047,206554.578000,3.55181000e+01,349159000.00000000,0
1782482323.000377,206554.593000,5.90042000e+00,-591259000.00000000,0
1782482323.015980,206554.609000,-3.61015000e+01,190493000.00000000,0
1782482323.031756,206554.625000,7.60610000e+01,-357886000.00000000,0
1782482323.048197,206554.640000,-4.25042000e+01,175689000.00000000,0
1782482323.061907,206554.656000,-4.03516000e+01,166767000.00000000,0
1782482323.077842,206554.671000,-2.86732000e+01,65994400.00000000,0
1782482323.093282,206554.687000,-2.89796000e+01,-67214600.00000000,0
1782482323.109668,206554.703000,-3.99009000e+01,198399000.00000000,0
1782482323.124913,206554.718000,-1.12263000e+01,250769000.00000000,0
1782482323.140171,206554.734000,-1.19308000e+02,-114383000.00000000,0
1782482323.156137,206554.750000,3.35450000e+00,-164446000.00000000,0
1782482323.172057,206554.765000,6.62511000e+01,391529000.00000000,0
1782482323.187059,206554.781000,4.62707000e+01,-42075800.00000000,0
1782482323.202817,206554.796000,-1.36021000e-01,260894000.00000000,0
1782482323.218814,206554.812000,8.71841000e+01,357172000.00000000,0
1782482323.239836,206554.828000,-4.82625000e+01,-132501000.00000000,0
1782482323.249331,206554.843000,-2.04695000e+01,-53943600.00000000,0
1782482323.264985,206554.859000,-3.98044000e+00,765351000.00000000,0
1782482323.280635,206554.875000,4.41027000e+00,141559000.00000000,0
1782482323.296319,206554.890000,-2.65458000e+01,10944300.00000000,0
1782482323.311858,206554.906000,6.77609000e+01,-386291000.00000000,0
1782482323.327310,206554.921000,-1.33283000e+01,417508000.00000000,0
1782482323.342603,206554.937000,-2.94711000e-01,213348000.00000000,0
1782482323.363145,206554.953000,-3.01754000e+00,-185860000.00000000,0
1782482323.373694,206554.968000,-2.29236000e+01,-157613000.00000000,0
1782482323.389667,206554.984000,5.96299000e+01,-1004030000.00000000,0
1782482323.405027,206555.000000,1.72178000e+01,-154764000.00000000,0
1782482323.422050,206555.015000,7.69088000e+01,-810569000.00000000,0
1782482323.435543,206555.031000,-2.41035000e+01,-31706600.00000000,0
1782482323.451508,206555.046000,-6.17440000e+01,-497251000.00000000,0
1782482323.466551,206555.062000,-1.87960000e+01,-148163000.00000000,0
1782482323.484445,206555.078000,-7.20894000e+00,140647000.00000000,0
1782482323.497353,206555.093000,2.86477000e+01,-29784300.00000000,0
1782482323.513264,206555.109000,9.57072000e+01,12617000.00000000,0
1782482323.528793,206555.125000,-9.11069000e+01,-130082000.00000000,0
1782482323.547325,206555.140000,7.75659000e+01,315157000.00000000,0
1782482323.559354,206555.156000,6.91148000e+01,23147300.00000000,0
1782482323.575139,206555.171000,2.35898000e+01,-977815000.00000000,0
1782482323.590650,206555.187000,6.73243000e+01,459718000.00000000,0
1782482323.609062,206555.203000,-9.83056000e+00,149690000.00000000,0
1782482323.621064,206555.218000,3.96152000e+01,168607000.00000000,0
1782482323.637458,206555.234000,1.68066000e+02,959944000.00000000,0
1782482323.653054,206555.250000,-1.19312000e+01,-228677000.00000000,0
1782482323.672415,206555.265000,1.33993000e+01,-302941000.00000000,0
1782482323.683932,206555.281000,-6.55964000e+01,-48950700.00000000,0
1782482323.700136,206555.296000,-3.93853000e+01,143221000.00000000,0
1782482323.715595,206555.312000,-3.24904000e+02,-4088140000.00000000,0
1782482323.732859,206555.328000,-1.21738000e+01,963249000.00000000,0
1782482323.745749,206555.343000,3.46649000e+01,-264337000.00000000,0
1782482323.762141,206555.359000,2.19451000e+01,-19972200.00000000,0
1782482323.777704,206555.375000,-2.29474000e+01,-127266000.00000000,0
1782482323.796035,206555.390000,1.80283000e+01,-125115000.00000000,0
1782482323.808566,206555.406000,-4.18826000e+01,-642523000.00000000,0
1782482323.824113,206555.421000,-3.02251000e+00,374184000.00000000,0
1782482323.839397,206555.437000,-7.82790000e+01,38635600.00000000,0
1782482323.855582,206555.453000,3.90784000e+01,-288664000.00000000,0
1782482323.871522,206555.468000,-3.22709000e+01,-355127000.00000000,0
1782482323.885836,206555.484000,3.26983000e+02,904010000.00000000,0
1782482323.901695,206555.500000,-1.44048000e+01,-255958000.00000000,0
1782482323.917029,206555.515000,9.15082000e+01,432143000.00000000,0
1782482323.933601,206555.531000,6.15394000e+00,-160601000.00000000,0
1782482323.948057,206555.546000,-5.51272000e+01,-297274000.00000000,0
1782482323.963795,206555.562000,-6.87041000e+01,537769000.00000000,0
1782482323.979449,206555.578000,-3.20427000e+01,236892000.00000000,0
1782482323.996493,206555.593000,-2.37071000e+02,-1862330000.00000000,0
1782482324.009686,206555.609000,-2.61909000e+01,-104821000.00000000,0
1782482324.025506,206555.625000,3.07268000e+01,-364949000.00000000,0
1782482324.041145,206555.640000,-6.36415000e+01,153686000.00000000,0
1782482324.059207,206555.656000,5.16625000e-01,-955456000.00000000,0
1782482324.072048,206555.671000,6.53310000e+01,-1067130000.00000000,0
1782482324.087515,206555.687000,-5.85262000e+01,280883000.00000000,0
1782482324.103325,206555.703000,-3.06364000e+01,76136900.00000000,0
1782482324.120004,206555.718000,-5.60171000e+01,480472000.00000000,0
1782482324.133895,206555.734000,-1.30617000e+01,587887000.00000000,0
1782482324.149219,206555.750000,-4.24444000e+01,-186427000.00000000,0
1782482324.165340,206555.765000,5.82359000e+01,2454090000.00000000,0
1782482324.182388,206555.781000,5.44802000e+01,-306615000.00000000,0
1782482324.195294,206555.796000,5.99261000e+01,-106064000.00000000,0
1782482324.211628,206555.812000,-2.69791000e+01,688983000.00000000,0
1782482324.227185,206555.828000,-4.61724000e+01,-199765000.00000000,0
1782482324.243856,206555.843000,-5.73110000e+00,159312000.00000000,0
1782482324.257607,206555.859000,5.62312000e-01,-354514000.00000000,0
1782482324.273520,206555.875000,1.09567000e+01,489843000.00000000,0
1782482324.289062,206555.890000,1.39932000e+00,-283543000.00000000,0
1782482324.305072,206555.906000,-2.37624000e+01,127131000.00000000,0
1782482324.319921,206555.921000,-6.16425000e+01,45804000.00000000,0
1782482324.335363,206555.937000,-1.21977000e+02,390597000.00000000,0
1782482324.351357,206555.953000,9.83850000e+00,-640623000.00000000,0
1782482324.366503,206555.968000,-1.53668000e+02,-749325000.00000000,0
1782482324.382035,206555.984000,8.07934000e+01,418421000.00000000,0
1782482324.398484,206556.000000,-1.70998000e+02,1339450000.00000000,0
1782482324.413935,206556.015000,-5.32973000e+01,-541422000.00000000,0
1782482324.431185,206556.031000,3.52389000e+01,-235197000.00000000,0
1782482324.443956,206556.046000,4.94027000e+00,-1183980000.00000000,0
1782482324.459668,206556.062000,5.21368000e+02,1872100000.00000000,0
1782482324.475703,206556.078000,1.15234000e+02,-37720900.00000000,0
1782482324.490960,206556.093000,-5.59289000e+01,-607414000.00000000,0
1782482324.507334,206556.109000,-2.46196000e+00,-312356000.00000000,0
1782482324.523090,206556.125000,2.76427000e+01,28977000.00000000,0
1782482324.538553,206556.140000,-4.86770000e+01,27374900.00000000,0
1782482324.554433,206556.156000,-1.91587000e+00,376988000.00000000,0
1782482324.569968,206556.171000,-4.81576000e+01,-189556000.00000000,0
1782482324.585395,206556.187000,-8.06729000e+01,-178569000.00000000,0
1782482324.600411,206556.203000,-1.39646000e+01,201055000.00000000,0
1782482324.617805,206556.218000,-1.30053000e+02,186038000.00000000,0
1782482324.631737,206556.234000,2.37891000e+01,-136168000.00000000,0
1782482324.647059,206556.250000,3.87351000e+01,61850000.00000000,0
1782482324.662663,206556.265000,-3.65385000e+01,292498000.00000000,0
1782482324.678755,206556.281000,1.99400000e+02,-446049000.00000000,0
1782482324.693626,206556.296000,-1.89415000e+01,-135464000.00000000,0
1782482324.709929,206556.312000,3.92906000e+01,-215069000.00000000,0
1782482324.725177,206556.328000,1.70504000e+02,915472000.00000000,0
1782482324.741740,206556.343000,3.98311000e+01,-112391000.00000000,0
1782482324.755468,206556.343000,-6.62987000e+00,-265948000.00000000,0
1782482324.771773,206556.375000,3.46985000e+01,299940000.00000000,0
1782482324.787387,206556.390000,-2.45231000e+00,-253124000.00000000,0
1782482324.803218,206556.406000,5.79317000e+01,3767210.00000000,0
1782482324.817326,206556.406000,1.38761000e+01,-242960000.00000000,0
1782482324.833487,206556.421000,-5.22012000e+01,-87635000.00000000,0
1782482324.849341,206556.437000,-1.75348000e+01,349245000.00000000,0
1782482324.865354,206556.453000,-9.22799000e+01,-210439000.00000000,0
1782482324.879158,206556.468000,4.87957000e+01,-70985400.00000000,0
1782482324.895648,206556.484000,2.31191000e+02,1146230000.00000000,0
1782482324.911083,206556.500000,8.71238000e+01,-26550800.00000000,0
1782482324.926659,206556.515000,-1.80466000e+01,-478788000.00000000,0
1782482324.942477,206556.531000,-2.01158000e+02,1149050000.00000000,0
1782482324.958020,206556.546000,-1.54433000e+02,50074600.00000000,0
1782482324.973888,206556.562000,-2.40185000e+01,-174005000.00000000,0
1782482324.989541,206556.578000,4.00345000e+01,26323000.00000000,0
1782482325.004668,206556.593000,-1.60536000e+01,410430000.00000000,0
1782482325.020371,206556.609000,-8.31329000e+00,-1071380000.00000000,0
1782482325.036379,206556.625000,-7.84634000e+01,-191954000.00000000,0
1782482325.052423,206556.640000,1.58014000e+01,-354410000.00000000,0
1782482325.068306,206556.656000,-1.25081000e+01,885930000.00000000,0
1782482325.083979,206556.671000,1.14541000e+01,114474000.00000000,0
1782482325.099417,206556.687000,4.30028000e+01,-226896000.00000000,0
1782482325.114835,206556.703000,-5.90659000e+01,-154741000.00000000,0
1782482325.130985,206556.718000,-6.06067000e+01,67722900.00000000,0
1782482325.145957,206556.734000,-5.66947000e+00,201433000.00000000,0
1782482325.162196,206556.750000,-3.07637000e+01,-118407000.00000000,0
1782482325.177696,206556.765000,-5.44866000e+01,532801000.00000000,0
1782482325.193835,206556.796000,-3.25700000e+02,665238000.00000000,0
1782482325.208780,206556.796000,2.66456000e+01,-83984500.00000000,0
1782482325.224936,206556.828000,6.70107000e+00,-169232000.00000000,0
1782482325.240555,206556.843000,-4.83798000e+01,175804000.00000000,0
1782482325.256338,206556.859000,-5.30304000e+01,-72737900.00000000,0
1782482325.271916,206556.875000,1.17846000e+02,-187537000.00000000,0
1782482325.287501,206556.890000,3.38956000e+01,-122387000.00000000,0
1782482325.303658,206556.906000,-1.10766000e+02,-455846000.00000000,0
1782482325.319099,206556.921000,-3.52814000e+01,134762000.00000000,0
1782482325.334119,206556.921000,2.29483000e+01,-338934000.00000000,0
1782482325.350067,206556.953000,-9.64507000e+01,456419000.00000000,0
1782482325.366210,206556.968000,-5.91573000e+01,35705400.00000000,0
1782482325.382015,206556.984000,-4.50620000e+01,-274192000.00000000,0
1782482325.397463,206557.000000,-2.43542000e+01,206460000.00000000,0
1782482325.413413,206557.015000,-5.11784000e+01,-174578000.00000000,0
1782482325.429167,206557.031000,-2.28397000e+01,-86074700.00000000,0
1782482325.444410,206557.046000,-3.82455000e+01,-67455800.00000000,0
1782482325.460143,206557.062000,4.74099000e+01,34582500.00000000,0
1782482325.475781,206557.078000,5.46319000e+01,-810327000.00000000,0
1782482325.492113,206557.093000,1.40115000e+01,-145150000.00000000,0
1782482325.507259,206557.109000,3.59909000e+01,356841000.00000000,0
1782482325.523087,206557.125000,1.19736000e+01,-168903000.00000000,0
1782482325.538542,206557.140000,-2.40931000e+01,496033000.00000000,0
1782482325.554618,206557.156000,-5.33679000e+01,-46847000.00000000,0
1782482325.569382,206557.171000,6.65945000e+01,100365000.00000000,0
1782482325.585044,206557.187000,-5.73745000e+01,-27108700.00000000,0
1782482325.600485,206557.203000,1.38360000e+02,367685000.00000000,0
1782482325.616547,206557.218000,4.01598000e+01,479782000.00000000,0
1782482325.631409,206557.234000,1.13404000e+02,-289660000.00000000,0
1782482325.647522,206557.250000,2.40810000e+01,449678000.00000000,0
1782482325.663342,206557.265000,1.00239000e+02,92200900.00000000,0
1782482325.679327,206557.281000,-2.61250000e+01,92307200.00000000,0
1782482325.694350,206557.296000,-3.18096000e+01,-661551000.00000000,0
1782482325.710403,206557.312000,1.28875000e+02,-53190400.00000000,0
1782482325.727199,206557.328000,-5.54652000e+01,-125299000.00000000,0
1782482325.741033,206557.343000,-4.06351000e+01,216926000.00000000,0
1782482325.756587,206557.359000,9.24387000e+01,310357000.00000000,0
1782482325.772173,206557.375000,1.16841000e+01,-177959000.00000000,0
1782482325.788005,206557.390000,-2.91131000e+01,-185317000.00000000,0
1782482325.809465,206557.406000,-3.00999000e+01,87108500.00000000,0
1782482325.817971,206557.406000,-8.83791000e+01,1032330000.00000000,0
1782482325.834082,206557.421000,1.52525000e+01,196063000.00000000,0
1782482325.850076,206557.453000,-4.61309000e+01,-221204000.00000000,0
1782482325.871225,206557.468000,4.84810000e+01,747450000.00000000,0
1782482325.880312,206557.468000,-7.31303000e+01,-248893000.00000000,0
1782482325.896040,206557.484000,-1.38383000e+02,7164940.00000000,0
1782482325.912197,206557.500000,7.92885000e+00,-152961000.00000000,0
1782482325.931420,206557.531000,-1.24430000e+01,156975000.00000000,0
1782482325.943506,206557.531000,-4.05133000e+01,178198000.00000000,0
1782482325.959255,206557.562000,-8.10470000e+00,257562000.00000000,0
1782482325.974650,206557.562000,-4.72649000e+01,109557000.00000000,0
1782482325.992438,206557.593000,-2.29904000e+01,387232000.00000000,0
1782482326.004568,206557.593000,3.44035000e+01,328699000.00000000,0
1782482326.021084,206557.609000,2.18593000e+01,206348000.00000000,0
1782482326.036512,206557.625000,-2.44198000e+01,-159807000.00000000,0
1782482326.054534,206557.656000,-1.95186000e+02,-559220000.00000000,0
1782482326.067024,206557.656000,-2.07828000e+01,-628021000.00000000,0
1782482326.083041,206557.671000,-9.75007000e+01,-216199000.00000000,0
1782482326.098646,206557.687000,-1.49467000e+01,214683000.00000000,0
1782482326.116345,206557.718000,4.87198000e+01,-8479750.00000000,0
1782482326.129239,206557.718000,1.59872000e+01,-131857000.00000000,0
1782482326.145000,206557.734000,6.24169000e+01,-1282730000.00000000,0
1782482326.160887,206557.750000,7.13289000e+01,-107290000.00000000,0
1782482326.178497,206557.781000,-2.14459000e+01,175494000.00000000,0
1782482326.191092,206557.781000,-1.15557000e+01,-494910000.00000000,0
1782482326.207187,206557.796000,-3.33607000e+01,100918000.00000000,0
1782482326.222986,206557.812000,-3.83345000e+01,444168000.00000000,0
1782482326.240507,206557.843000,5.19813000e+01,-304034000.00000000,0
1782482326.253451,206557.843000,4.46672000e+01,523069000.00000000,0
1782482326.269041,206557.859000,-3.72225000e+01,226200000.00000000,0
1782482326.284851,206557.875000,-1.03609000e+01,213721000.00000000,0
1782482326.302537,206557.890000,-2.29436000e+02,-1527120000.00000000,0
1782482326.315250,206557.906000,3.86450000e+01,-67661600.00000000,0
1782482326.331040,206557.921000,-4.83207000e+01,-33206900.00000000,0
1782482326.346592,206557.937000,1.93266000e+02,-94719700.00000000,0
1782482326.363966,206557.953000,-2.13308000e+02,-132563000.00000000,0
1782482326.377036,206557.968000,6.60901000e-01,-669976000.00000000,0
1782482326.392535,206557.984000,2.72865000e+01,117658000.00000000,0
1782482326.407907,206558.000000,-5.33005000e+01,-688267000.00000000,0
1782482326.423951,206558.015000,4.33946000e+00,-190973000.00000000,0
1782482326.439384,206558.031000,-8.40694000e+01,343664000.00000000,0
1782482326.455155,206558.046000,4.06829000e+01,-246379000.00000000,0
1782482326.470856,206558.062000,3.02407000e+01,-308999000.00000000,0
1782482326.486637,206558.078000,1.85473000e+01,-164677000.00000000,0
1782482326.502106,206558.093000,1.09201000e+01,388943000.00000000,0
1782482326.517370,206558.109000,-5.97497000e+01,-108034000.00000000,0
1782482326.533843,206558.125000,-8.94524000e+00,179255000.00000000,0
1782482326.549135,206558.140000,-9.16016000e+01,487354000.00000000,0
1782482326.565498,206558.156000,1.20355000e+02,-126761000.00000000,0
1782482326.579833,206558.171000,-1.30938000e+00,-862588000.00000000,0
1782482326.594669,206558.187000,-1.38192000e+01,-527677000.00000000,0
1782482326.611402,206558.203000,-3.56583000e+01,716410000.00000000,0
1782482326.626058,206558.218000,-2.82907000e+01,-307710000.00000000,0
1782482326.641453,206558.234000,1.79080000e+01,156463000.00000000,0
1782482326.657288,206558.250000,1.76262000e+01,-237892000.00000000,0
1782482326.672490,206558.265000,-1.03371000e+01,881586000.00000000,0
1782482326.688435,206558.281000,3.03407000e+01,-332067000.00000000,0
1782482326.704653,206558.296000,3.73141000e+01,-395548000.00000000,0
1782482326.718463,206558.312000,-2.36659000e+01,14994300.00000000,0
1782482326.736085,206558.328000,6.97900000e+01,-56062100.00000000,0
1782482326.749762,206558.343000,5.33859000e+01,-245693000.00000000,0
1782482326.765465,206558.359000,-7.13732000e+01,-521610000.00000000,0
1782482326.780707,206558.375000,-1.30263000e+02,-34319300.00000000,0
1782482326.797890,206558.390000,2.53560000e+01,362051000.00000000,0
1782482326.811153,206558.406000,-6.38073000e+01,-28455200.00000000,0
1782482326.827189,206558.421000,7.39216000e+01,-135809000.00000000,0
1782482326.843037,206558.437000,1.17183000e+01,173945000.00000000,0
1782482326.858988,206558.453000,5.37127000e+01,-76452300.00000000,0
1782482326.874026,206558.468000,1.43614000e+01,132227000.00000000,0
1782482326.889859,206558.484000,1.05401000e+02,112292000.00000000,0
1782482326.905370,206558.500000,-4.82587000e+01,-417475000.00000000,0
1782482326.921778,206558.515000,-6.86886000e+00,-142912000.00000000,0
1782482326.935845,206558.531000,-1.81838000e+01,-196581000.00000000,0
1782482326.951361,206558.546000,5.23058000e+00,315080000.00000000,0
1782482326.967446,206558.562000,5.54086000e+02,-1001210000.00000000,0
1782482326.984847,206558.578000,-6.59116000e+01,42180400.00000000,0
1782482326.998014,206558.593000,-2.69071000e+01,-435853000.00000000,0
1782482327.013223,206558.609000,6.24786000e+00,-145746000.00000000,0
1782482327.029227,206558.625000,1.01924000e+02,-54679700.00000000,0
1782482327.046211,206558.640000,1.03316000e+01,-246437000.00000000,0
1782482327.060082,206558.656000,2.83901000e+01,-150944000.00000000,0
1782482327.075634,206558.671000,-4.28786000e+01,192932000.00000000,0
1782482327.090480,206558.687000,-3.77704000e+01,-229624000.00000000,0
1782482327.108893,206558.703000,-8.35938000e+01,-424366000.00000000,0
1782482327.121372,206558.718000,4.05378000e+01,312725000.00000000,0
1782482327.137545,206558.734000,-1.06276000e+02,217433000.00000000,0
1782482327.153301,206558.750000,1.79281000e+01,-241769000.00000000,0
1782482327.169113,206558.765000,1.39583000e+01,285102000.00000000,0
1782482327.185722,206558.781000,-2.89135000e+00,-152668000.00000000,0
1782482327.199642,206558.796000,2.22681000e+01,253140000.00000000,0
1782482327.214876,206558.812000,1.52818000e+01,-254986000.00000000,0
1782482327.231129,206558.828000,4.90785000e+00,-192051000.00000000,0
1782482327.247888,206558.843000,4.10377000e+01,176475000.00000000,0
1782482327.261525,206558.859000,-7.88566000e+01,-276116000.00000000,0
1782482327.277265,206558.875000,-2.55473000e+01,80065400.00000000,0
1782482327.292507,206558.890000,1.31709000e+02,-701348000.00000000,0
1782482327.309239,206558.906000,5.99072000e+01,-736559000.00000000,0
1782482327.323401,206558.921000,3.40323000e+01,62395400.00000000,0
1782482327.338993,206558.937000,-1.92607000e+01,-297914000.00000000,0
1782482327.354082,206558.953000,-2.94696000e+01,-164374000.00000000,0
1782482327.371779,206558.968000,-4.93360000e+01,180463000.00000000,0
1782482327.385218,206558.984000,4.39705000e+01,53630700.00000000,0
1782482327.400734,206559.000000,-3.33704000e+01,-286345000.00000000,0
1782482327.416610,206559.015000,-2.94356000e+01,221970000.00000000,0
1782482327.434285,206559.031000,-3.17589000e-01,235633000.00000000,0
1782482327.446400,206559.046000,-7.20949000e+01,-942910000.00000000,0
1782482327.462159,206559.062000,3.55250000e+01,454200000.00000000,0
1782482327.478369,206559.078000,-6.44683000e+01,264700000.00000000,0
1782482327.494232,206559.093000,2.88974000e+01,-141540000.00000000,0
1782482327.509215,206559.109000,3.83287000e+01,-162726000.00000000,0
1782482327.525134,206559.125000,6.54385000e+01,454518000.00000000,0
1782482327.541145,206559.140000,1.57998000e+01,-329389000.00000000,0
1782482327.557364,206559.156000,3.56155000e+01,487941000.00000000,0
1782482327.571884,206559.171000,1.64452000e+01,-180879000.00000000,0
1782482327.587284,206559.187000,4.15924000e+00,361679000.00000000,0
1782482327.602786,206559.203000,2.38373000e+01,-69830300.00000000,0
1782482327.618999,206559.218000,-5.58005000e+01,-559207000.00000000,0
1782482327.634224,206559.234000,-1.04358000e+02,-672411000.00000000,0
1782482327.650299,206559.250000,4.95448000e+01,-47673900.00000000,0
1782482327.666167,206559.265000,-4.35671000e+01,-289333000.00000000,0
1782482327.681010,206559.281000,-3.44988000e+01,-78829000.00000000,0
1782482327.696515,206559.296000,6.16233000e+01,89096800.00000000,0
1782482327.712175,206559.312000,1.11012000e+01,152470000.00000000,0
1782482327.727988,206559.328000,8.31066000e+01,198024000.00000000,0
1782482327.743356,206559.343000,-5.93909000e+00,370460000.00000000,0
1782482327.758373,206559.359000,-4.58347000e+01,160235000.00000000,0
1782482327.774739,206559.375000,-3.00379000e+01,299216000.00000000,0
1782482327.790292,206559.390000,8.54742000e+00,187842000.00000000,0
1782482327.806402,206559.406000,-4.95731000e+01,-299777000.00000000,0
1782482327.822084,206559.421000,-5.65992000e+01,-352646000.00000000,0
1782482327.837186,206559.437000,-2.05937000e+01,332317000.00000000,0
1782482327.852143,206559.453000,1.73654000e+02,319069000.00000000,0
1782482327.870149,206559.468000,-6.67090000e+01,-149755000.00000000,0
1782482327.884052,206559.484000,-4.08085000e+01,-20251100.00000000,0
1782482327.899360,206559.500000,-1.17628000e+01,612304000.00000000,0
1782482327.914974,206559.515000,-8.21022000e+01,-16133800.00000000,0
1782482327.932289,206559.531000,1.06151000e+02,1168850000.00000000,0
1782482327.946008,206559.546000,-2.36458000e+02,2423180000.00000000,0
1782482327.961380,206559.562000,-2.00829000e+01,-494451000.00000000,0
1782482327.976237,206559.578000,9.54531000e+01,-212010000.00000000,0
1782482327.992244,206559.593000,1.12579000e+01,172900000.00000000,0
1782482328.007741,206559.609000,3.37494000e+00,464832000.00000000,0
1782482328.023160,206559.625000,-3.80245000e+01,138537000.00000000,0
1782482328.039196,206559.640000,-5.92849000e+00,219206000.00000000,0
1782482328.054551,206559.656000,-2.68731000e+01,8252970.00000000,0
1782482328.070327,206559.671000,-3.84044000e+00,412683000.00000000,0
1782482328.085274,206559.687000,-2.44396000e+01,-78795300.00000000,0
1782482328.103003,206559.703000,1.29314000e-01,415572000.00000000,0
1782482328.119464,206559.718000,-3.35090000e+00,436462000.00000000,0
1782482328.134899,206559.734000,6.99246000e+01,660762000.00000000,0
1782482328.150855,206559.750000,-1.49282000e+02,-2228220000.00000000,0
1782482328.166798,206559.765000,3.73368000e+01,-184185000.00000000,0
1782482328.182284,206559.781000,4.13610000e+00,-465925000.00000000,0
1782482328.197860,206559.796000,-3.38765000e+01,110834000.00000000,0
1782482328.213187,206559.812000,-5.41548000e+00,163748000.00000000,0
1782482328.229530,206559.828000,1.00423000e+02,-1012550000.00000000,0
1782482328.244982,206559.843000,1.66237000e+02,-1595500000.00000000,0
1782482328.260829,206559.859000,1.71715000e+01,520973000.00000000,0
1782482328.276128,206559.875000,-1.09515000e+02,-650517000.00000000,0
1782482328.294080,206559.890000,-8.36283000e+01,-42151900.00000000,0
1782482328.306870,206559.906000,-1.40846000e+01,225449000.00000000,0
1782482328.322658,206559.921000,9.60445000e+00,-300067000.00000000,0
1782482328.338067,206559.937000,1.44677000e+01,-279405000.00000000,0
1782482328.355420,206559.953000,-1.18767000e+02,-176502.00000000,0
1782482328.369417,206559.968000,1.57825000e+01,154576000.00000000,0
1782482328.385266,206559.984000,-3.13417000e+01,-318862000.00000000,0
1782482328.400737,206560.000000,1.84040000e+02,-1964870000.00000000,0
1782482328.416916,206560.015000,4.26797000e+01,-234699000.00000000,0
1782482328.431432,206560.031000,-3.37632000e+01,78575500.00000000,0
1782482328.447075,206560.046000,6.70440000e+01,-119379000.00000000,0
1782482328.462711,206560.062000,5.21263000e+01,-217595000.00000000,0
1782482328.478703,206560.078000,1.69631000e+01,-74594300.00000000,0
1782482328.492967,206560.093000,1.98169000e+02,648262000.00000000,0
1782482328.508598,206560.109000,-1.64888000e+01,-45432600.00000000,0
1782482328.524057,206560.125000,3.42046000e+01,-123052000.00000000,0
1782482328.541516,206560.140000,-4.55276000e+01,-20452500.00000000,0
1782482328.554480,206560.156000,9.54838000e+01,-129154000.00000000,0
1782482328.570718,206560.171000,-6.48815000e+00,-424571000.00000000,0
1782482328.586190,206560.187000,-2.96608000e+01,342650000.00000000,0
1782482328.603332,206560.203000,2.11698000e+01,-271437000.00000000,0
1782482328.616538,206560.218000,-2.58757000e+01,305624000.00000000,0
1782482328.631818,206560.234000,-3.67531000e+01,-247696000.00000000,0
1782482328.648227,206560.250000,-2.38180000e+01,-16293000.00000000,0
1782482328.665524,206560.265000,-5.13794000e+01,491162000.00000000,0
1782482328.678828,206560.281000,7.21320000e+01,-205847000.00000000,0
1782482328.694446,206560.296000,-9.33071000e+01,-119517000.00000000,0
1782482328.710071,206560.312000,-3.24657000e+01,270343000.00000000,0
1782482328.725683,206560.328000,6.90395000e+01,5033890.00000000,0
1782482328.742993,206560.343000,-4.75000000e+01,29933700.00000000,0
1782482328.755802,206560.343000,-1.52426000e+01,165787000.00000000,0
1782482328.771836,206560.375000,5.30743000e+01,-594463000.00000000,0
1782482328.786911,206560.375000,1.06683000e+00,153927000.00000000,0
1782482328.802621,206560.390000,1.28499000e+02,639958000.00000000,0
1782482328.818378,206560.406000,2.78209000e+01,146677000.00000000,0
1782482328.834794,206560.437000,2.03280000e+01,-169430000.00000000,0
1782482328.849784,206560.437000,1.09113000e+01,448792000.00000000,0
1782482328.866277,206560.468000,-1.18293000e+01,380651000.00000000,0
1782482328.881821,206560.484000,4.32810000e+01,-269910000.00000000,0
1782482328.896817,206560.500000,3.72810000e+01,-398780000.00000000,0
1782482328.913173,206560.515000,8.13892000e+01,-295536000.00000000,0
1782482328.928256,206560.531000,-1.70889000e+01,522540000.00000000,0
1782482328.944285,206560.546000,6.45420000e+01,-1118710000.00000000,0
1782482328.960216,206560.562000,-9.41897000e+00,261761000.00000000,0
1782482328.977502,206560.578000,4.70935000e+01,118516000.00000000,0
1782482328.990930,206560.593000,1.37086000e+01,135565000.00000000,0
1782482329.005938,206560.593000,-3.11268000e+01,-106731000.00000000,0
1782482329.021401,206560.609000,-1.41957000e+01,82692700.00000000,0
1782482329.037522,206560.640000,4.86864000e+01,189325000.00000000,0
1782482329.055305,206560.656000,1.17417000e+01,-201466000.00000000,0
1782482329.068075,206560.656000,1.64577000e+02,743258000.00000000,0
1782482329.084198,206560.687000,-1.05501000e+02,-72664000.00000000,0
1782482329.099509,206560.687000,1.41053000e+01,-219368000.00000000,0
1782482329.116647,206560.718000,-4.21503000e+01,-51847200.00000000,0
1782482329.129902,206560.718000,4.87811000e+01,244585000.00000000,0
1782482329.145551,206560.734000,-1.33891000e+01,183262000.00000000,0
1782482329.161155,206560.750000,-4.92676000e+01,20667900.00000000,0
1782482329.176976,206560.765000,-2.42569000e+01,-203072000.00000000,0
1782482329.192403,206560.781000,-1.27611000e+01,306977000.00000000,0
1782482329.208411,206560.796000,2.67589000e+01,109131000.00000000,0
1782482329.224239,206560.812000,-1.33738000e+01,-163160000.00000000,0
1782482329.241216,206560.843000,-8.95128000e+01,2210700000.00000000,0
1782482329.254989,206560.843000,6.95667000e+01,-623189000.00000000,0
1782482329.270242,206560.859000,-7.68637000e+01,273090000.00000000,0
1782482329.285980,206560.875000,9.96438000e+01,1468040000.00000000,0
1782482329.302665,206560.890000,3.32982000e+01,-398772000.00000000,0
1782482329.316783,206560.906000,-1.38091000e+01,-221047000.00000000,0
1782482329.332621,206560.921000,8.98163000e+01,-173710000.00000000,0
1782482329.347995,206560.937000,5.25547000e+01,-164336000.00000000,0
1782482329.365045,206560.953000,-2.17283000e+01,539750000.00000000,0
1782482329.378506,206560.968000,9.57574000e+01,256420000.00000000,0
1782482329.394332,206560.984000,2.85338000e+01,428255000.00000000,0
1782482329.409829,206561.000000,-3.54169000e+01,-104264000.00000000,0
1782482329.426237,206561.015000,4.64653000e+01,321214000.00000000,0
1782482329.440217,206561.031000,-2.35505000e+01,56136300.00000000,0
1782482329.456007,206561.046000,4.04661000e+01,-512344000.00000000,0
1782482329.471925,206561.062000,1.46120000e+01,-273507000.00000000,0
1782482329.487856,206561.078000,3.61634000e+01,238443000.00000000,0
1782482329.503266,206561.093000,2.93475000e+00,227033000.00000000,0
1782482329.518149,206561.109000,1.57771000e+01,-856611000.00000000,0
1782482329.534180,206561.125000,7.10343000e+01,62049000.00000000,0
1782482329.576079,206561.171000,2.25078000e+01,-180666000.00000000,0
1782482329.581949,206561.171000,3.26420000e+01,-89396100.00000000,0
1782482329.593484,206561.187000,-4.84556000e+01,-169080000.00000000,0
1782482329.609906,206561.203000,3.90732000e+01,-413311000.00000000,0
1782482329.625529,206561.218000,7.22537000e+01,-224018000.00000000,0
1782482329.641560,206561.234000,5.71135000e+01,-631912000.00000000,0
1782482329.657066,206561.250000,-1.22928000e+02,391723000.00000000,0
1782482329.672762,206561.265000,4.05535000e+01,-64942500.00000000,0
1782482329.688748,206561.281000,5.53196000e+01,818724000.00000000,0
1782482329.704418,206561.296000,-5.58840000e+01,-792561000.00000000,0
1782482329.719209,206561.312000,-9.32598000e+00,-153336000.00000000,0
1782482329.735553,206561.328000,3.71592000e+01,-308897000.00000000,0
1782482329.750596,206561.343000,-2.47900000e+01,272784000.00000000,0
1782482329.766886,206561.359000,-6.47878000e+00,125186000.00000000,0
1782482329.782741,206561.375000,1.39623000e+01,238549000.00000000,0
1782482329.798456,206561.390000,-5.13281000e+01,-88075700.00000000,0
1782482329.813038,206561.406000,-2.05307000e+01,-276529000.00000000,0
1782482329.828760,206561.421000,-4.21606000e+01,-67003200.00000000,0
1782482329.843986,206561.437000,-3.01876000e+01,-259195000.00000000,0
1782482329.860446,206561.453000,3.76160000e+01,-137737000.00000000,0
1782482329.875578,206561.468000,-1.74420000e+01,929559000.00000000,0
1782482329.891237,206561.484000,8.72941000e+01,-1890500000.00000000,0
1782482329.907194,206561.500000,-2.29407000e+01,-42747200.00000000,0
1782482329.923673,206561.515000,2.06661000e+01,-50197700.00000000,0
1782482329.937819,206561.531000,-3.13704000e+01,-7606940.00000000,0
1782482329.953184,206561.546000,4.68292000e+01,-759642000.00000000,0
1782482329.969332,206561.562000,4.81832000e+01,-49683700.00000000,0
1782482329.986573,206561.578000,-2.28904000e+00,-370531000.00000000,0
1782482329.999863,206561.593000,6.21530000e+00,313840000.00000000,0
1782482330.015698,206561.609000,-4.57103000e+01,-1495240000.00000000,0
1782482330.031127,206561.625000,3.32204000e+01,4000150.00000000,0
1782482330.047285,206561.640000,-3.02148000e+01,-83717200.00000000,0
1782482330.062713,206561.656000,2.22449000e+01,-442050000.00000000,0
1782482330.078256,206561.671000,3.00038000e+01,-579093000.00000000,0
1782482330.094115,206561.687000,2.36856000e+01,-712565000.00000000,0
1782482330.110589,206561.703000,-2.82860000e+01,-128045000.00000000,0
1782482330.124351,206561.718000,2.81527000e+01,469927000.00000000,0
1782482330.140161,206561.734000,3.01517000e+02,-504731000.00000000,0
1782482330.156108,206561.750000,-7.66300000e+01,274545000.00000000,0
1782482330.170571,206561.765000,1.09105000e+02,-254469000.00000000,0
1782482330.187138,206561.781000,3.21789000e+01,-44988200.00000000,0
1782482330.203012,206561.796000,1.21101000e+01,-371389000.00000000,0
1782482330.218494,206561.812000,8.78648000e+01,322655000.00000000,0
1782482330.234429,206561.828000,-1.01256000e+02,-548846000.00000000,0
1782482330.250234,206561.843000,1.99352000e+01,264577000.00000000,0
1782482330.265866,206561.859000,-6.14306000e+01,-142545000.00000000,0
1782482330.281318,206561.875000,8.20649000e+00,-214493000.00000000,0
1782482330.298434,206561.890000,1.45580000e+01,1080070000.00000000,0
1782482330.312046,206561.906000,2.26781000e+00,496956000.00000000,0
1782482330.327361,206561.921000,-5.10259000e+01,299505000.00000000,0
1782482330.343466,206561.937000,-1.13290000e+02,-325519000.00000000,0
1782482330.359726,206561.953000,2.60111000e+01,-19131300.00000000,0
1782482330.374048,206561.968000,6.70406000e+01,439174000.00000000,0
1782482330.389772,206561.984000,-1.44896000e+01,327732000.00000000,0
1782482330.405254,206562.000000,-2.50023000e+01,118285000.00000000,0
1782482330.421968,206562.015000,-2.80833000e+01,-27313500.00000000,0
1782482330.435948,206562.031000,3.99406000e+01,338552000.00000000,0
1782482330.451504,206562.046000,2.79612000e+01,117178000.00000000,0
1782482330.467376,206562.062000,-2.30622000e+01,12514000.00000000,0
1782482330.483011,206562.078000,8.88087000e+00,-362529000.00000000,0
1782482330.497786,206562.093000,-7.21509000e+01,-74801200.00000000,0
1782482330.513758,206562.109000,4.48620000e+00,271170000.00000000,0
1782482330.529696,206562.125000,-2.62700000e+01,150147000.00000000,0
1782482330.545534,206562.140000,7.87833000e+00,-187651000.00000000,0
1782482330.560544,206562.156000,-7.40887000e+01,11353200.00000000,0
1782482330.576356,206562.171000,-1.18479000e+01,-1084440000.00000000,0
1782482330.592015,206562.187000,-6.42968000e+01,733320000.00000000,0
1782482330.609581,206562.203000,-2.83060000e+01,-1429050000.00000000,0
1782482330.622694,206562.218000,-3.71558000e+01,-197019000.00000000,0
1782482330.638235,206562.234000,1.03904000e+01,139420000.00000000,0
1782482330.653481,206562.250000,4.12323000e+01,-281549000.00000000,0
1782482330.670715,206562.265000,-6.59093000e+00,-578302000.00000000,0
1782482330.683976,206562.281000,-4.22977000e+01,-46659600.00000000,0
1782482330.700587,206562.296000,-1.19849000e+01,-327265000.00000000,0
1782482330.715466,206562.312000,-9.47073000e+01,307861000.00000000,0
1782482330.736570,206562.328000,7.40595000e+01,-91763000.00000000,0
1782482330.746844,206562.343000,-5.22903000e+01,1081730000.00000000,0
1782482330.762370,206562.359000,4.54044000e+00,-292578000.00000000,0
1782482330.778168,206562.375000,-1.62407000e+02,923301000.00000000,0
1782482330.795420,206562.390000,2.22673000e+01,-166136000.00000000,0
1782482330.808759,206562.406000,4.25910000e+01,-74572600.00000000,0
1782482330.824496,206562.421000,5.24374000e+00,-154097000.00000000,0
1782482330.839536,206562.437000,-2.64164000e+01,-96079000.00000000,0
1782482330.857009,206562.453000,-2.24750000e+02,2322040000.00000000,0
1782482330.870502,206562.468000,-2.83036000e+01,-333824000.00000000,0
1782482330.885979,206562.484000,-1.32971000e+02,142045000.00000000,0
1782482330.901761,206562.500000,-1.28154000e+01,-57857200.00000000,0
1782482330.918363,206562.515000,-3.14904000e+01,-378819000.00000000,0
1782482330.932024,206562.531000,-3.04569000e+01,-30222100.00000000,0
1782482330.948766,206562.546000,-3.12760000e+01,-23858600.00000000,0
1782482330.964708,206562.562000,2.93716000e+01,49044900.00000000,0
1782482330.983441,206562.578000,-1.65988000e+01,115231000.00000000,0
1782482330.994661,206562.593000,8.18480000e+00,198408000.00000000,0
1782482331.010921,206562.609000,3.09000000e+02,-836409000.00000000,0
1782482331.026703,206562.625000,-3.57059000e+01,-73309200.00000000,0
1782482331.042563,206562.640000,3.88482000e+01,604678000.00000000,0
1782482331.058082,206562.656000,7.87091000e+01,393759000.00000000,0
1782482331.073431,206562.671000,2.90485000e+01,-264635000.00000000,0
1782482331.089350,206562.687000,5.98589000e+01,-53852400.00000000,0
1782482331.105362,206562.703000,-1.75022000e+01,-309179000.00000000,0
1782482331.120534,206562.718000,1.03222000e+00,-289038000.00000000,0
1782482331.136255,206562.734000,3.57114000e+01,-282277000.00000000,0
1782482331.152246,206562.750000,3.87083000e+01,52705400.00000000,0
1782482331.170591,206562.765000,5.13712000e+00,-168544000.00000000,0
1782482331.182738,206562.781000,8.42575000e+01,245891000.00000000,0
1782482331.198241,206562.796000,-2.80056000e+01,327113000.00000000,0
1782482331.213473,206562.812000,-8.83980000e+00,-210988000.00000000,0
1782482331.235607,206562.828000,7.39326000e+00,265431000.00000000,0
1782482331.244699,206562.843000,-3.80511000e+01,367489000.00000000,0
1782482331.260402,206562.859000,-1.05166000e+01,-349687000.00000000,0
1782482331.275181,206562.875000,-3.28455000e+01,324765000.00000000,0
1782482331.291750,206562.890000,-4.50707000e+01,-415890000.00000000,0
1782482331.309212,206562.906000,3.22210000e+01,65861100.00000000,0
1782482331.321936,206562.921000,-2.85209000e+01,55339700.00000000,0
1782482331.337466,206562.937000,1.18592000e+02,-72403400.00000000,0
1782482331.356391,206562.953000,3.85828000e+01,72063900.00000000,0
1782482331.368775,206562.968000,-4.38712000e+01,283745000.00000000,0
1782482331.385134,206562.984000,-6.54120000e+01,-329251000.00000000,0
1782482331.400321,206563.000000,1.92127000e+01,-550196000.00000000,0
1782482331.416177,206563.015000,-9.63100000e+00,-234682000.00000000,0
1782482331.432119,206563.031000,-2.30119000e+01,-179020000.00000000,0
1782482331.447623,206563.046000,9.73091000e+00,126002000.00000000,0
1782482331.463164,206563.062000,1.23118000e+02,-144954000.00000000,0
1782482331.484370,206563.078000,-4.38063000e+01,168111000.00000000,0
1782482331.494057,206563.093000,-2.25907000e+01,-16260600.00000000,0
1782482331.509370,206563.109000,3.58089000e+01,-283640000.00000000,0
1782482331.524904,206563.125000,-1.69510000e+01,586104000.00000000,0
1782482331.540631,206563.140000,-1.92767000e+01,142782000.00000000,0
1782482331.560957,206563.156000,6.00114000e+01,465305000.00000000,0
1782482331.571159,206563.171000,1.87963000e+01,246168000.00000000,0
1782482331.587010,206563.187000,-1.62864000e+01,704434000.00000000,0
1782482331.602216,206563.203000,1.06308000e+01,499606000.00000000,0
1782482331.623057,206563.218000,-3.13312000e+01,-296626000.00000000,0
1782482331.633147,206563.234000,-4.72439000e+01,297430000.00000000,0
1782482331.648885,206563.250000,-1.11456000e+01,-395670000.00000000,0
1782482331.664694,206563.265000,2.33096000e+01,111225000.00000000,0
1782482331.685444,206563.281000,-4.27542000e+01,246873000.00000000,0
1782482331.694977,206563.296000,1.53934000e+01,-427903000.00000000,0
1782482331.711043,206563.312000,-2.52103000e+01,160658000.00000000,0
1782482331.726384,206563.328000,-3.43194000e+00,-239246000.00000000,0
1782482331.747051,206563.343000,-2.46423000e+02,-51505300.00000000,0
1782482331.756568,206563.359000,-1.78161000e+02,696953000.00000000,0
1782482331.773095,206563.375000,1.22896000e+02,173028000.00000000,0
1782482331.787848,206563.390000,-3.05915000e+01,-97822700.00000000,0
1782482331.807685,206563.406000,-5.58260000e+01,-95080400.00000000,0
1782482331.818482,206563.406000,6.23665000e+01,-37304000.00000000,0
1782482331.834191,206563.437000,1.55661000e+01,356424000.00000000,0
1782482331.850459,206563.453000,-7.29349000e+01,111471000.00000000,0
1782482331.868666,206563.468000,2.20907000e+01,-231982000.00000000,0
1782482331.880741,206563.468000,1.70543000e+01,-181631000.00000000,0
1782482331.896193,206563.484000,-7.36508000e+01,-342872000.00000000,0
1782482331.912257,206563.500000,4.78470000e+01,-83542300.00000000,0
1782482331.933537,206563.531000,-7.87746000e+01,53106200.00000000,0
1782482331.943556,206563.546000,-5.16207000e+01,-99769100.00000000,0
1782482331.957907,206563.546000,7.90417000e-01,229587000.00000000,0
1782482331.973550,206563.562000,9.62785000e+01,-633862000.00000000,0
1782482331.988897,206563.578000,-6.53316000e+01,248636000.00000000,0
1782482332.004959,206563.593000,-6.78705000e+01,-469386000.00000000,0
1782482332.020761,206563.609000,3.67485000e+00,-365979000.00000000,0
1782482332.036714,206563.625000,-4.16744000e+01,42104800.00000000,0
1782482332.055937,206563.656000,1.01200000e+02,901354000.00000000,0
1782482332.066644,206563.656000,1.76529000e+00,-145340000.00000000,0
1782482332.082690,206563.671000,-1.23205000e+02,-714277000.00000000,0
1782482332.098568,206563.687000,2.00967000e+01,247211000.00000000,0
1782482332.114175,206563.703000,-8.56891000e+01,138213000.00000000,0
1782482332.129978,206563.718000,-5.37760000e+01,-43625100.00000000,0
1782482332.145681,206563.734000,4.43923000e+01,357528000.00000000,0
1782482332.161597,206563.750000,1.76547000e+01,-108619000.00000000,0
1782482332.178365,206563.781000,1.65056000e+01,97540300.00000000,0
1782482332.191843,206563.781000,-3.57428000e+01,-96518400.00000000,0
1782482332.207784,206563.796000,-4.11920000e+01,-858047000.00000000,0
1782482332.223870,206563.812000,2.80099000e+01,-46435700.00000000,0
1782482332.240243,206563.828000,-4.56997000e+01,-15543600.00000000,0
1782482332.253653,206563.843000,1.18888000e+02,804460000.00000000,0
1782482332.269631,206563.859000,-2.96070000e+01,-378257000.00000000,0
1782482332.285758,206563.875000,-7.91795000e+01,-163693000.00000000,0
1782482332.301368,206563.890000,-2.96365000e+01,37284600.00000000,0
1782482332.317299,206563.906000,2.33551000e+01,-311249000.00000000,0
1782482332.332962,206563.921000,2.67842000e+01,149837000.00000000,0
1782482332.348538,206563.937000,4.70931000e+00,204920000.00000000,0
1782482332.365418,206563.968000,2.99375000e+01,170221000.00000000,0
1782482332.379355,206563.968000,-7.50076000e+01,365101000.00000000,0
1782482332.394395,206563.984000,-2.90153000e+01,-71970000.00000000,0
1782482332.410601,206564.000000,1.91133000e-01,140036000.00000000,0
1782482332.425958,206564.015000,-4.06439000e+01,271899000.00000000,0
1782482332.441236,206564.031000,-6.19693000e+01,837497000.00000000,0
1782482332.456644,206564.046000,7.44623000e+01,1193920000.00000000,0
1782482332.472901,206564.062000,1.62577000e+02,106336000.00000000,0
1782482332.488399,206564.078000,-1.75099000e+02,642305000.00000000,0
1782482332.503823,206564.093000,3.61981000e+01,-330036000.00000000,0
1782482332.519623,206564.109000,1.49893000e+01,237082000.00000000,0
1782482332.535930,206564.125000,-9.77219000e+00,-233678000.00000000,0
1782482332.551341,206564.140000,-2.25026000e+01,-306369000.00000000,0
1782482332.567293,206564.156000,8.76712000e+01,6092110.00000000,0
1782482332.582709,206564.171000,9.20720000e+00,330806000.00000000,0
1782482332.598425,206564.187000,-2.22833000e+01,-194478000.00000000,0
1782482332.614268,206564.203000,5.75415000e+01,-302393000.00000000,0
1782482332.629348,206564.218000,-1.92154000e+01,163466000.00000000,0
1782482332.645741,206564.234000,-5.16817000e+01,-59162200.00000000,0
1782482332.660837,206564.250000,-5.19363000e+01,729839000.00000000,0
1782482332.676824,206564.265000,-1.40703000e+01,201922000.00000000,0
1782482332.692721,206564.281000,-2.85373000e+01,1290430000.00000000,0
1782482332.708268,206564.296000,-8.89340000e+01,324901000.00000000,0
1782482332.723622,206564.312000,2.68524000e+01,-350018000.00000000,0
1782482332.739531,206564.328000,-7.54295000e+01,-154016000.00000000,0
1782482332.754782,206564.343000,-3.12213000e+01,130067000.00000000,0
1782482332.771003,206564.359000,5.65467000e+01,-393299000.00000000,0
1782482332.786759,206564.375000,-3.31649000e+00,327566000.00000000,0
1782482332.802113,206564.390000,-2.00789000e+01,-121650000.00000000,0
1782482332.817702,206564.406000,6.53325000e+01,-36023000.00000000,0
1782482332.833864,206564.421000,-1.66382000e+00,-269315000.00000000,0
1782482332.849285,206564.437000,1.80391000e+02,-139952000.00000000,0
1782482332.866281,206564.468000,-8.85107000e+01,241511000.00000000,0
1782482332.880083,206564.468000,3.46449000e+01,65977800.00000000,0
1782482332.896015,206564.484000,-3.99240000e+01,226680000.00000000,0
1782482332.911169,206564.500000,-6.85870000e+01,-170080000.00000000,0
1782482332.927456,206564.515000,-1.24519000e+02,-27528400.00000000,0
1782482332.943089,206564.531000,4.64227000e+01,-486350000.00000000,0
1782482332.959383,206564.562000,6.15503000e+01,234405000.00000000,0
