level_mA,heat_ms,sweep,cycle,i_mA,dx_um,x_base_um,baseline_V,peak_V,rise_V,force_mN
150,100,sweep_20260730_135311,2,155.08,16.56,-3649.47,2.01263,2.03235,0.01971,1.93
150,100,sweep_20260730_135311,3,155.15,35.68,-3626.08,2.02161,2.04605,0.02444,2.4
150,100,sweep_20260730_135311,4,159.76,17.74,-3628.39,2.01935,2.03954,0.02019,1.98
150,100,sweep_20260730_135311,5,157.17,12.37,-3602.82,2.02850,2.04696,0.01846,1.81
150,100,sweep_20260730_135311,6,158.00,16.43,-3630.70,2.01818,2.03627,0.01808,1.77
250,100,sweep_20260730_135311,2,252.06,65.49,-3591.98,2.03233,2.06310,0.03078,3.02
250,100,sweep_20260730_135311,3,254.45,53.26,-3623.61,2.02033,2.04973,0.02940,2.88
250,100,sweep_20260730_135311,4,250.58,55.39,-3670.20,2.00648,2.03767,0.03120,3.06
250,100,sweep_20260730_135311,5,251.25,50.78,-3631.70,2.01827,2.05200,0.03373,3.31
350,100,sweep_20260730_135311,2,350.69,96.57,-3611.92,2.02481,2.06976,0.04495,4.41
350,100,sweep_20260730_135311,3,351.75,105.25,-3630.43,2.01897,2.06319,0.04422,4.33
350,100,sweep_20260730_135311,4,352.81,101.14,-3584.42,2.03286,2.07759,0.04473,4.38
350,100,sweep_20260730_135311,5,355.04,99.49,-3636.93,2.01588,2.06117,0.04529,4.44
450,100,sweep_20260730_135311,2,448.64,173.24,-3630.03,2.01953,2.08695,0.06741,6.61
450,100,sweep_20260730_135311,3,446.29,167.40,-3645.80,2.01278,2.07652,0.06374,6.25
450,100,sweep_20260730_135311,4,447.08,176.75,-3672.28,2.00624,2.07271,0.06647,6.52
450,100,sweep_20260730_135311,5,445.72,176.31,-3665.71,2.00714,2.07551,0.06836,6.7
550,100,sweep_20260730_135311,2,545.68,262.83,-3661.03,2.01012,2.10050,0.09038,8.86
550,100,sweep_20260730_135311,3,544.94,253.69,-3618.38,2.02417,2.11169,0.08751,8.58
550,100,sweep_20260730_135311,4,545.97,262.16,-3634.35,2.01840,2.11323,0.09483,9.3
550,100,sweep_20260730_135311,5,544.63,256.95,-3656.95,2.01045,2.10514,0.09469,9.28
650,100,sweep_20260730_135311,2,643.32,376.10,-3623.94,2.02076,2.15206,0.13129,12.87
650,100,sweep_20260730_135311,3,642.50,365.75,-3645.67,2.01271,2.14461,0.13190,12.93
650,100,sweep_20260730_135311,4,647.51,378.86,-3634.73,2.01823,2.15008,0.13186,12.93
650,100,sweep_20260730_135311,5,647.06,368.91,-3597.24,2.02825,2.15431,0.12606,12.36
750,100,sweep_20260730_162137,2,742.42,567.79,-3636.22,1.98895,2.18174,0.19279,18.9
750,100,sweep_20260730_135311,3,747.33,513.65,-3644.75,2.01210,2.18643,0.17433,17.09
750,100,sweep_20260730_162137,3,739.44,544.82,-3652.43,1.98428,2.17092,0.18664,18.3
750,100,sweep_20260730_135311,4,745.16,514.15,-3628.15,2.01762,2.19778,0.18016,17.66
750,100,sweep_20260730_162137,4,741.21,530.77,-3804.46,1.93612,2.11463,0.17851,17.5
750,100,sweep_20260730_162137,5,742.37,521.42,-3730.49,1.95890,2.13817,0.17927,17.57
850,100,sweep_20260730_162137,2,842.53,676.54,-3784.48,1.94148,2.16768,0.22620,22.17
850,100,sweep_20260730_135311,3,845.66,692.75,-3595.14,2.02849,2.26335,0.23487,23.02
850,100,sweep_20260730_162137,3,841.53,726.36,-3729.25,1.96168,2.20246,0.24077,23.6
850,100,sweep_20260730_135311,4,841.53,674.12,-3600.17,2.02376,2.26274,0.23898,23.43
850,100,sweep_20260730_162137,4,841.40,679.77,-3771.49,1.94602,2.17387,0.22785,22.34
850,100,sweep_20260730_135311,5,841.16,668.52,-3579.93,2.03205,2.26101,0.22896,22.45
850,100,sweep_20260730_162137,5,842.65,706.97,-3769.68,1.94877,2.18768,0.23890,23.42
950,100,sweep_20260730_135311,2,937.70,890.21,-3610.44,2.02064,2.31942,0.29879,29.29
950,100,sweep_20260730_135311,3,940.69,896.99,-3606.45,2.02322,2.32527,0.30205,29.61
950,100,sweep_20260730_135311,4,942.97,892.95,-3613.98,2.01969,2.31855,0.29887,29.3
950,100,sweep_20260730_135311,5,951.87,918.80,-3629.42,2.01482,2.32167,0.30684,30.08
150,200,sweep_20260730_135311,2,157.35,38.63,-3682.30,2.00254,2.02833,0.02579,2.53
150,200,sweep_20260730_135311,3,157.91,26.02,-3640.62,2.01582,2.03921,0.02339,2.29
150,200,sweep_20260730_135311,4,154.78,51.88,-3695.61,1.99653,2.02647,0.02994,2.94
150,200,sweep_20260730_135311,5,155.45,32.63,-3652.46,2.01181,2.03806,0.02625,2.57
150,200,sweep_20260730_135311,6,157.55,-37.72,-3631.16,2.01739,2.03127,0.01388,1.36
250,200,sweep_20260730_135311,2,255.00,99.70,-3631.48,2.01873,2.05932,0.04059,3.98
250,200,sweep_20260730_135311,3,250.97,105.46,-3658.21,2.01017,2.05315,0.04298,4.21
250,200,sweep_20260730_135311,4,255.51,85.51,-3616.56,2.02240,2.05977,0.03737,3.66
250,200,sweep_20260730_135311,5,250.43,89.54,-3668.98,2.00601,2.04243,0.03642,3.57
250,200,sweep_20260730_135311,6,252.08,92.91,-3640.01,2.01607,2.05572,0.03965,3.89
350,200,sweep_20260730_135311,2,349.13,203.57,-3645.08,2.01450,2.08363,0.06913,6.78
350,200,sweep_20260730_135311,3,349.40,200.20,-3626.39,2.02026,2.09339,0.07312,7.17
350,200,sweep_20260730_135311,4,349.75,204.07,-3634.65,2.01652,2.08792,0.07139,7.0
350,200,sweep_20260730_135311,5,349.96,193.52,-3627.60,2.01839,2.08624,0.06785,6.65
350,200,sweep_20260730_135311,6,349.58,204.16,-3663.14,2.00710,2.07861,0.07152,7.01
450,200,sweep_20260730_135311,2,448.42,342.75,-3646.26,2.01328,2.12921,0.11593,11.36
450,200,sweep_20260730_135311,3,447.15,320.08,-3670.19,2.00392,2.11120,0.10727,10.52
450,200,sweep_20260730_135311,4,448.01,330.09,-3632.09,2.01631,2.13214,0.11582,11.35
450,200,sweep_20260730_135311,5,450.17,341.65,-3603.46,2.02638,2.14678,0.12040,11.8
450,200,sweep_20260730_135311,6,449.27,345.13,-3649.42,2.01252,2.13464,0.12212,11.97
550,200,sweep_20260730_135311,2,560.89,562.02,-3673.21,2.00590,2.19119,0.18529,18.16
550,200,sweep_20260730_135311,3,547.97,517.51,-3642.82,2.01445,2.18604,0.17160,16.82
550,200,sweep_20260730_135311,4,558.24,568.83,-3618.10,2.02135,2.21416,0.19281,18.9
550,200,sweep_20260730_135311,5,551.05,538.94,-3642.71,2.01396,2.19208,0.17812,17.46
550,200,sweep_20260730_135311,6,546.42,542.81,-3611.78,2.02434,2.20229,0.17795,17.44
650,200,sweep_20260730_135311,2,647.02,797.97,-3627.68,2.01835,2.28112,0.26277,25.76
650,200,sweep_20260730_135311,3,645.79,761.52,-3625.63,2.01669,2.26554,0.24885,24.39
650,200,sweep_20260730_135311,4,645.23,782.51,-3646.61,2.01026,2.27127,0.26101,25.59
650,200,sweep_20260730_135311,5,660.84,819.14,-3595.55,2.02594,2.29805,0.27211,26.68
650,200,sweep_20260730_135311,6,648.99,752.33,-3652.76,2.00772,2.26241,0.25469,24.97
750,200,sweep_20260730_135311,2,749.81,1124.24,-3671.44,2.00402,2.36733,0.36331,35.62
750,200,sweep_20260730_162137,2,746.70,1170.44,-3752.05,1.95323,2.34183,0.38859,38.09
750,200,sweep_20260730_162137,3,746.00,1132.99,-3774.82,1.94325,2.31735,0.37410,36.67
750,200,sweep_20260730_162137,4,747.35,1162.60,-3715.90,1.96190,2.34708,0.38517,37.76
750,200,sweep_20260730_135311,5,797.69,1426.63,-3561.41,2.03632,2.50116,0.46484,45.57
750,200,sweep_20260730_135311,6,746.31,1172.06,-3593.50,2.02633,2.41208,0.38574,37.81
850,200,sweep_20260730_135311,2,846.01,1642.15,-3664.52,2.00609,2.54074,0.53465,52.41
850,200,sweep_20260730_135311,3,845.33,1642.38,-3604.85,2.02256,2.56252,0.53996,52.93
850,200,sweep_20260730_135311,5,845.72,1682.69,-3397.06,2.08670,2.64224,0.55554,54.46
850,200,sweep_20260730_135311,6,844.95,1655.37,-3467.87,2.06551,2.59923,0.53372,52.32
950,200,sweep_20260730_135311,2,966.21,2970.21,-3669.83,2.00299,2.96196,0.95896,94.01
950,200,sweep_20260730_135311,3,946.44,2679.95,-3508.05,2.05311,2.91432,0.86122,84.43
950,200,sweep_20260730_135311,4,944.69,2352.11,-3670.55,2.00623,2.76875,0.76252,74.75
950,200,sweep_20260730_135311,5,944.22,2551.77,-3548.03,2.03827,2.87398,0.83571,81.93
950,200,sweep_20260730_135311,6,944.34,2600.66,-3520.27,2.04727,2.87883,0.83156,81.52
150,300,sweep_20260730_135311,2,157.22,47.69,-3717.54,1.99156,2.02129,0.02974,2.92
150,300,sweep_20260730_145051,2,155.86,37.90,-3710.45,1.98865,2.01133,0.02268,2.22
150,300,sweep_20260730_150846,2,147.21,93.85,-3793.35,1.95138,1.98521,0.03383,3.32
150,300,sweep_20260730_135311,3,156.12,43.11,-3706.99,1.99363,2.02098,0.02735,2.68
150,300,sweep_20260730_145051,3,153.69,15.60,-3708.45,1.98864,2.00685,0.01821,1.79
150,300,sweep_20260730_150846,3,153.25,37.60,-3615.79,2.00707,2.02605,0.01898,1.86
150,300,sweep_20260730_135311,4,155.64,30.12,-3710.12,1.99236,2.01441,0.02205,2.16
150,300,sweep_20260730_145051,4,146.14,24.42,-3734.96,1.98038,1.99979,0.01941,1.9
150,300,sweep_20260730_150846,4,135.01,55.18,-3607.55,2.00965,2.03064,0.02098,2.06
150,300,sweep_20260730_135311,5,156.96,39.09,-3688.12,1.99921,2.02243,0.02321,2.28
150,300,sweep_20260730_145051,5,158.11,39.76,-3706.57,1.98875,2.01282,0.02407,2.36
150,300,sweep_20260730_150846,5,122.98,48.68,-3587.54,2.01561,2.03561,0.02000,1.96
150,300,sweep_20260730_135311,6,156.85,46.72,-3714.04,1.99138,2.01507,0.02369,2.32
150,300,sweep_20260730_145051,6,156.44,46.29,-3744.77,1.97563,2.00765,0.03202,3.14
150,300,sweep_20260730_150846,6,135.98,47.26,-3585.65,2.01602,2.03727,0.02125,2.08
150,300,sweep_20260730_150846,7,133.14,30.93,-3546.80,2.02815,2.04437,0.01622,1.59
150,300,sweep_20260730_150846,8,124.10,-38.14,-3528.64,2.03348,2.04437,0.01089,1.07
150,300,sweep_20260730_150846,9,152.00,28.61,-3589.72,2.01376,2.02815,0.01439,1.41
150,300,sweep_20260730_150846,10,156.52,44.81,-3618.70,2.00640,2.02583,0.01942,1.9
150,300,sweep_20260730_150846,11,134.30,75.75,-3668.47,1.99027,2.01847,0.02820,2.76
150,300,sweep_20260730_150846,12,133.39,70.27,-3658.81,1.99275,2.02175,0.02900,2.84
150,300,sweep_20260730_150846,13,123.04,-18.93,-3596.76,2.01178,2.02101,0.00923,0.9
150,300,sweep_20260730_150846,14,152.69,32.13,-3610.32,2.00709,2.02286,0.01577,1.55
150,300,sweep_20260730_150846,15,121.38,7.87,-3598.56,2.01096,2.02357,0.01261,1.24
150,300,sweep_20260730_150846,16,155.86,46.04,-3581.20,2.01712,2.03741,0.02030,1.99
150,300,sweep_20260730_150846,17,131.43,11.45,-3589.21,2.01456,2.02491,0.01036,1.02
150,300,sweep_20260730_150846,18,126.19,7.96,-3586.44,2.01527,2.02491,0.00965,0.95
250,300,sweep_20260730_135311,2,250.63,147.62,-3731.57,1.98706,2.04249,0.05543,5.43
250,300,sweep_20260730_145051,2,253.72,141.18,-3705.28,1.98921,2.04562,0.05641,5.53
250,300,sweep_20260730_150846,2,250.74,139.86,-3633.12,2.00145,2.04853,0.04708,4.62
250,300,sweep_20260730_135311,3,253.34,135.42,-3727.23,1.98633,2.03774,0.05141,5.04
250,300,sweep_20260730_145051,3,251.99,138.86,-3724.62,1.98248,2.03911,0.05663,5.55
250,300,sweep_20260730_150846,3,252.37,125.48,-3626.29,2.00249,2.04477,0.04229,4.15
250,300,sweep_20260730_135311,4,252.34,133.26,-3741.75,1.98153,2.03199,0.05047,4.95
250,300,sweep_20260730_145051,4,253.91,141.79,-3685.47,1.99768,2.05161,0.05393,5.29
250,300,sweep_20260730_150846,4,256.95,162.66,-3672.65,1.98876,2.04515,0.05639,5.53
250,300,sweep_20260730_135311,5,252.94,134.42,-3718.89,1.98937,2.04091,0.05154,5.05
250,300,sweep_20260730_145051,5,252.46,138.75,-3788.47,1.96373,2.01783,0.05410,5.3
250,300,sweep_20260730_150846,5,248.75,141.73,-3649.21,1.99655,2.04392,0.04736,4.64
250,300,sweep_20260730_135311,6,257.84,140.60,-3721.66,1.98632,2.04290,0.05658,5.55
250,300,sweep_20260730_145051,6,252.82,154.18,-3696.19,1.99450,2.05166,0.05716,5.6
250,300,sweep_20260730_150846,6,250.13,146.83,-3631.55,2.00159,2.05133,0.04974,4.88
350,300,sweep_20260730_135311,2,358.62,306.87,-3726.67,1.98834,2.09554,0.10720,10.51
350,300,sweep_20260730_145051,2,348.51,314.59,-3692.55,1.99478,2.10392,0.10914,10.7
350,300,sweep_20260730_150846,2,350.89,309.87,-3589.81,2.01468,2.12311,0.10842,10.63
350,300,sweep_20260730_135311,3,349.79,275.99,-3698.21,1.99651,2.08766,0.09115,8.94
350,300,sweep_20260730_145051,3,349.98,278.12,-3697.34,1.99118,2.09515,0.10396,10.19
350,300,sweep_20260730_150846,3,346.11,279.54,-3592.46,2.01314,2.11171,0.09857,9.66
350,300,sweep_20260730_135311,4,350.59,285.96,-3705.33,1.99535,2.09217,0.09681,9.49
350,300,sweep_20260730_145051,4,349.63,284.26,-3694.88,1.99182,2.08991,0.09808,9.61
350,300,sweep_20260730_150846,4,352.84,291.40,-3545.19,2.02813,2.13112,0.10300,10.1
350,300,sweep_20260730_135311,5,349.10,299.27,-3710.97,1.99143,2.09418,0.10275,10.07
350,300,sweep_20260730_145051,5,350.42,289.84,-3701.61,1.99104,2.09297,0.10192,9.99
350,300,sweep_20260730_150846,5,348.47,278.77,-3572.73,2.01814,2.11840,0.10026,9.83
350,300,sweep_20260730_135311,6,348.91,300.34,-3719.45,1.98948,2.09209,0.10262,10.06
350,300,sweep_20260730_145051,6,352.14,317.91,-3687.16,1.99511,2.10770,0.11259,11.04
350,300,sweep_20260730_150846,6,350.48,305.11,-3486.91,2.04707,2.15645,0.10938,10.72
450,300,sweep_20260730_135311,2,448.42,530.22,-3736.17,1.98433,2.16037,0.17604,17.26
450,300,sweep_20260730_145051,2,448.60,521.42,-3698.85,1.99183,2.16911,0.17728,17.38
450,300,sweep_20260730_150846,2,449.79,563.23,-3544.75,2.02924,2.21865,0.18941,18.57
450,300,sweep_20260730_135311,3,449.88,482.61,-3705.16,1.99173,2.15553,0.16380,16.06
450,300,sweep_20260730_145051,3,448.37,509.57,-3676.24,1.99744,2.17422,0.17678,17.33
450,300,sweep_20260730_150846,3,448.50,519.70,-3620.86,2.00450,2.18144,0.17693,17.34
450,300,sweep_20260730_135311,4,448.92,499.41,-3692.51,1.99434,2.16397,0.16963,16.63
450,300,sweep_20260730_145051,4,448.63,510.81,-3682.69,1.99460,2.17071,0.17611,17.26
450,300,sweep_20260730_150846,4,447.07,524.44,-3530.34,2.03145,2.20792,0.17648,17.3
450,300,sweep_20260730_135311,5,450.20,515.11,-3715.38,1.98821,2.16472,0.17651,17.3
450,300,sweep_20260730_145051,5,450.32,497.76,-3684.60,1.99482,2.16626,0.17144,16.81
450,300,sweep_20260730_150846,5,448.36,542.73,-3533.67,2.03065,2.21226,0.18161,17.8
450,300,sweep_20260730_135311,6,448.39,494.66,-3681.18,1.99794,2.17388,0.17594,17.25
450,300,sweep_20260730_145051,6,448.19,482.69,-3704.37,1.98729,2.15684,0.16955,16.62
450,300,sweep_20260730_150846,6,448.07,520.32,-3504.92,2.03957,2.21446,0.17489,17.14
550,300,sweep_20260730_145051,2,549.15,850.47,-3720.02,1.98283,2.26155,0.27872,27.32
550,300,sweep_20260730_150846,2,547.52,896.65,-3532.05,2.03391,2.32620,0.29229,28.65
550,300,sweep_20260730_145051,3,552.84,845.47,-3652.69,2.00327,2.28499,0.28172,27.62
550,300,sweep_20260730_150846,3,547.29,878.81,-3461.58,2.05528,2.34366,0.28838,28.27
550,300,sweep_20260730_145051,4,548.84,873.71,-3639.55,2.00826,2.29718,0.28892,28.32
550,300,sweep_20260730_145051,5,548.54,861.34,-3630.95,2.00960,2.29237,0.28277,27.72
550,300,sweep_20260730_150846,5,549.16,910.36,-3247.00,2.12255,2.41861,0.29606,29.02
550,300,sweep_20260730_150846,6,549.01,883.20,-3348.47,2.08919,2.37948,0.29029,28.46
650,300,sweep_20260730_145051,2,647.27,1265.76,-3730.29,1.98125,2.39190,0.41065,40.26
650,300,sweep_20260730_150846,2,647.62,1440.65,-3576.26,2.02042,2.48531,0.46489,45.57
650,300,sweep_20260730_135311,3,648.29,1311.73,-3601.22,2.02040,2.45434,0.43394,42.54
650,300,sweep_20260730_145051,3,648.35,1363.57,-3590.26,2.02388,2.46507,0.44119,43.25
650,300,sweep_20260730_135311,4,647.73,1283.14,-3666.48,2.00268,2.41564,0.41295,40.48
650,300,sweep_20260730_145051,4,648.91,1330.90,-3634.07,2.01057,2.44564,0.43507,42.65
650,300,sweep_20260730_135311,5,648.08,1267.65,-3606.01,2.01966,2.43710,0.41744,40.92
650,300,sweep_20260730_135311,6,647.45,1324.01,-3587.80,2.02643,2.45531,0.42887,42.04
750,300,sweep_20260730_162137,2,747.25,2203.51,-3811.49,1.93120,2.64496,0.71376,69.97
750,300,sweep_20260730_162137,3,748.02,2053.26,-3786.63,1.93836,2.59904,0.66069,64.77
750,300,sweep_20260730_162137,6,747.85,2217.71,-3109.69,2.15248,2.87461,0.72214,70.79
850,300,sweep_20260730_135311,2,846.25,3746.33,-3647.07,2.00572,3.21319,1.20746,118.37
850,300,sweep_20260730_150846,2,848.29,4369.63,-3486.98,2.04487,3.45384,1.40897,138.12
850,300,sweep_20260730_162137,2,846.43,3674.45,-3841.63,1.92032,3.10965,1.18933,116.59
850,300,sweep_20260730_162137,3,846.46,3595.14,-3582.67,2.00581,3.15646,1.15065,112.8
850,300,sweep_20260730_162137,4,847.80,3582.41,-3623.63,1.99243,3.13258,1.14015,111.77
850,300,sweep_20260730_162137,5,849.77,4462.41,-3361.82,2.07608,3.52043,1.44435,141.59
950,300,sweep_20260730_150846,2,946.97,7239.70,-3541.59,2.02791,4.35775,2.32984,228.4
150,400,sweep_20260730_150846,2,135.60,-88.85,-3651.42,1.99361,1.99603,0.00243,0.24
150,400,sweep_20260730_150846,3,153.40,85.55,-3775.99,1.95224,1.98835,0.03610,3.54
150,400,sweep_20260730_150846,4,131.70,98.62,-3617.16,2.00553,2.04371,0.03818,3.74
150,400,sweep_20260730_150846,5,150.54,50.35,-3568.89,2.02216,2.04371,0.02155,2.11
150,400,sweep_20260730_150846,6,119.79,7.65,-3558.27,2.02320,2.03182,0.00862,0.85
150,400,sweep_20260730_150846,7,126.87,8.09,-3558.71,2.02303,2.03182,0.00879,0.86
150,400,sweep_20260730_150846,8,149.28,36.86,-3610.75,2.00830,2.02581,0.01751,1.72
150,400,sweep_20260730_150846,9,152.16,36.66,-3620.00,2.00276,2.02282,0.02006,1.97
150,400,sweep_20260730_150846,10,136.35,69.03,-3631.91,1.99950,2.02970,0.03020,2.96
150,400,sweep_20260730_150846,11,151.34,49.25,-3597.92,2.01112,2.03317,0.02205,2.16
250,400,sweep_20260730_150846,2,155.38,236.57,-3789.23,1.95110,2.03130,0.08020,7.86
250,400,sweep_20260730_150846,3,152.23,94.63,-3631.74,2.00106,2.03768,0.03662,3.59
250,400,sweep_20260730_150846,4,247.60,148.63,-3708.52,1.97545,2.02774,0.05229,5.13
250,400,sweep_20260730_150846,5,247.77,182.50,-3653.88,1.99317,2.05819,0.06502,6.37
250,400,sweep_20260730_150846,6,250.02,156.25,-3596.26,2.01046,2.06585,0.05539,5.43
250,400,sweep_20260730_150846,7,252.39,173.74,-3617.97,2.00454,2.06724,0.06269,6.15
250,400,sweep_20260730_150846,8,153.97,213.29,-3577.04,2.01913,2.09251,0.07338,7.19
250,400,sweep_20260730_150846,9,249.50,185.83,-3549.58,2.02809,2.09251,0.06442,6.32
350,400,sweep_20260730_150846,2,346.63,372.98,-3694.80,1.97857,2.10419,0.12562,12.31
350,400,sweep_20260730_150846,3,348.56,397.44,-3674.62,1.98674,2.12454,0.13780,13.51
350,400,sweep_20260730_150846,4,347.85,370.00,-3736.62,1.96449,2.09106,0.12657,12.41
350,400,sweep_20260730_150846,5,349.90,358.81,-3687.89,1.98099,2.10448,0.12349,12.11
350,400,sweep_20260730_150846,6,351.88,407.07,-3716.90,1.97207,2.11081,0.13874,13.6
450,400,sweep_20260730_150846,2,450.13,676.96,-3740.86,1.96380,2.19071,0.22690,22.24
450,400,sweep_20260730_150846,3,449.98,677.72,-3700.88,1.97787,2.20497,0.22710,22.26
450,400,sweep_20260730_150846,4,448.19,666.86,-3698.85,1.97701,2.20285,0.22584,22.14
450,400,sweep_20260730_150846,5,448.95,672.35,-3717.55,1.96996,2.19309,0.22313,21.87
550,400,sweep_20260730_150846,2,547.78,1209.78,-3803.83,1.94683,2.33571,0.38889,38.12
550,400,sweep_20260730_150846,3,548.53,1263.59,-3669.08,1.98694,2.40121,0.41427,40.61
550,400,sweep_20260730_150846,4,549.26,1144.08,-3745.40,1.96281,2.33420,0.37139,36.41
550,400,sweep_20260730_150846,5,547.84,1126.04,-3786.24,1.94934,2.31434,0.36500,35.78
550,400,sweep_20260730_150846,6,548.07,1155.06,-3762.20,1.95595,2.33287,0.37692,36.95
650,400,sweep_20260730_150846,2,649.48,2080.71,-3889.39,1.92027,2.58215,0.66188,64.88
650,400,sweep_20260730_150846,3,649.02,2118.90,-3735.41,1.96604,2.64285,0.67681,66.35
