level_mA,heat_ms,sweep,run_type,cycle,bootstrap,i_mA,cc_pct,u_V,R_ohm,dx_um,x_base_um,F_base_mN,dF_mN,clipped,railed,n_samples,cool_s,i_low_mA,seeded
150,100,sweep_20260731_145838,map,1,1,150.4375894736842,100.3,0.7072390210526315,4.701212134061399,83.28951878397129,-4362.622585809176,172.2444573427101,2.9795024182972654,0,0,95,30.0,100,1
150,100,sweep_20260731_145838,map,2,0,154.00088043478257,102.7,0.6979532934782608,4.53213833263658,15.83601346091018,-4246.044516903102,175.67242974939893,1.1806075077025229,0,0,92,30.0,100,1
150,100,sweep_20260731_145838,map,3,0,150.6508969072165,100.4,0.6920475567010309,4.593716804270021,34.106441476202235,-4201.166557896553,177.28315773820168,1.6547026690641993,0,0,97,30.0,100,1
150,100,sweep_20260731_145838,map,4,0,152.17084375000002,101.4,0.6974869479166665,4.583578106871518,14.23904884677495,-4076.5996016217837,181.36434562196263,0.9116629918862038,0,0,96,30.0,100,1
150,100,sweep_20260731_145838,map,5,0,154.67169791666666,103.1,0.7068399583333335,4.569937279114642,-29.978242935973867,-4110.500691455652,180.27688573624124,1.169977525461516,0,0,96,30.0,100,1
150,100,sweep_20260731_145838,map,6,0,207.29427835051544,138.2,0.962495175257732,4.6431343060527785,81.41811986396715,-4195.731705410054,177.59095733591428,2.9373563928481956,0,0,97,30.0,100,1
250,100,sweep_20260731_145838,map,1,1,258.8351086956522,103.5,1.150809706521739,4.446111318982246,99.80447320566691,-4349.0569311243025,172.77142426101287,3.752621295709955,0,0,92,30.0,100,1
250,100,sweep_20260731_145838,map,2,0,296.97508421052635,118.8,1.3445053263157896,4.527333765692837,76.65877238722805,-4190.78754318523,177.69071129754695,2.9357313621091423,0,0,95,30.0,100,1
250,100,sweep_20260731_145838,map,3,0,252.92473958333335,101.2,1.133206,4.480407894723294,49.030338672629114,-4181.5763008883605,178.09835402329603,1.7509976921105979,0,0,96,30.0,100,1
250,100,sweep_20260731_145838,map,4,0,249.93385263157896,100.0,1.1170418842105265,4.4693500798274375,46.47728679106967,-4299.385862552229,174.0822934557276,2.2723547058062312,0,0,95,30.0,100,1
250,100,sweep_20260731_145838,map,5,0,260.7410319148936,104.3,1.169568691489362,4.485556733821286,42.130237324879545,-4070.424610773776,181.441864207244,1.9384624950330296,0,0,94,30.0,100,1
250,100,sweep_20260731_145838,map,6,0,264.5527525773196,105.8,1.1950375979381442,4.517199637107825,42.011512874912114,-4241.420236777771,175.8839841754761,1.9898488432589874,0,0,97,30.0,100,1
350,100,sweep_20260731_145838,map,1,1,353.9995319148937,101.1,1.57363514893617,4.445302908802979,147.72809354447236,-4357.9324093625655,172.4529306845277,5.30806876831469,0,0,94,30.0,100,1
350,100,sweep_20260731_145838,map,2,0,351.6371720430107,100.5,1.5836209462365594,4.503565243218535,112.72404562133897,-4208.449686993318,177.17107283737124,4.021008115248078,0,0,93,30.0,100,1
350,100,sweep_20260731_145838,map,3,0,350.28420212765957,100.1,1.5982949361702128,4.56285189700825,99.75853263965291,-4127.183071458981,179.71400285041383,3.8252319407528677,0,0,94,30.0,100,1
350,100,sweep_20260731_145838,map,4,0,354.30266666666665,101.2,1.5801368387096775,4.4598502562112925,85.60926730659503,-4258.258021000519,175.24698972233247,3.738219609630344,0,0,93,30.0,100,1
350,100,sweep_20260731_145838,map,5,0,346.0708404255319,98.9,1.53521920212766,4.436141456587155,88.41808530167691,-4232.621438638377,176.1456929641284,3.400449177597945,0,0,94,30.0,100,1
350,100,sweep_20260731_145838,map,6,0,348.7944226804124,99.7,1.592617762886598,4.566064304147018,94.68465803386243,-4209.353811084416,176.91823247373532,3.4365665620384456,0,0,97,30.0,100,1
450,100,sweep_20260731_145838,map,1,1,451.0771979166667,100.2,2.0148818125,4.466822578941875,174.38389174953045,-4352.486689367879,172.60009218192448,6.020442202062038,0,0,96,30.0,100,1
450,100,sweep_20260731_145838,map,2,0,445.239914893617,98.9,1.989072404255319,4.4674170884489905,155.08724883861032,-4217.413651062345,176.70755265864474,5.330632991819566,0,0,94,30.0,100,1
450,100,sweep_20260731_145838,map,3,0,449.7133010752687,99.9,1.9964086021505376,4.439291871903958,159.97042929303097,-4221.752431552301,176.6518403065656,5.467514929093436,0,0,93,30.0,100,1
450,100,sweep_20260731_145838,map,4,0,450.18285416666674,100.0,2.0005892083333334,4.44394803093206,174.8400409621222,-4178.517893508661,178.1252822772187,5.890186626117051,0,0,96,30.0,100,1
450,100,sweep_20260731_145838,map,5,0,449.1585161290323,99.8,2.0007457096774193,4.454431203754921,154.55061716287673,-4191.075273469367,177.6179345059649,5.405951843935326,0,0,93,30.0,100,1
450,100,sweep_20260731_145838,map,6,0,449.05795959595963,99.8,2.0013296868686865,4.456729123940671,164.8902875946601,-4220.1214105767485,176.60386669560168,5.777329073940327,0,0,99,30.0,100,1
550,100,sweep_20260731_145838,map,1,1,551.3643608247423,100.2,2.4468112989690725,4.437739311458363,256.6823671257962,-4369.459177864447,171.95554437510017,8.881860781342192,0,0,97,30.0,100,1
550,100,sweep_20260731_145838,map,2,0,793.307925531915,144.2,3.49593454255319,4.406781314089554,620.7468008476208,-4120.109400704962,179.89457733252496,20.147963410768767,0,0,94,30.0,100,1
550,100,sweep_20260731_145838,map,3,0,552.71438,100.5,2.46189606,4.454192163409969,262.9956699566278,-4167.221090618634,178.38487748633906,8.874727990485752,0,0,100,30.0,100,1
550,100,sweep_20260731_145838,map,4,0,548.730125,99.8,2.4446119479166666,4.455035064671666,250.89071141591558,-4142.506543233128,179.0303538581149,8.768519599574855,0,0,96,30.0,100,1
550,100,sweep_20260731_145838,map,5,0,552.5806288659794,100.5,2.4513159381443295,4.436123544857129,270.5786122680229,-4181.033495254022,177.90604109686205,9.847247992330672,0,0,97,30.0,100,1
550,100,sweep_20260731_145838,map,6,0,550.7817628865979,100.1,2.458907886597938,4.464395977294205,262.2499690790746,-4120.705615606976,179.8056304526915,9.195788055220081,0,0,97,30.0,100,1
650,100,sweep_20260731_145838,map,1,1,649.05071875,99.9,2.8562477708333334,4.400654199003355,370.12223983570084,-4345.973419659905,172.76365844911095,12.089680556470324,0,0,96,30.0,100,1
650,100,sweep_20260731_145838,map,2,0,657.1909690721649,101.1,2.910058670103093,4.428025957525818,373.9962813485713,-4212.413589701098,176.8458726583466,12.729908892627655,0,0,97,30.0,100,1
650,100,sweep_20260731_145838,map,3,0,655.6363195876289,100.9,2.887475020618557,4.4040803328813025,361.23008677003327,-4195.085283243236,177.4102282065546,12.267211387713038,0,0,97,30.0,100,1
650,100,sweep_20260731_145838,map,4,0,650.7877216494845,100.1,2.8876815773195874,4.437209678757427,357.70360922440386,-4207.004899154293,176.93710679341712,12.222043432584195,0,0,97,30.0,100,1
650,100,sweep_20260731_145838,map,5,0,650.6342315789474,100.1,2.8948470315789474,4.449269483644882,376.7894648449219,-4099.034633179221,180.3885963555811,12.760803623760813,0,0,95,30.0,100,1
650,100,sweep_20260731_145838,map,6,0,650.9796907216495,100.2,2.887576701030928,4.435740073288429,374.17042957582726,-4169.8091503148635,178.276695929738,12.397619886564813,0,0,97,30.0,100,1
750,100,sweep_20260731_145838,map,1,1,752.7025473684212,100.4,3.3163762526315783,4.405958587793021,491.41140918825477,-4357.98886035205,172.32568916974606,16.383597256184526,0,0,95,30.0,100,1
750,100,sweep_20260731_145838,map,2,0,753.0677127659573,100.4,3.3229756595744675,4.412585486329569,551.3958106499595,-4107.420201642597,180.26607951523346,18.10179936346914,0,0,94,30.0,100,1
750,100,sweep_20260731_145838,map,3,0,750.0936413043479,100.0,3.326795934782609,4.43517415905246,512.795883877784,-4184.606714544823,177.78755389705444,16.962886740983365,0,0,92,30.0,100,1
750,100,sweep_20260731_145838,map,4,0,750.0712989690722,100.0,3.336133515463918,4.4477551934719175,520.6012711423086,-4178.890492359879,178.06484153440402,17.79285811906179,0,0,97,30.0,100,1
750,100,sweep_20260731_145838,map,5,0,751.22034375,100.2,3.2949355937499996,4.386110707947664,538.0765560675572,-4071.507344106969,181.4273587433781,17.3220563980997,0,0,96,30.0,100,1
750,100,sweep_20260731_145838,map,6,0,751.483967032967,100.2,3.3077275384615388,4.401594290189868,511.703325343854,-4189.375997694678,177.67879480734723,16.989201843795914,0,0,91,30.0,100,1
850,100,sweep_20260731_145838,map,1,1,851.0936145833332,100.1,3.7673991875,4.426539129123172,652.9572543103695,-4358.587175020758,172.29485017761644,21.384504847090987,0,0,96,30.0,100,1
850,100,sweep_20260731_145838,map,2,0,850.952440860215,100.1,3.7381241290322578,4.392870799281619,705.43881238001,-4154.630234700514,178.68038354513766,23.2926797117305,0,0,93,30.0,100,1
850,100,sweep_20260731_145838,map,3,0,850.6156565656565,100.1,3.7375737070707067,4.393962982248746,705.6448481143484,-4115.832323165376,179.91011583162435,22.847096594292864,0,0,99,30.0,100,1
850,100,sweep_20260731_145838,map,4,0,1137.4780947368424,133.8,4.9804182,4.378473944284816,1680.5935924881178,-4085.376784828386,180.91221984964383,55.94886434415601,0,0,95,30.0,100,1
850,100,sweep_20260731_145838,map,5,0,850.3023298969073,100.0,3.7299661237113395,4.3866351914660395,700.2397182381551,-4084.1192156706666,180.83648345850963,23.108667413530355,0,0,97,30.0,100,1
850,100,sweep_20260731_145838,map,6,0,853.9041134020619,100.5,3.774560845360825,4.420356789619501,669.2738701069666,-4106.116854857145,179.8168614742659,22.66459002996924,0,0,97,30.0,100,1
950,100,sweep_20260731_145838,map,1,1,950.0320520833334,100.0,4.163823739583333,4.382824485187051,862.1424543848852,-4335.24528916669,173.22162053625235,28.21972311905043,0,0,96,30.0,100,1
950,100,sweep_20260731_145838,map,2,0,953.485680412371,100.4,4.188582350515463,4.392915841907507,931.8176129990065,-4098.477506898558,180.10461432403184,30.950423631845876,0,0,97,30.0,100,1
950,100,sweep_20260731_145838,map,3,0,949.8374347826086,100.0,4.185060010869566,4.406080301338522,911.2999143128136,-4155.652312366006,178.43449832928744,30.825495816806974,0,0,92,30.0,100,1
950,100,sweep_20260731_145838,map,4,0,951.2541505376342,100.1,4.161116021505377,4.374347296307278,905.3573683730792,-4123.3294699932885,179.45494798931372,30.218148369353848,0,0,93,30.0,100,1
950,100,sweep_20260731_145838,map,5,0,947.7830543478261,99.8,4.162013565217391,4.3913146010837805,882.8985938478932,-4147.068355921139,178.6614526891167,29.115530001874173,0,0,92,30.0,100,1
950,100,sweep_20260731_145838,map,6,0,952.2832105263155,100.2,4.161010263157895,4.369509214446985,878.677454059175,-4193.345837190321,177.2966979955428,29.06922792093979,0,0,95,30.0,100,1
150,200,sweep_20260731_145838,map,1,1,155.45211428571426,103.6,0.7140558285714287,4.593413424143109,87.99256045703441,-4362.568656575043,172.40668395910325,2.972164623894017,0,0,70,30.0,100,1
150,200,sweep_20260731_145838,map,2,0,151.49997461928936,101.0,0.7056984010152284,4.658076034590815,-40.549526849834365,-4145.741367651001,178.8819615283071,0.8663203292060901,0,0,197,30.0,100,1
150,200,sweep_20260731_145838,map,3,0,151.00674489795918,100.7,0.6965855765306121,4.612943461573989,28.573219160216468,-4191.350454679323,177.18460213893434,1.8758949242235727,0,0,196,30.0,100,1
150,200,sweep_20260731_145838,map,4,0,150.26712886597937,100.2,0.7012115309278352,4.666433279318416,19.720287124453534,-4225.563376658964,176.4379863562147,1.0413703209460217,0,0,194,30.0,100,1
150,200,sweep_20260731_145838,map,5,0,151.55924456521737,101.0,0.7147698641304348,4.716108649003344,46.216654239260606,-4209.618643961127,176.77789031496482,2.0530183804080155,0,0,184,30.0,100,1
150,200,sweep_20260731_145838,map,6,0,150.9050824742268,100.6,0.6946640670103094,4.603317897718598,16.001702409977042,-4161.366174490074,178.34530199927318,1.0716354162615538,0,0,194,30.0,100,1
250,200,sweep_20260731_145838,map,1,1,250.1525670103093,100.1,1.138865494845361,4.552683622065033,158.51493343536822,-4355.617490699097,172.665153559287,5.11339342465425,0,0,194,30.0,100,1
250,200,sweep_20260731_145838,map,2,0,249.07752040816325,99.6,1.1380870204081632,4.569208086475168,76.54794778649102,-4202.657535514612,176.84059874380648,3.286866634882056,0,0,196,30.0,100,1
250,200,sweep_20260731_145838,map,3,0,256.85696428571424,102.7,1.1646120459183673,4.534087869320583,82.87466164742364,-4225.19772580797,176.14328519809226,3.202971938547072,0,0,196,30.0,100,1
250,200,sweep_20260731_145838,map,4,0,248.719140625,99.5,1.1220979062499998,4.511506044248579,83.76554284805206,-4116.4010540209565,179.6991325875576,3.266327345946403,0,0,192,30.0,100,1
250,200,sweep_20260731_145838,map,5,0,249.35797905759162,99.7,1.1286955759162305,4.526406494718772,73.81152266873141,-4192.144828985638,177.16510037679762,3.029614199286547,0,0,191,30.0,100,1
250,200,sweep_20260731_145838,map,6,0,252.58205208333334,101.0,1.1246375989583333,4.452563393488015,96.9268641624717,-4175.848425450542,177.87627341759466,3.623134406504681,0,0,192,30.0,100,1
350,200,sweep_20260731_145838,map,1,1,350.3812135416666,100.1,1.5734781458333333,4.490760591666877,203.71129079673665,-4378.186094555964,171.8569664835422,6.791604737842476,0,0,192,30.0,100,1
350,200,sweep_20260731_145838,map,2,0,354.32914285714287,101.2,1.5759251326530612,4.447630584223316,205.3980282957241,-4165.3310335132455,178.4032864378996,6.471129211180316,0,0,196,30.0,100,1
350,200,sweep_20260731_145838,map,3,0,348.39199484536084,99.5,1.5566456185567015,4.468086642598211,178.41834876669873,-4208.161107360902,176.776850649982,6.320068720413455,0,0,194,30.0,100,1
350,200,sweep_20260731_145838,map,4,0,663.9949844559585,189.7,2.7495826683937823,4.140969032539668,2647.464633884856,-1628.2352098784204,257.23501665066823,81.63947284899893,0,0,193,30.0,100,1
350,200,sweep_20260731_145838,map,5,0,671.8827853403141,192.0,2.7450845130890054,4.0856598397570165,327.57774240002163,4700.14696533551,453.1669652504504,36.98753471768092,1,1,191,30.0,100,1
350,200,sweep_20260731_145838,map,6,0,669.1828205128206,191.2,2.760956892307693,4.125863377950834,-0.143002762118158,5027.6688337578635,490.1544999681313,0.0,1,1,195,30.0,100,1
350,200,sweep_20260731_155129,map,1,1,349.59490954773867,99.9,1.579193944723618,4.517210924971928,204.41989613520036,-4123.980923176234,179.85770780674918,6.973012482603541,0,0,199,30.0,0,1
350,200,sweep_20260731_155129,map,2,0,352.3392565445026,100.7,1.5782513769633508,4.479351499011885,192.27146196461354,-3961.1843630459907,184.762038344025,6.451545453142757,0,0,191,30.0,0,1
350,200,sweep_20260731_155129,map,3,0,347.7889581151833,99.4,1.5598299214659683,4.484989776326862,195.44290344915544,-3932.469233918231,185.79481687679788,6.629448535291153,0,0,191,30.0,0,1
350,200,sweep_20260731_155129,map,4,0,353.7192959183673,101.1,1.5953894744897958,4.510326388464784,209.52905456699773,-3939.719248212937,185.51240491776605,7.271241773699637,0,0,196,30.0,0,1
350,200,sweep_20260731_155129,map,5,0,353.2891550802139,100.9,1.576734935828877,4.463015388827548,203.63507118789448,-3910.391960090401,186.71397487339752,6.669718956929129,0,0,187,30.0,0,1
350,200,sweep_20260731_155129,map,6,0,351.03850256410254,100.3,1.5836690256410257,4.511382694699806,195.1624399181951,-3944.410650032282,185.2911896116057,6.611845505217214,0,0,195,30.0,0,1
450,200,sweep_20260731_155129,map,1,1,449.0701554404145,99.8,1.9980303316062178,4.449261006104266,344.66257339006415,-4101.297346859624,180.55552408224315,11.193896614289745,0,0,193,30.0,0,1
450,200,sweep_20260731_155129,map,2,0,449.71878974358975,99.9,2.019585594871795,4.490774325936605,369.76826750940745,-3922.1305140916497,186.29821955267937,11.652439815650338,0,0,195,30.0,0,1
450,200,sweep_20260731_155129,map,3,0,448.08001530612245,99.6,1.9933989795918365,4.448756720894977,343.4767454130979,-3962.9528606771482,184.79911495083456,11.077308604530007,0,0,196,30.0,0,1
450,200,sweep_20260731_155129,map,4,0,451.4478571428571,100.3,2.0292932704081634,4.495077866248481,362.1459125092756,-3918.2627108759557,186.44893112771317,11.411735874422392,0,0,196,30.0,0,1
450,200,sweep_20260731_155129,map,5,0,451.8708677248677,100.4,2.025175322751323,4.481756774779291,344.8831223906823,-3914.188060117897,186.46830005207627,10.724580459302686,0,0,189,30.0,0,1
450,200,sweep_20260731_155129,map,6,0,446.941585106383,99.3,1.9981199255319153,4.470651181532625,339.8847061293659,-3928.990937028975,185.7845319174159,11.04426183138673,0,0,188,30.0,0,1
550,200,sweep_20260731_155129,map,1,1,549.9126473684212,100.0,2.442930347368421,4.442397095354943,532.5501164389857,-4101.208202547906,180.45361105432158,17.081593359835143,0,0,190,30.0,0,1
550,200,sweep_20260731_155129,map,2,0,551.4224102564102,100.3,2.449100605128205,4.441423778894619,568.8342564858212,-3896.9880896592003,187.09550589969157,17.5665449440018,0,0,195,30.0,0,1
550,200,sweep_20260731_155129,map,3,0,551.7591464646465,100.3,2.452771272727273,4.44536586016419,530.0356239968651,-3947.179767228475,185.11628760149875,16.886577048967514,0,0,198,30.0,0,1
550,200,sweep_20260731_155129,map,4,0,548.9166907216495,99.8,2.440042701030928,4.445196770794224,546.4916964148515,-3909.053214427106,186.33012938865036,17.235151745914294,0,0,194,30.0,0,1
550,200,sweep_20260731_155129,map,5,0,550.9422680412371,100.2,2.450187170103093,4.447266641592474,551.2587116018344,-3932.1209073862838,185.6914212487691,17.920032439692566,0,0,194,30.0,0,1
550,200,sweep_20260731_155129,map,6,0,550.5898659793814,100.1,2.432488180412371,4.417967584792894,552.9685472129204,-3908.6196007316134,186.66807146580297,17.513725998821624,0,0,194,30.0,0,1
650,200,sweep_20260731_155129,map,1,1,650.3985684210526,100.1,2.8977856210526314,4.4553997529353015,780.8518527191859,-4097.219727990318,180.51186839693602,24.65857069412429,0,0,190,30.0,0,1
650,200,sweep_20260731_155129,map,2,0,650.1344742268042,100.0,2.8820479381443294,4.433002790033414,824.5585025556247,-3913.517856877707,186.51173292759358,26.442849777460644,0,0,194,30.0,0,1
650,200,sweep_20260731_155129,map,3,0,651.2402448979592,100.2,2.8740065765306118,4.413128026172478,852.6573168014188,-3862.819296193273,188.04695472902947,27.009410471888064,0,0,196,30.0,0,1
650,200,sweep_20260731_155129,map,4,0,650.7935894736843,100.1,2.888446963157895,4.438345751828726,786.4678832415225,-3907.7778539020724,186.23358696256176,25.383560173879392,0,0,190,30.0,0,1
650,200,sweep_20260731_155129,map,5,0,649.4546354166667,99.9,2.8927892968749997,4.454182230940719,793.1435985674871,-3936.7458437876476,185.5550202014516,25.123677129350572,0,0,192,30.0,0,1
650,200,sweep_20260731_155129,map,6,0,649.7464973821988,100.0,2.871651115183246,4.419648473293826,787.5386884977738,-3922.0126922473687,185.86097151168596,25.459926244974458,0,0,191,30.0,0,1
750,200,sweep_20260731_155129,map,1,1,750.9483282051284,100.1,3.331050466666666,4.435791840203364,1099.409103284091,-4067.714559946917,181.30798304128638,35.318445053929075,0,0,195,30.0,0,1
750,200,sweep_20260731_155129,map,2,0,750.9624712041884,100.1,3.3056164869109947,4.401839790489596,1176.4637456929527,-3903.278601145138,186.66664941354372,38.01850684654779,0,0,191,30.0,0,1
750,200,sweep_20260731_155129,map,3,0,750.9387164948454,100.1,3.3041967835051542,4.400088463847149,1157.5496154267298,-3853.6892404089463,188.26946171617394,37.455802392849925,0,0,194,30.0,0,1
750,200,sweep_20260731_155129,map,4,0,750.5951734693876,100.1,3.321871719387755,4.425650253029817,1157.1245319062373,-3868.1959832200364,187.57296489874116,37.22031944404332,0,0,196,30.0,0,1
750,200,sweep_20260731_155129,map,5,0,750.4320432432432,100.1,3.29761638918919,4.394290487566918,1129.3125376499215,-3822.6015960285426,189.03061667433136,36.41712195681057,0,0,185,30.0,0,1
750,200,sweep_20260731_155129,map,6,0,750.8206804123713,100.1,3.3065030515463922,4.403851862112229,1132.2532689365157,-3861.567141199745,187.7699610850578,36.0019393106931,0,0,194,30.0,0,1
850,200,sweep_20260731_155129,map,1,1,850.8842487046633,100.1,3.7511307409326426,4.408508850226275,1533.1695948569036,-4059.207332787701,181.64890857736373,49.01201528453924,0,0,193,30.0,0,1
850,200,sweep_20260731_155129,map,2,0,850.4253489583334,100.1,3.7402603020833336,4.398105379460635,1649.164250427285,-3871.78438454772,187.43603241756068,53.58587529556867,0,0,192,30.0,0,1
850,200,sweep_20260731_155129,map,3,0,850.103841025641,100.0,3.708180441025641,4.362032333075641,1642.7170344948258,-3836.5382096095323,188.33411330715865,53.23764972403491,0,0,195,30.0,0,1
850,200,sweep_20260731_155129,map,4,0,850.9827193877552,100.1,3.7483195612244895,4.404695272685727,1629.181914341354,-3873.712640389488,187.48657864991267,51.911545235722215,0,0,196,30.0,0,1
850,200,sweep_20260731_155129,map,5,0,850.853984375,100.1,3.73440615625,4.389009424446818,1694.5556581361375,-3816.1283287418414,189.28590105104735,54.229226541619894,0,0,192,30.0,0,1
850,200,sweep_20260731_155129,map,6,0,851.2536302083333,100.1,3.7272829739583333,4.378581002992174,1626.5018013028284,-3859.955695601688,187.68368611283324,52.48809763555136,0,0,192,30.0,0,1
950,200,sweep_20260731_155129,map,1,1,950.7200052631578,100.1,4.1493825105263165,4.364463235816495,2292.9788523884663,-4035.574820056959,182.37083042824318,73.68362564440876,0,0,190,30.0,0,1
950,200,sweep_20260731_155129,map,2,0,950.9844381443298,100.1,4.132349670103093,4.345338897623402,2519.158124458031,-3778.8472173756695,190.33700964329515,80.2427829123124,0,0,194,30.0,0,1
950,200,sweep_20260731_155129,map,3,0,950.9354512820513,100.1,4.152328764102564,4.36657268219877,2493.9591528674628,-3804.81782473278,189.32783547078984,79.1618402660536,0,0,195,30.0,0,1
950,200,sweep_20260731_155129,map,4,0,951.8260157068066,100.2,4.125259790575916,4.334048158488904,2369.4544662652324,-3790.8785611715894,189.69123275047312,75.70978342027117,0,0,191,30.0,0,1
950,200,sweep_20260731_155129,map,5,0,951.101252688172,100.1,4.118748424731183,4.330504678750072,2502.897589506264,-3738.0826574551597,191.3210801251719,79.80033315290042,0,0,186,30.0,0,1
950,200,sweep_20260731_155129,map,6,0,951.7299740932641,100.2,4.122797922279792,4.331898789052725,2594.480146525691,-3716.5344823759087,192.36787119181017,81.75338565696713,0,0,193,30.0,0,1
150,300,sweep_20260731_155129,map,1,1,152.09605841924397,101.4,0.7115215429553264,4.678106391120659,101.3722997972086,-4041.0299218363825,182.30087630416256,3.4698358635590765,0,0,291,30.0,0,1
150,300,sweep_20260731_155129,map,2,0,150.49639999999997,100.3,0.6981788689655172,4.639173222519059,48.11062559471293,-3860.6478426476583,187.9212787814051,1.9939837762470545,0,0,290,30.0,0,1
150,300,sweep_20260731_155129,map,3,0,151.17711111111112,100.8,0.7035256599326599,4.653651963329207,32.08823211537219,-3841.204367472812,188.4857613735983,1.5376292667468376,0,0,297,30.0,0,1
150,300,sweep_20260731_155129,map,4,0,148.97192783505153,99.3,0.6890288316151202,4.62522598471065,41.576770936440425,-3826.490209718755,188.95768108328568,1.8778955635066439,0,0,291,30.0,0,1
150,300,sweep_20260731_155129,map,5,0,150.51444368600684,100.3,0.691333976109215,4.593140426784752,31.347113071222793,-3867.3899536820672,187.32015363647673,1.8214490584257228,0,0,293,30.0,0,1
150,300,sweep_20260731_155129,map,6,0,151.15165986394558,100.8,0.696616761904762,4.608727171979452,24.569024281452585,-3852.9239731432085,187.91960966269514,1.4043305061954725,0,0,294,30.0,0,1
250,300,sweep_20260731_155129,map,1,1,250.98674576271185,100.4,1.1340772915254238,4.518474822561365,144.5057672048256,-4047.1903953474825,182.04860873376205,4.683884593797036,0,0,295,30.0,0,1
250,300,sweep_20260731_155129,map,2,0,250.14558644067796,100.1,1.1448305593220338,4.576657040453242,144.15146442251807,-3843.190328736576,188.43543477272934,4.964042032496296,0,0,295,30.0,0,1
250,300,sweep_20260731_155129,map,3,0,254.23603703703708,101.7,1.1537984511784511,4.538296240868347,128.72451366926816,-3902.788121425499,186.27707826705574,4.76651994952305,0,0,297,30.0,0,1
250,300,sweep_20260731_155129,map,4,0,255.23389310344828,102.1,1.1483815103448276,4.499329992507616,134.06627022333623,-3871.0022021743275,187.44615620478467,4.752049951919062,0,0,290,30.0,0,1
250,300,sweep_20260731_155129,map,5,0,246.62071283783783,98.6,1.1195446655405406,4.5395403032375565,133.327589203941,-3865.1168321919945,187.7722492038452,4.570258437649128,0,0,296,30.0,0,1
250,300,sweep_20260731_155129,map,6,0,250.22544406779662,100.1,1.1343134305084748,4.533165820663471,135.46421477758622,-3905.9821917689487,186.2652045350145,5.032489774347779,0,0,295,30.0,0,1
350,300,sweep_20260731_155129,map,1,1,348.67577551020406,99.6,1.5775134047619046,4.524298834507757,315.7079875805998,-4033.01940568345,182.50399581026738,10.353860272493465,0,0,294,30.0,0,1
350,300,sweep_20260731_155129,map,2,0,350.97305067567567,100.3,1.579911097972973,4.501516839915222,273.27746241692694,-3899.656006750709,186.4615166266613,8.816526315142193,0,0,296,30.0,0,1
350,300,sweep_20260731_155129,map,3,0,351.51434246575343,100.4,1.5766787979452053,4.485389662582017,273.7453587895634,-3908.691673781789,186.17376439765837,8.761268425067428,0,0,292,30.0,0,1
350,300,sweep_20260731_155129,map,4,0,350.01646075085324,100.0,1.5617204436860066,4.461848566595449,281.7788026534986,-3915.4093169936054,185.92909777277194,9.228563223839377,0,0,293,30.0,0,1
350,300,sweep_20260731_155129,map,5,0,352.2477162162162,100.6,1.583922891891892,4.496616497350548,295.85455873892306,-3893.940375768249,186.79907195188352,9.664556694442886,0,0,296,30.0,0,1
350,300,sweep_20260731_155129,map,6,0,349.7098732876712,99.9,1.570308660958904,4.490318349311141,269.6971827878151,-3900.2019172581604,186.4521042062969,8.70379223411452,0,0,292,30.0,0,1
450,300,sweep_20260731_155129,map,1,1,449.4301883561644,99.9,2.0035451198630136,4.457967381299372,504.21230950677955,-4065.317097215761,181.4951821217594,15.933168611404263,0,0,292,30.0,0,1
450,300,sweep_20260731_155129,map,2,0,450.1588074324324,100.0,2.0047217331081084,4.453365567903526,471.16946951534555,-3948.697813971369,184.70472311830903,15.692493421161622,0,0,296,30.0,0,1
450,300,sweep_20260731_155129,map,3,0,449.4687288135593,99.9,1.9987507288135595,4.446918329756921,527.5918772968153,-3863.9538959122574,187.87286123657802,16.988486426802385,0,0,295,30.0,0,1
450,300,sweep_20260731_155129,map,4,0,446.01738831615125,99.1,1.9988780756013746,4.481614681319345,488.1099719616609,-3894.6111963308026,186.52270357079865,16.190689042821372,0,0,291,30.0,0,1
450,300,sweep_20260731_155129,map,5,0,450.3306677966102,100.1,2.0087647864406777,4.460643989158489,500.85393010133885,-3931.3368768902906,185.50014792662117,16.30871357275772,0,0,295,30.0,0,1
450,300,sweep_20260731_155129,map,6,0,449.18292808219167,99.8,2.0026359349315066,4.458397258065568,512.1168520627939,-3879.79894391054,187.3231096852643,16.56302658497949,0,0,292,30.0,0,1
550,300,sweep_20260731_155129,map,1,1,548.8377559322034,99.8,2.4216788305084744,4.41237652536357,782.9919468088997,-4052.635841366146,181.85236833886734,25.489945341551742,0,0,295,30.0,0,1
550,300,sweep_20260731_155129,map,2,0,550.5888321917807,100.1,2.4347023116438353,4.42199726781923,845.7090602387302,-3889.455093526915,186.87552196669583,27.05897761469464,0,0,292,30.0,0,1
550,300,sweep_20260731_155129,map,3,0,549.9118277027028,100.0,2.434019084459459,4.426198822869029,822.044456525935,-3889.6577074443576,186.88546950411722,26.330267518519985,0,0,296,30.0,0,1
550,300,sweep_20260731_155129,map,4,0,550.3616474576271,100.1,2.43761333559322,4.429111924592991,848.8330821616491,-3854.6016935746043,188.01593368503202,27.293449268769084,0,0,295,30.0,0,1
550,300,sweep_20260731_155129,map,5,0,550.8423817567568,100.2,2.4472998006756757,4.442831346547267,820.1715643631205,-3886.6357496738924,186.7510927457753,26.8076543959396,0,0,296,30.0,0,1
550,300,sweep_20260731_155129,map,6,0,549.3423966101694,99.9,2.4344431186440683,4.431558775849637,819.2893667210928,-3876.2235393698115,186.97539107573482,26.439054581189477,0,0,295,30.0,0,1
650,300,sweep_20260731_155129,map,1,1,650.3307610921503,100.1,2.877443686006826,4.424584931480889,1239.1669957439094,-4049.1404524099044,181.9811233236127,39.31794761979898,0,0,293,30.0,0,1
650,300,sweep_20260731_155129,map,2,0,651.2466013745703,100.2,2.862615570446735,4.395593872435851,1366.4156167587862,-3819.188369066121,189.11340558476303,43.437161905417085,0,0,291,30.0,0,1
650,300,sweep_20260731_155129,map,3,0,650.3304309764311,100.1,2.868442962962963,4.4107469469884295,1260.0257549438452,-3897.4003166033344,186.46213401275483,40.46685151729076,0,0,297,30.0,0,1
650,300,sweep_20260731_155129,map,4,0,650.2927903780069,100.0,2.858678594501718,4.3959869105115015,1264.5920864835675,-3870.9177704650056,187.26258342613258,40.76542652374159,0,0,291,30.0,0,1
650,300,sweep_20260731_155129,map,5,0,650.4466938775511,100.1,2.8608932040816324,4.3983515190565425,1305.0452586919605,-3840.1790963980043,188.50352682839215,41.384325356161085,0,0,294,30.0,0,1
650,300,sweep_20260731_155129,map,6,0,650.6384573378839,100.1,2.8684632389078497,4.408689966843174,1258.9338301278726,-3865.3639746190966,187.4403516344046,40.65431932746524,0,0,293,30.0,0,1
750,300,sweep_20260731_155129,map,1,1,750.8274305084745,100.1,3.3177149966101696,4.418745056188677,1911.271067035511,-4069.9935108619843,181.33689956337446,60.77413144868407,0,0,295,30.0,0,1
750,300,sweep_20260731_155129,map,2,0,750.2932169491526,100.0,3.2858829152542373,4.37946504250074,2059.0394018115553,-3887.2166509785197,186.81223913063488,65.43538300256459,0,0,295,30.0,0,1
750,300,sweep_20260731_155129,map,3,0,750.5773401360543,100.1,3.283740119047619,4.374952377928686,2136.0571949544565,-3875.8287111468017,187.17157477151244,67.81944209800862,0,0,294,30.0,0,1
750,300,sweep_20260731_155129,map,4,0,750.9538576271186,100.1,3.2818316779661014,4.370217483582958,2045.7891161411906,-3868.1848778626686,187.35848753399776,65.09892072518807,0,0,295,30.0,0,1
750,300,sweep_20260731_155129,map,5,0,750.6512382550336,100.1,3.2781635369127518,4.367092692117822,2062.895507675885,-3848.101319057445,187.9087266767498,65.41527473837968,0,0,298,30.0,0,1
750,300,sweep_20260731_155129,map,6,0,750.9910986394558,100.1,3.2899393197278908,4.380796690783897,2121.7077880463794,-3859.7095021402283,187.69862382642236,67.02300412991623,0,0,294,30.0,0,1
850,300,sweep_20260731_155129,map,1,1,849.9280410958904,100.0,3.686421917808219,4.337334150141671,3172.5418911931374,-4070.82775308917,181.2998429837602,100.17265302463913,0,0,292,30.0,0,1
850,300,sweep_20260731_155129,map,2,0,850.7327687074829,100.1,3.6757965884353743,4.320741745989174,3605.404947059338,-3823.6910585090554,188.74678713529323,114.53278060758824,0,0,294,30.0,0,1
850,300,sweep_20260731_155129,map,3,0,850.6597094594595,100.1,3.653851077702702,4.295314609439412,3420.410374311294,-3686.9190730191403,192.8650320483768,106.9256159637315,0,0,296,30.0,0,1
850,300,sweep_20260731_155129,map,4,0,850.9273412969283,100.1,3.662635737201365,4.304287286878117,3370.9703882867516,-3713.261169132721,192.06229227870568,106.60590192847562,0,0,293,30.0,0,1
850,300,sweep_20260731_155129,map,5,0,852.0299865771813,100.2,3.6805581711409396,4.319751920852772,3441.468313739104,-3666.526278621321,193.46833962235604,107.72169948716127,0,0,298,30.0,0,1
850,300,sweep_20260731_155129,map,6,0,850.4735646258504,100.1,3.6660212142857147,4.3105645686923975,3561.5055630639445,-3646.7772861483327,194.4197923197375,111.50259045607217,0,0,294,30.0,0,1
950,300,sweep_20260731_134414,probe,1,1,416.2129520547945,43.8,1.8689208904109587,4.490299691982951,797.2718188177428,-4203.035793050507,177.40246447213966,25.56453407976391,0,0,292,30.0,100,0
950,300,sweep_20260731_134414,probe,2,0,950.2216275167783,100.0,4.039941563758389,4.251578207408308,6230.991732995461,-4034.534549671329,182.36931682309122,200.1431376542387,0,0,298,30.0,100,0
950,300,sweep_20260731_134414,probe,3,0,949.9611160409556,100.0,4.032921317406144,4.245354098506357,5910.948040116338,-3556.9543637545194,197.2023568317117,186.5535215811374,0,0,293,30.0,100,0
950,300,sweep_20260731_134414,probe,4,0,950.5548082191781,100.1,4.030257510273972,4.23990018821164,5983.146100020189,-3581.5525817470443,196.47196335858968,186.7399415901948,0,0,292,30.0,100,0
950,300,sweep_20260731_141513,probe,1,1,950.722613559322,100.1,4.071033627118644,4.282041437804324,5608.741500097752,-4267.281536239613,175.20309534397842,179.3776108599676,0,0,295,30.0,100,1
950,300,sweep_20260731_141513,probe,2,0,1197.8878013698632,126.1,4.971837054794521,4.150503118162569,8687.901605192172,-3660.351667924937,194.07729408738422,296.07720588074716,1,1,292,30.0,100,1
950,300,sweep_20260731_141513,probe,3,0,950.0719047619049,100.0,4.029511850340136,4.241270402949093,6481.35052980442,-3570.019856612974,196.72045974935153,205.45581689589994,0,0,294,30.0,100,1
950,300,sweep_20260731_141513,probe,4,0,949.8297301038062,100.0,4.051573494809689,4.265578731007815,6018.930255369551,-3746.773353001551,191.10404489940612,190.62494662517477,0,0,289,30.0,100,1
950,300,sweep_20260731_144243,probe,1,1,950.5290546075083,100.1,4.0831244982935155,4.295633551127499,5477.435865969311,-4304.0568800694155,174.08594290235385,174.98709324725024,0,0,293,30.0,100,1
950,300,sweep_20260731_144243,probe,2,0,950.8318020477816,100.1,4.064422986348123,4.274597229073198,5855.333755759732,-3904.3386818740823,186.2350285233343,186.45404355833432,0,0,293,30.0,100,1
950,300,sweep_20260731_144243,probe,3,0,950.3015101351353,100.0,4.043223800675676,4.254674708557203,6168.198148199627,-3760.967780109932,190.92489009685994,196.6722311013394,0,0,296,30.0,100,1
950,300,sweep_20260731_144243,probe,4,0,950.6578047945205,100.1,4.031183164383561,4.240414525660871,6214.459475568985,-3606.992372210451,195.53091990562854,196.83540457726073,0,0,292,30.0,100,1
950,300,sweep_20260731_155129,map,1,1,950.1736849315068,100.0,4.071102613013698,4.284587836493454,5807.778529480859,-4049.2258297492162,181.92813844433235,183.44361316911204,0,0,292,30.0,0,1
950,300,sweep_20260731_155129,map,2,0,950.9109695945947,100.1,4.03551222972973,4.243838128663302,6033.023144906707,-3491.3802247053104,198.97261846473936,192.58093182630276,0,0,296,30.0,0,1
950,300,sweep_20260731_155129,map,3,0,951.1992142857142,100.1,4.054027639455783,4.26201743921759,5965.009670137461,-3635.057981874175,194.42467248565794,188.7246887489306,0,0,294,30.0,0,1
950,300,sweep_20260731_155129,map,4,0,951.175660958904,100.1,4.039766438356164,4.2471297407710935,6122.1249624138745,-3458.1567763966386,200.0432994398867,193.00551616875822,0,0,292,30.0,0,1
950,300,sweep_20260731_155129,map,5,0,951.641698630137,100.2,4.027440410958905,4.23209745512024,6125.636070617102,-3511.632149973087,198.7046588212211,192.5298008903418,0,0,292,30.0,0,1
950,300,sweep_20260731_155129,map,6,0,951.2080578231293,100.1,4.035542785714286,4.242544785574838,6073.203559004249,-3545.702984743166,197.45731260682032,190.8690604564316,0,0,294,30.0,0,1
150,400,sweep_20260731_155129,map,1,1,149.79633548387093,99.9,0.6876557354838709,4.590604524887814,109.86843505475053,-4156.125998474994,178.58853355243002,3.9006922689049466,0,0,155,30.0,0,1
150,400,sweep_20260731_155129,map,2,0,152.03994696969698,101.4,0.7093573762626263,4.665598682456842,44.11465751593096,-3949.1757622562286,184.87918214087162,2.0490788939747535,0,0,396,30.0,0,1
150,400,sweep_20260731_155129,map,3,0,155.0612377260982,103.4,0.7047923746770025,4.545251830905382,72.9213750861054,-4029.8451140793964,182.43436119430524,2.636410347461913,0,0,387,30.0,0,1
150,400,sweep_20260731_155129,map,4,0,151.32934605597964,100.9,0.7024006641221375,4.641536373667445,31.099590605572757,-4024.0581877632594,182.59662982394124,1.4895193582899127,0,0,393,30.0,0,1
150,400,sweep_20260731_155129,map,5,0,149.80646253229975,99.9,0.6941297054263565,4.63350975447201,39.87668357987286,-3956.693613383056,184.68981981430522,1.7896557603703225,0,0,387,30.0,0,1
150,400,sweep_20260731_155129,map,6,0,148.7942290076336,99.2,0.6844152264631044,4.5997430883424375,41.55879531657547,-3950.5592665893955,184.91023945950246,2.116738691637493,0,0,393,30.0,0,1
250,400,sweep_20260731_155129,map,1,1,250.93299999999996,100.4,1.1364808556962025,4.529021115979973,202.47694978513573,-4143.508629299191,178.90817790220612,6.649317058029364,0,0,395,30.0,0,1
250,400,sweep_20260731_155129,map,2,0,252.29136868686862,100.9,1.1539408156565656,4.573841830826876,172.7225785581395,-4001.0232883090466,183.11633623146034,5.938215024247799,0,0,396,30.0,0,1
250,400,sweep_20260731_155129,map,3,0,248.1363427835052,99.3,1.1298548556701031,4.553363054342598,163.41783558382258,-4015.8850825026225,182.7716523255346,5.663539704013778,0,0,388,30.0,0,1
250,400,sweep_20260731_155129,map,4,0,254.06653333333335,101.6,1.1430872538461538,4.499164997644267,177.9337753051982,-4005.388756698026,183.12118487089495,6.127369535900551,0,0,390,30.0,0,1
250,400,sweep_20260731_155129,map,5,0,250.91285933503838,100.4,1.144640976982097,4.561906392584222,173.39849447538927,-3945.792742930993,185.02469909349816,6.447784310552742,0,0,391,30.0,0,1
250,400,sweep_20260731_155129,map,6,0,250.93901265822782,100.4,1.1394900430379746,4.540904305660632,176.18524496276314,-3946.3436367377453,184.93741979564126,6.487714683712738,0,0,395,30.0,0,1
350,400,sweep_20260731_155129,map,1,1,347.9313969465648,99.4,1.5547734529262087,4.468620729749751,384.4409514224849,-4133.568630179125,179.228031352565,12.81822690914859,0,0,393,30.0,0,1
350,400,sweep_20260731_155129,map,2,0,349.1668877551021,99.8,1.5653368367346938,4.48306208758428,383.7667827666696,-4028.9140683107285,182.511828201075,12.200576447765256,0,0,392,30.0,0,1
350,400,sweep_20260731_155129,map,3,0,351.54646803069045,100.4,1.5883898567774937,4.518292747116507,368.7519024644412,-3986.191037787656,183.71026273222952,12.094304173439735,0,0,391,30.0,0,1
350,400,sweep_20260731_155129,map,4,0,347.2884798994975,99.2,1.564520042713568,4.504958077406793,367.29862487403716,-4011.0959592147033,183.09186222079268,11.81807469153476,0,0,398,30.0,0,1
350,400,sweep_20260731_155129,map,5,0,347.19578772378514,99.2,1.5450424654731456,4.450061089745474,370.4155965786881,-4028.7751277547704,182.47276705895518,11.873296116608891,0,0,391,30.0,0,1
350,400,sweep_20260731_155129,map,6,0,350.6201272264631,100.2,1.587032796437659,4.526359650233672,352.5041487258409,-3966.7652739244013,184.28789625573603,11.574508880929466,0,0,393,30.0,0,1
450,400,sweep_20260731_155129,map,1,1,451.3989088607595,100.3,2.007860101265823,4.4480836392211485,671.4251411292958,-4150.821721625731,178.6570884986799,21.841786084084145,0,0,395,30.0,0,1
450,400,sweep_20260731_155129,map,2,0,447.725511392405,99.5,1.9985229139240508,4.463723560689539,715.0022160816047,-3975.1321688244584,184.04354693456955,22.781653748383142,0,0,395,30.0,0,1
450,400,sweep_20260731_155129,map,3,0,449.79098205128207,100.0,1.9901342717948718,4.424575750093563,682.0852086518153,-3968.490997317865,184.10893302342436,21.96829189257698,0,0,390,30.0,0,1
450,400,sweep_20260731_155129,map,4,0,448.51205822784806,99.7,1.998339093670886,4.455485771255925,706.9828524706722,-4012.8343668046537,182.98904262224397,22.45421646349862,0,0,395,30.0,0,1
450,400,sweep_20260731_155129,map,5,0,452.01484732824434,100.4,1.9968225012722645,4.417603786855725,703.8045978820642,-3935.752310398119,185.2901066035677,22.654018771912273,0,0,393,30.0,0,1
450,400,sweep_20260731_155129,map,6,0,449.37501534526854,99.9,1.9961678030690537,4.442097880175508,684.5917294433152,-3959.0106746113756,184.33243565379544,22.145637612279838,0,0,391,30.0,0,1
550,400,sweep_20260731_155129,map,1,1,551.1072784810127,100.2,2.445286865822785,4.437043314983241,1155.8553494669723,-4159.116908645053,178.48461975555492,36.64066116805814,0,0,395,30.0,0,1
550,400,sweep_20260731_155129,map,2,0,549.5210759493671,99.9,2.4258834987341773,4.414541324994964,1171.2838644163749,-4010.6850520027747,183.02226235652518,37.478640999138364,0,0,395,30.0,0,1
550,400,sweep_20260731_155129,map,3,0,550.3003624678664,100.1,2.4289641028277633,4.413887884672432,1145.6090149086517,-4005.008363551277,183.16410703775816,36.54274602795703,0,0,389,30.0,0,1
550,400,sweep_20260731_155129,map,4,0,551.0792455696202,100.2,2.4131144556962023,4.37888829074283,1127.4623813131275,-3944.8163747667227,184.77572356195228,36.35394998627041,0,0,395,30.0,0,1
550,400,sweep_20260731_155129,map,5,0,550.5750948717949,100.1,2.4259374307692307,4.406188099253066,1160.1730103406712,-3971.526551049421,183.88423353707287,37.56443255972904,0,0,390,30.0,0,1
550,400,sweep_20260731_155129,map,6,0,549.9952468513853,100.0,2.4265795944584383,4.412001027918204,1133.0474924599084,-3939.47330950508,185.1413309677541,36.31909883704709,0,0,397,30.0,0,1
650,400,sweep_20260731_155129,map,1,1,650.4869236641221,100.1,2.8657995750636136,4.405622112925617,1847.827581210604,-4159.914124251181,178.5169971557689,58.48721215202162,0,0,393,30.0,0,1
650,400,sweep_20260731_155129,map,2,0,650.4450025252526,100.1,2.838707282828283,4.364254121113143,2095.395890637221,-3932.5908941970924,185.37324821776647,66.24393719757397,0,0,396,30.0,0,1
650,400,sweep_20260731_155129,map,3,0,651.2671928020566,100.2,2.837378964010283,4.356704890664843,2150.3650429906056,-3894.911609793764,186.71843162926055,67.97457130427992,0,0,389,30.0,0,1
650,400,sweep_20260731_155129,map,4,0,651.5790609137056,100.2,2.848369195431472,4.371486694856677,2174.9110575830878,-3873.7661956344805,187.265514820971,68.38456378920723,0,0,394,30.0,0,1
650,400,sweep_20260731_155129,map,5,0,650.823425257732,100.1,2.856241451030927,4.3886580294798545,2057.138062389464,-3905.0523213381866,186.29691662346892,64.77158984460723,0,0,388,30.0,0,1
650,400,sweep_20260731_155129,map,6,0,650.2755894206549,100.0,2.8569331460957175,4.39341902506447,1877.882962078263,-3977.1914821077603,183.78367043150374,59.66489418006782,0,0,397,30.0,0,1
750,400,sweep_20260731_134414,probe,1,1,390.3231256410257,52.0,1.7504720743589743,4.48467425926707,729.187991574518,-4214.93657460835,176.91214363250614,23.43948853846745,0,0,390,30.0,100,0
750,400,sweep_20260731_134414,probe,2,0,750.2430654911839,100.0,3.2378626523929475,4.315751522838961,3949.2579691944948,-4020.9337551589906,182.8650815063201,124.51982426649444,0,0,397,30.0,100,0
750,400,sweep_20260731_134414,probe,3,0,750.2346352040818,100.0,3.2313929974489795,4.307176509612841,3752.1215576577547,-3691.717073277127,193.0884449881443,116.69037536251464,0,0,392,30.0,100,0
750,400,sweep_20260731_134414,probe,4,0,749.9449924050632,100.0,3.234230118987342,4.312623128017978,3783.4843483085433,-3656.558607753549,194.3446616967716,117.24371103686967,0,0,395,30.0,100,0
750,400,sweep_20260731_141513,probe,1,1,749.8407760814249,100.0,3.264996361323156,4.3542528833729515,3486.766615791242,-4349.184354567346,172.90587493705917,109.08843955200625,0,0,393,30.0,100,1
750,400,sweep_20260731_141513,probe,2,0,750.5152531645571,100.1,3.2406704329113922,4.317927476153302,3709.920617106268,-3872.0692488255795,187.2764292478748,116.69611892706162,0,0,395,30.0,100,1
750,400,sweep_20260731_141513,probe,3,0,750.2530615384616,100.0,3.2356308769230764,4.312719324714415,3579.598924775561,-3742.6475239638016,191.3486635986265,111.59955970227651,0,0,390,30.0,100,1
750,400,sweep_20260731_141513,probe,4,0,750.5374631043255,100.1,3.2446867989821886,4.323151019752859,3696.1819661824566,-3751.4976292296355,191.05666552697156,114.96031706733193,0,0,393,30.0,100,1
750,400,sweep_20260731_144243,probe,1,1,750.802534351145,100.1,3.2679139974554707,4.352561223410961,3570.0639883471754,-4374.490073344164,172.0466574393055,111.6906464516466,0,0,393,30.0,100,1
750,400,sweep_20260731_144243,probe,2,0,749.9010025380711,100.0,3.2425602081218274,4.323984362132132,3718.202711283072,-3884.0978593629916,186.9041231301215,116.70198554063877,0,0,394,30.0,100,1
750,400,sweep_20260731_144243,probe,3,0,750.1574398976983,100.0,3.2451350230179035,4.325938596917008,3712.277664134118,-3807.402825689705,189.15743103516473,115.3146826061392,0,0,391,30.0,100,1
750,400,sweep_20260731_144243,probe,4,0,749.9912832080201,100.0,3.2493930952380956,4.332574481851455,3759.6792931010496,-3881.6287082562108,187.02217774913237,117.37807924247626,0,0,399,30.0,100,1
750,400,sweep_20260731_155129,map,1,1,749.7675240506329,100.0,3.2651633949367085,4.3549010729307165,3319.9407936158914,-4154.782966664342,178.6122810165126,104.50860457527955,0,0,395,30.0,0,1
750,400,sweep_20260731_155129,map,2,0,751.0083535353534,100.1,3.2472514419191922,4.32385528953551,3682.5753410013203,-3916.1106780238965,185.59011020374078,116.13341306354185,0,0,396,30.0,0,1
750,400,sweep_20260731_155129,map,3,0,751.4155813953488,100.2,3.233353023255814,4.303015672434695,3449.725898199747,-3841.257756274263,188.08541517116635,107.79379993119628,0,0,387,30.0,0,1
750,400,sweep_20260731_155129,map,4,0,750.5285404040404,100.1,3.2470720227272722,4.326380474457693,3679.7007804643163,-3779.464390425611,190.319392857112,114.62660215476113,0,0,396,30.0,0,1
750,400,sweep_20260731_155129,map,5,0,750.5839567430025,100.1,3.23935231043257,4.315776111827705,3973.414023076451,-3758.223169463858,190.94680126108827,126.63723934706316,0,0,393,30.0,0,1
750,400,sweep_20260731_155129,map,6,0,750.5948852040817,100.1,3.2361365102040818,4.311428939892387,3555.7982794173495,-3809.97260254657,188.97512496075086,111.59202581020698,0,0,392,30.0,0,1
850,400,sweep_20260731_134414,probe,1,1,435.0413759590793,51.2,1.9514207237851664,4.485597995094426,1050.4624944197708,-4229.655640637734,176.3665508763119,33.22243497016116,0,0,391,30.0,100,0
850,400,sweep_20260731_134414,probe,2,0,850.6881139240505,100.1,3.6170521569620253,4.251913360205895,6832.325385654036,-4021.4877317330693,182.8086104935142,217.28519574317266,0,0,395,30.0,100,0
850,400,sweep_20260731_134414,probe,3,0,849.9960283505154,100.0,3.6198660541237118,4.258685844860179,6446.054138668656,-3645.889536449521,194.3233215628116,200.58180716811265,0,0,388,30.0,100,0
850,400,sweep_20260731_134414,probe,4,0,851.6137752525252,100.2,3.6263043712121217,4.258156075665673,6248.898855690747,-3574.108962630831,196.5538035885883,194.79113694726738,0,0,396,30.0,100,0
850,400,sweep_20260731_141513,probe,1,1,850.6257251908397,100.1,3.643514465648855,4.283334441632864,6213.0997754891705,-4269.336583050272,175.07948296169718,195.33546830191935,0,0,393,30.0,100,1
850,400,sweep_20260731_141513,probe,2,0,850.3248905852417,100.0,3.61119575826972,4.246842351967717,7017.409851313985,-3557.73582941433,197.34230501838778,223.4225908836551,0,0,393,30.0,100,1
850,400,sweep_20260731_141513,probe,3,0,849.9131782945734,100.0,3.6104892222222222,4.248068290301123,6882.061973731421,-3598.6268938331355,195.96136084668393,215.86301894504027,0,0,387,30.0,100,1
850,400,sweep_20260731_141513,probe,4,0,849.7816658163265,100.0,3.6153431760204082,4.254437723773903,6686.886265707466,-3603.920948369082,195.7816527042367,210.3211536093594,0,0,392,30.0,100,1
850,400,sweep_20260731_144243,probe,1,1,850.3026481012658,100.0,3.635774951898735,4.2758598482757355,6358.683051995347,-4321.70492541974,173.51671118042154,199.52409577042422,0,0,395,30.0,100,1
850,400,sweep_20260731_144243,probe,2,0,850.12540302267,100.0,3.610548259445844,4.247077250730694,6833.726548606748,-3607.340969043542,195.5267727505058,215.2242667171881,0,0,397,30.0,100,1
850,400,sweep_20260731_144243,probe,3,0,851.6137474226806,100.2,3.6106486778350515,4.239772653696937,6902.059600517446,-3617.543756114062,195.38967057202163,216.65037719968856,0,0,388,30.0,100,1
850,400,sweep_20260731_144243,probe,4,0,850.0141903553299,100.0,3.6140094340101516,4.251704824479923,6769.533055064567,-3707.815407187929,192.60866309929992,212.83155236123932,0,0,394,30.0,100,1
850,400,sweep_20260731_155129,map,1,1,850.3604351145037,100.0,3.6302635419847333,4.2690880150084904,6143.672652918534,-4151.050065883001,178.80993686150666,193.47652231388815,0,0,393,30.0,0,1
850,400,sweep_20260731_155129,map,2,0,850.9394559193953,100.1,3.608432972292191,4.240528450280248,6479.137378363559,-3782.1958306610522,190.07177537301715,202.37346398436705,0,0,397,30.0,0,1
850,400,sweep_20260731_155129,map,3,0,851.1189438775509,100.1,3.601698193877551,4.231721335526661,6788.359702344982,-3693.793241852434,192.69524263442779,216.00489237449955,0,0,392,30.0,0,1
850,400,sweep_20260731_155129,map,4,0,850.8558409090908,100.1,3.619253866161616,4.2536628323484855,6513.548942004095,-3793.479435663686,189.53935606941948,205.64045524328688,0,0,396,30.0,0,1
850,400,sweep_20260731_155129,map,5,0,850.901135897436,100.1,3.6091975923076927,4.241618021230059,6890.655898357907,-3740.468234116012,191.46984752001117,218.31705804624545,0,0,390,30.0,0,1
850,400,sweep_20260731_155129,map,6,0,850.8432372448979,100.1,3.6263991709183676,4.262123752268343,6373.88203988675,-3757.119960013182,190.69100401270387,200.9770463695308,0,0,392,30.0,0,1
950,400,sweep_20260731_134414,probe,1,1,478.61349743589744,50.4,2.135182946153846,4.461184144602648,1315.1868077119884,-4237.3528607445405,176.2881593519657,41.364260142583056,0,0,390,30.0,100,0
950,400,sweep_20260731_134414,probe,2,0,950.5921994949493,100.1,4.0156041868686865,4.2243184711616415,9125.779542792323,-4098.044790777006,179.99078903813498,308.3173969595164,0,1,396,30.0,100,0
950,400,sweep_20260731_134414,probe,3,0,950.1436496163683,100.0,3.9845565166240404,4.193635897301268,8621.855033957654,-3594.104211094675,196.12924317172013,294.0252567964112,1,1,391,30.0,100,0
950,400,sweep_20260731_134414,probe,4,0,949.5351421319798,100.0,3.9693270126903553,4.180284474546222,8576.819821139134,-3549.068998276155,197.57280552159574,292.58169444653555,1,1,394,30.0,100,0
950,400,sweep_20260731_141513,probe,1,1,950.216155612245,100.0,3.9971112270408162,4.206528381392748,9320.960046470838,-4293.209223607859,174.33912920757817,308.6594091537184,0,1,392,30.0,100,1
950,400,sweep_20260731_141513,probe,2,0,951.6388278481013,100.2,3.9608686632911394,4.162155375950429,8413.002634636105,-3385.2498029171684,202.77568217363083,287.3788177945005,1,1,395,30.0,100,1
950,400,sweep_20260731_141513,probe,3,0,950.8833937823833,100.1,3.9851830388601037,4.191032323120097,8641.799661139696,-3614.052855988632,195.5241005007875,294.6303994673438,1,1,386,30.0,100,1
950,400,sweep_20260731_141513,probe,4,0,951.0366278481013,100.1,3.995838136708861,4.201560717750897,8742.541626296023,-3714.7968300009175,192.3429414803709,297.8115584877604,1,1,395,30.0,100,1
