host_timestamp_s,monotonic_s,firmware_timestamp_us,src,channel,value,raw_code,hw_us,seq
1783534130.097958,700782.484000,33894000,2,load,-2.35431800,-3949890,34252719,12335
1783534130.803192,700783.187000,33896000,2,load,-2.35431800,-3949890,34254741,12336
1783534130.880782,700783.265000,33897000,1,laser,4.22563200,1814895033,34255748,12293
1783534130.890865,700783.265000,33903000,1,laser,4.22663200,1815324628,34261816,12294
1783534130.890865,700783.265000,33904000,2,load,-2.35936000,-3958350,34262825,12337
1783534130.891863,700783.265000,33905000,1,laser,4.22741500,1815660783,34263832,12295
1783534130.891863,700783.265000,33905000,3,sma_v,0.51104700,141,34263832,147
1783534130.892865,700783.281000,33905000,4,sma_i,0.11533900,0,34263832,147
1783534130.892865,700783.281000,33905000,5,sma_r,4.33081800,0,34263832,147
1783534130.893866,700783.281000,33907000,1,laser,4.22741500,1815660783,34265854,12296
1783534130.894863,700783.281000,33909000,1,laser,4.22738100,1815646413,34267876,12297
1783534130.894863,700783.281000,33910000,2,load,-2.34798200,-3939260,34268892,12339
1783534130.894863,700783.281000,33911000,1,laser,4.22597700,1815043422,34269899,12298
1783534130.895863,700783.281000,33912000,2,load,-2.35294700,-3947590,34270914,12340
1783534130.923761,700783.296000,33913000,1,laser,4.22575400,1814947500,34271921,12299
1783534130.924272,700783.312000,33915000,1,laser,4.22689500,1815437677,34273944,12300
1783534130.924805,700783.312000,33916000,2,load,-2.36149400,-3961930,34274953,12341
1783534130.925326,700783.312000,33917000,1,laser,4.22689500,1815437677,34275966,12301
1783534130.925326,700783.312000,33918000,2,load,-2.36210800,-3962960,34276975,12342
1783534130.925849,700783.312000,33920000,2,load,-2.35692900,-3954270,34278997,12343
1783534130.926372,700783.312000,33921000,1,laser,4.22724100,1815586102,34280011,12302
1783534130.932825,700783.312000,33922000,2,load,-2.35021700,-3943010,34281020,12344
1783534130.934413,700783.312000,33923000,1,laser,4.22733900,1815628220,34282027,12303
1783534130.934937,700783.312000,33924000,2,load,-2.35880000,-3957410,34283042,12345
1783534130.955414,700783.343000,33926000,2,load,-2.36314500,-3964700,34285065,12346
1783534130.955942,700783.343000,33927000,1,laser,4.22606200,1815079931,34286072,12304
1783534130.956473,700783.343000,33928000,2,load,-2.36314500,-3964700,34287087,12347
1783534130.957000,700783.343000,33929000,1,laser,4.22591300,1815015874,34288094,12305
1783534130.957000,700783.343000,33930000,2,load,-2.36935600,-3975120,34289109,12348
1783534130.957525,700783.343000,33932000,2,load,-2.36644700,-3970240,34291132,12349
1783534130.962667,700783.343000,33933000,1,laser,4.22674100,1815371429,34292139,12306
1783534130.964204,700783.343000,33934000,2,load,-2.35738200,-3955030,34293148,12350
1783534130.985511,700783.359000,33935000,1,laser,4.22734200,1815629719,34294161,12307
1783534130.986040,700783.359000,33937000,1,laser,4.22757200,1815728695,34296184,12308
1783534130.986040,700783.359000,33938000,2,load,-2.35986100,-3959190,34297193,12351
1783534130.986040,700783.359000,33939000,1,laser,4.22757200,1815728695,34298206,12309
1783534130.987047,700783.375000,33940000,2,load,-2.34970500,-3942150,34299215,12352
1783534130.997590,700783.375000,33941000,1,laser,4.22626700,1815167735,34300222,12310
1783534130.998114,700783.375000,33943000,1,laser,4.22583000,1814980097,34302244,12311
1783534130.998645,700783.375000,33944000,2,load,-2.35576600,-3952320,34303260,12353
1783534130.999178,700783.375000,33945000,1,laser,4.22697000,1815469720,34304267,12312
1783534130.999712,700783.375000,33946000,2,load,-2.35459800,-3950360,34305282,12354
1783534131.000236,700783.375000,33947000,1,laser,4.22677300,1815385387,34306289,12313
1783534131.000236,700783.375000,33949000,1,laser,4.22677300,1815385387,34308312,12314
1783534131.000764,700783.375000,33950000,2,load,-2.35713700,-3954620,34309327,12355
1783534131.001297,700783.375000,33951000,1,laser,4.22720400,1815570418,34310334,12315
1783534131.001822,700783.375000,33952000,2,load,-2.35893700,-3957640,34311349,12356
1783534131.002354,700783.390000,33953000,1,laser,4.22765800,1815765452,34312356,12316
1783534131.002891,700783.390000,33955000,1,laser,4.22628600,1815176160,34314379,12317
1783534131.002891,700783.390000,33956000,2,load,-2.36821800,-3973210,34315388,12357
1783534131.003420,700783.390000,33957000,1,laser,4.22562400,1814891474,34316401,12318
1783534131.003943,700783.390000,33958000,2,load,-2.36117200,-3961390,34317410,12358
1783534131.004468,700783.390000,33959000,1,laser,4.22562400,1814891474,34318424,12319
1783534131.005047,700783.390000,33961000,1,laser,4.22661200,1815316129,34320440,12320
1783534131.005564,700783.390000,33962000,2,load,-2.36257300,-3963740,34321455,12359
1783534131.006094,700783.390000,33963000,1,laser,4.22654000,1815284929,34322462,12321
1783534131.006094,700783.390000,33964000,2,load,-2.35630900,-3953230,34323477,12360
1783534131.006619,700783.390000,33965000,1,laser,4.22680300,1815398076,34324484,12322
1783534131.007145,700783.390000,33967000,1,laser,4.22727500,1815600905,34326507,12323
1783534131.007676,700783.390000,33968000,2,load,-2.34952000,-3941840,34327522,12361
1783534131.008204,700783.390000,33969000,1,laser,4.22727500,1815600905,34328529,12324
1783534131.008728,700783.390000,33970000,2,load,-2.34952000,-3941840,34329545,12362
1783534131.008728,700783.390000,33971000,1,laser,4.22617000,1815126098,34330552,12325
1783534131.008728,700783.390000,33972000,2,load,-2.35774500,-3955640,34331561,12363
1783534131.009733,700783.390000,33973000,1,laser,4.22547500,1814827613,34332574,12326
1783534131.009733,700783.390000,33974000,2,load,-2.36504700,-3967890,34333583,12364
1783534131.010734,700783.390000,33975000,1,laser,4.22649800,1815267198,34334596,12327
1783534131.010734,700783.390000,33976000,2,load,-2.35949800,-3958580,34335605,12365
1783534131.011735,700783.390000,33977000,1,laser,4.22677000,1815383913,34336619,12328
1783534131.012736,700783.390000,33978000,2,load,-2.36814600,-3973090,34337628,12366
1783534131.013733,700783.390000,33979000,1,laser,4.22701400,1815488464,34339028,12329
1783534131.013733,700783.390000,33980000,2,load,-2.36814600,-3973090,34339650,12367
1783534131.014733,700783.390000,33981000,1,laser,4.22701400,1815488464,34340657,12330
1783534131.014733,700783.390000,33983000,1,laser,4.22764900,1815761268,34342680,12331
1783534131.014733,700783.390000,33985000,1,laser,4.22664000,1815328129,34344702,12332
1783534131.016238,700783.390000,33986000,2,load,-2.35886000,-3957510,34345717,12369
1783534131.016773,700783.390000,33987000,1,laser,4.22579500,1814965103,34346724,12333
1783534131.017300,700783.390000,33988000,2,load,-2.36010000,-3959590,34347740,12370
1783534131.017300,700783.390000,33989000,1,laser,4.22654300,1815286445,34348747,12334
1783534131.017826,700783.390000,33990000,2,load,-2.36010000,-3959590,34349756,12371
1783534131.018355,700783.406000,33992000,2,load,-2.35830500,-3956580,34351778,12372
1783534131.018886,700783.406000,33993000,1,laser,4.22697100,1815470175,34352792,12335
1783534131.019412,700783.406000,33994000,2,load,-2.34918600,-3941280,34353801,12373
1783534131.019938,700783.406000,33995000,1,laser,4.22702000,1815491451,34354814,12336
1783534131.026798,700783.406000,33997000,1,laser,4.22764500,1815759655,34356836,12337
1783534131.027803,700783.406000,33998000,2,load,-2.36249000,-3963600,34357845,12374
1783534131.028803,700783.406000,33999000,1,laser,4.22676400,1815381320,34358852,12338
1783534131.051261,700783.437000,34000000,2,load,-2.34866100,-3940400,34359868,12375
1783534131.051261,700783.437000,34002000,2,load,-2.34866100,-3940400,34361890,12376
1783534131.052261,700783.437000,34003000,1,laser,4.22583600,1814982726,34362897,12339
1783534131.052261,700783.437000,34004000,2,load,-2.35416900,-3949640,34363913,12377
1783534131.053267,700783.437000,34005000,1,laser,4.22645800,1815249799,34364920,12340
1783534131.062268,700783.437000,34007000,1,laser,4.22705900,1815508064,34366942,12341
1783534131.063268,700783.437000,34008000,2,load,-2.35663100,-3953770,34367957,12378
1783534131.063889,700783.437000,34009000,1,laser,4.22692300,1815449389,34368964,12342
1783534131.064400,700783.437000,34010000,2,load,-2.36738300,-3971810,34369973,12379
1783534131.064942,700783.453000,34011000,1,laser,4.22692300,1815449389,34370987,12343
1783534131.065476,700783.453000,34012000,2,load,-2.36738300,-3971810,34371996,12380
1783534131.066046,700783.453000,34014000,2,load,-2.36409900,-3966300,34374018,12381
1783534131.066578,700783.453000,34015000,1,laser,4.22692100,1815448542,34375032,12344
1783534131.066578,700783.453000,34016000,2,load,-2.36313300,-3964680,34376041,12382
1783534131.067106,700783.453000,34017000,1,laser,4.22584300,1814986042,34377048,12345
1783534131.067621,700783.453000,34019000,1,laser,4.22632900,1815194600,34379070,12346
1783534131.068150,700783.453000,34020000,2,load,-2.37256300,-3980500,34380085,12383
1783534131.068675,700783.453000,34021000,1,laser,4.22706700,1815511704,34381092,12347
1783534131.069206,700783.453000,34022000,2,load,-2.37256300,-3980500,34382108,12384
1783534131.069732,700783.453000,34023000,1,laser,4.22706700,1815511704,34383115,12348
1783534131.070255,700783.453000,34025000,1,laser,4.22682900,1815409033,34385137,12349
1783534131.070255,700783.453000,34026000,2,load,-2.36735300,-3971760,34386146,12385
1783534131.070779,700783.453000,34027000,1,laser,4.22759100,1815736538,34387160,12350
1783534131.071304,700783.453000,34028000,2,load,-2.36054100,-3960330,34388169,12386
1783534131.071830,700783.453000,34029000,1,laser,4.22704800,1815503526,34389182,12351
1783534131.072370,700783.453000,34031000,1,laser,4.22573000,1814937305,34391204,12352
1783534131.072895,700783.453000,34032000,2,load,-2.36241200,-3963470,34392213,12387
1783534131.073419,700783.453000,34033000,1,laser,4.22573000,1814937305,34393227,12353
1783534131.073419,700783.453000,34034000,2,load,-2.36241200,-3963470,34394236,12388
1783534131.074477,700783.453000,34035000,1,laser,4.22599300,1815050224,34395243,12354
1783534131.074477,700783.453000,34037000,1,laser,4.22697600,1815472441,34397265,12355
1783534131.075001,700783.453000,34038000,2,load,-2.35918800,-3958060,34398281,12389
1783534131.075001,700783.453000,34039000,1,laser,4.22662000,1815319233,34399288,12356
1783534131.076006,700783.453000,34040000,2,load,-2.35694600,-3954300,34400303,12390
1783534131.077008,700783.453000,34042000,2,load,-2.34794000,-3939190,34402325,12391
1783534131.077008,700783.453000,34043000,1,laser,4.22733900,1815628138,34403332,12357
1783534131.078007,700783.453000,34044000,2,load,-2.34794000,-3939190,34404348,12392
1783534131.078007,700783.453000,34045000,1,laser,4.22707500,1815514573,34405355,12358
1783534131.079010,700783.453000,34046000,2,load,-2.35865100,-3957160,34406364,12393
1783534131.079010,700783.453000,34048000,2,load,-2.35968200,-3958890,34408386,12394
1783534131.079846,700783.453000,34049000,1,laser,4.22611200,1815101253,34409400,12359
1783534131.080351,700783.453000,34050000,2,load,-2.36626900,-3969940,34410409,12395
1783534131.080890,700783.468000,34051000,1,laser,4.22716000,1815551325,34411416,12360
1783534131.080890,700783.468000,34052000,2,load,-2.35583800,-3952440,34412431,12396
1783534131.086898,700783.468000,34054000,2,load,-2.35583800,-3952440,34414453,12397
1783534131.088407,700783.468000,34055000,1,laser,4.22680300,1815398036,34415460,12361
1783534131.112347,700783.500000,34056000,2,load,-2.35076500,-3943930,34416476,12398
1783534131.112881,700783.500000,34064000,2,load,-2.35531900,-3951570,34424559,12399
1783534131.112881,700783.500000,34065000,1,laser,4.22597100,1815040781,34425572,12362
1783534131.112881,700783.500000,34066000,2,load,-2.37054200,-3977110,34426581,12400
1783534131.114888,700783.500000,34066000,3,sma_v,0.49742700,141,34426581,148
1783534131.114888,700783.500000,34066000,4,sma_i,0.11089100,0,34426581,148
1783534131.126250,700783.500000,34066000,5,sma_r,4.38575300,0,34426581,148
1783534131.126756,700783.500000,34068000,2,load,-2.37174600,-3979130,34428604,12401
1783534131.127340,700783.515000,34069000,1,laser,4.22680300,1815398138,34429611,12364
1783534131.127340,700783.515000,34070000,2,load,-2.35912200,-3957950,34430626,12402
1783534131.127869,700783.515000,34071000,1,laser,4.22740200,1815655281,34431633,12365
1783534131.128394,700783.515000,34072000,2,load,-2.35423400,-3949750,34432649,12403
1783534131.128911,700783.515000,34073000,1,laser,4.22739600,1815653043,34433656,12366
1783534131.129449,700783.515000,34074000,2,load,-2.35602300,-3952750,34434671,12404
1783534131.129976,700783.515000,34075000,1,laser,4.22739600,1815653043,34435678,12367
1783534131.130502,700783.515000,34077000,1,laser,4.22608900,1815091139,34437700,12368
1783534131.131028,700783.515000,34078000,2,load,-2.35710100,-3954560,34438716,12405
1783534131.131028,700783.515000,34079000,1,laser,4.22591200,1815015268,34439723,12369
1783534131.131553,700783.515000,34080000,2,load,-2.36116100,-3961370,34440738,12406
1783534131.132081,700783.515000,34081000,1,laser,4.22704300,1815501078,34441745,12370
1783534131.132625,700783.515000,34083000,1,laser,4.22678600,1815390837,34443768,12371
1783534131.133157,700783.515000,34084000,2,load,-2.35616600,-3952990,34444777,12407
1783534131.133684,700783.515000,34085000,1,laser,4.22678600,1815390837,34445790,12372
1783534131.134211,700783.515000,34086000,2,load,-2.35616600,-3952990,34446799,12408
1783534131.134211,700783.515000,34088000,2,load,-2.34785100,-3939040,34448821,12409
1783534131.134742,700783.515000,34089000,1,laser,4.22755200,1815719908,34449835,12373
1783534131.135276,700783.515000,34090000,2,load,-2.35428200,-3949830,34450844,12410
1783534131.135801,700783.515000,34091000,1,laser,4.22624100,1815156798,34451851,12374
1783534131.136325,700783.515000,34092000,2,load,-2.35987300,-3959210,34452866,12411
1783534131.136853,700783.515000,34093000,1,laser,4.22586200,1814993815,34453873,12375
1783534131.136853,700783.515000,34095000,1,laser,4.22700500,1815484887,34455896,12376
1783534131.137385,700783.515000,34096000,2,load,-2.36024300,-3959830,34456911,12412
1783534131.138393,700783.515000,34097000,1,laser,4.22700500,1815484887,34457918,12377
1783534131.138393,700783.515000,34098000,2,load,-2.35350700,-3948530,34458933,12413
1783534131.138393,700783.515000,34100000,2,load,-2.35294100,-3947580,34460956,12414
1783534131.139393,700783.515000,34101000,1,laser,4.22726000,1815594324,34461963,12378
1783534131.140391,700783.515000,34102000,2,load,-2.36483800,-3967540,34462972,12415
1783534131.140391,700783.515000,34103000,1,laser,4.22760100,1815740584,34463985,12379
1783534131.141391,700783.515000,34104000,2,load,-2.36573200,-3969040,34464994,12416
1783534131.141391,700783.515000,34106000,2,load,-2.36573200,-3969040,34467017,12417
1783534131.142395,700783.515000,34107000,1,laser,4.22629300,1815178748,34468030,12380
1783534131.142395,700783.515000,34108000,2,load,-2.35883000,-3957460,34469039,12418
1783534131.143392,700783.531000,34109000,1,laser,4.22582600,1814978555,34470046,12381
1783534131.143868,700783.531000,34110000,2,load,-2.36310400,-3964630,34471061,12419
1783534131.144375,700783.531000,34112000,2,load,-2.35724400,-3954800,34473084,12420
1783534131.144909,700783.531000,34113000,1,laser,4.22677400,1815385761,34474091,12382
1783534131.145437,700783.531000,34114000,2,load,-2.35276800,-3947290,34475106,12421
1783534131.145437,700783.531000,34115000,1,laser,4.22718400,1815561883,34476113,12383
1783534131.145975,700783.531000,34116000,2,load,-2.35034800,-3943230,34477129,12422
1783534131.146506,700783.531000,34118000,2,load,-2.35034800,-3943230,34479151,12423
1783534131.147030,700783.531000,34119000,1,laser,4.22760600,1815742931,34480158,12384
1783534131.147557,700783.531000,34120000,2,load,-2.34979400,-3942300,34481173,12424
1783534131.148085,700783.531000,34121000,1,laser,4.22630100,1815182554,34482180,12385
1783534131.148085,700783.531000,34122000,2,load,-2.35573600,-3952270,34483196,12425
1783534131.148608,700783.531000,34124000,2,load,-2.35031800,-3943180,34485212,12426
1783534131.149132,700783.531000,34125000,1,laser,4.22660300,1815311915,34486225,12386
1783534131.149668,700783.531000,34126000,2,load,-2.34642000,-3936640,34487234,12427
1783534131.150197,700783.531000,34127000,1,laser,4.22660300,1815311915,34488248,12387
1783534131.150722,700783.531000,34129000,1,laser,4.22666200,1815337429,34490264,12388
1783534131.151247,700783.531000,34130000,2,load,-2.35452100,-3950230,34491279,12428
1783534131.151247,700783.531000,34131000,1,laser,4.22695000,1815460999,34492286,12389
1783534131.151781,700783.531000,34132000,2,load,-2.35886600,-3957520,34493301,12429
1783534131.152317,700783.531000,34133000,1,laser,4.22752800,1815709293,34494308,12390
1783534131.152842,700783.531000,34135000,1,laser,4.22653000,1815280755,34496331,12391
1783534131.153371,700783.531000,34136000,2,load,-2.35742300,-3955100,34497346,12430
1783534131.153894,700783.531000,34137000,1,laser,4.22582300,1814977422,34498353,12392
1783534131.153894,700783.531000,34138000,2,load,-2.35742300,-3955100,34499369,12431
1783534131.154415,700783.531000,34139000,1,laser,4.22582300,1814977422,34500376,12393
1783534131.154940,700783.531000,34140000,2,load,-2.36012900,-3959640,34501385,12432
1783534131.154940,700783.531000,34141000,1,laser,4.22667100,1815341541,34502398,12394
1783534131.155948,700783.531000,34142000,2,load,-2.35008600,-3942790,34503407,12433
1783534131.155948,700783.531000,34144000,2,load,-2.34247400,-3930020,34505429,12434
1783534131.156947,700783.531000,34146000,2,load,-2.34466200,-3933690,34507452,12435
1783534131.156947,700783.531000,34147000,1,laser,4.22764700,1815760650,34508459,12396
1783534131.156947,700783.531000,34148000,2,load,-2.35467000,-3950480,34509474,12436
1783534131.157947,700783.531000,34149000,1,laser,4.22764700,1815760650,34510481,12397
1783534131.162841,700783.546000,34150000,2,load,-2.35467000,-3950480,34511497,12437
1783534131.163842,700783.546000,34152000,2,load,-2.35353700,-3948580,34513519,12438
1783534131.164845,700783.546000,34153000,1,laser,4.22585600,1814991181,34514526,12398
1783534131.180167,700783.562000,34154000,2,load,-2.35616000,-3952980,34515541,12439
1783534131.186453,700783.562000,34155000,1,laser,4.22652500,1815278891,34516548,12399
1783534131.187456,700783.562000,34156000,2,load,-2.35703600,-3954450,34517564,12440
1783534131.187456,700783.562000,34158000,2,load,-2.36671000,-3970680,34519580,12441
1783534131.188453,700783.562000,34159000,1,laser,4.22703300,1815496907,34520593,12400
1783534131.188453,700783.562000,34160000,2,load,-2.36671000,-3970680,34521602,12442
1783534131.188453,700783.562000,34161000,1,laser,4.22700700,1815485694,34522616,12401
1783534131.199628,700783.578000,34162000,2,load,-2.36120200,-3961440,34523625,12443
1783534131.200133,700783.578000,34164000,2,load,-2.35914000,-3957980,34525647,12444
1783534131.200668,700783.578000,34165000,1,laser,4.22683900,1815413682,34526654,12402
1783534131.201196,700783.578000,34166000,2,load,-2.35404400,-3949430,34527669,12445
1783534131.201723,700783.578000,34167000,1,laser,4.22586000,1814992917,34528676,12403
1783534131.202250,700783.578000,34168000,2,load,-2.35831100,-3956590,34529692,12446
1783534131.202777,700783.578000,34169000,1,laser,4.22639800,1815223923,34530699,12404
1783534131.202777,700783.578000,34170000,2,load,-2.35831100,-3956590,34531714,12447
1783534131.203315,700783.578000,34171000,1,laser,4.22639800,1815223923,34532721,12405
1783534131.203846,700783.578000,34172000,2,load,-2.35856800,-3957020,34533737,12448
1783534131.204371,700783.578000,34173000,1,laser,4.22706600,1815510876,34534744,12406
1783534131.204885,700783.578000,34174000,2,load,-2.35462800,-3950410,34535753,12449
1783534131.205420,700783.593000,34175000,1,laser,4.22691300,1815445217,34536766,12407
1783534131.210250,700783.593000,34176000,2,load,-2.36111900,-3961300,34537775,12450
1783534131.211795,700783.593000,34177000,1,laser,4.22760500,1815742757,34538788,12408
1783534131.225408,700783.609000,34179000,1,laser,4.22697000,1815469674,34540811,12409
1783534131.232282,700783.609000,34180000,2,load,-2.36830700,-3973360,34541820,12451
1783534131.232806,700783.609000,34181000,1,laser,4.22697000,1815469674,34542827,12410
1783534131.233330,700783.609000,34182000,2,load,-2.35762600,-3955440,34543842,12452
1783534131.233330,700783.609000,34183000,1,laser,4.22590000,1815009984,34544849,12411
1783534131.234385,700783.609000,34185000,1,laser,4.22630600,1815184690,34546872,12412
1783534131.234385,700783.609000,34186000,2,load,-2.35170100,-3945500,34547887,12453
1783534131.235391,700783.609000,34187000,1,laser,4.22709900,1815525354,34548894,12413
1783534131.246172,700783.625000,34188000,2,load,-2.34863800,-3940360,34549909,12454
1783534131.246676,700783.625000,34190000,2,load,-2.35679100,-3954040,34551932,12455
1783534131.247203,700783.625000,34191000,1,laser,4.22678800,1815391612,34552939,12414
1783534131.247726,700783.625000,34192000,2,load,-2.35679100,-3954040,34553948,12456
1783534131.248256,700783.625000,34193000,1,laser,4.22753300,1815711578,34554961,12415
1783534131.248256,700783.625000,34194000,2,load,-2.35820400,-3956410,34555970,12457
1783534131.248787,700783.625000,34196000,2,load,-2.35664200,-3953790,34557993,12458
1783534131.249314,700783.625000,34197000,1,laser,4.22592900,1815022707,34559006,12416
1783534131.249847,700783.625000,34198000,2,load,-2.35579600,-3952370,34560015,12459
1783534131.250373,700783.625000,34199000,1,laser,4.22613500,1815111229,34561022,12417
1783534131.250899,700783.625000,34201000,1,laser,4.22613500,1815111229,34563044,12418
1783534131.251430,700783.625000,34202000,2,load,-2.36410500,-3966310,34564060,12460
1783534131.251962,700783.625000,34203000,1,laser,4.22712900,1815538315,34565067,12419
1783534131.252501,700783.640000,34204000,2,load,-2.37110300,-3978050,34566082,12461
1783534131.253081,700783.640000,34206000,2,load,-2.36294900,-3964370,34568105,12462
1783534131.253081,700783.640000,34207000,1,laser,4.22748400,1815690440,34569112,12420
1783534131.253609,700783.640000,34208000,2,load,-2.36550000,-3968650,34570121,12463
1783534131.254134,700783.640000,34209000,1,laser,4.22727600,1815601170,34571134,12421
1783534131.254665,700783.640000,34211000,1,laser,4.22599900,1815052770,34573156,12422
1783534131.255186,700783.640000,34212000,2,load,-2.36398000,-3966100,34574165,12464
1783534131.255708,700783.640000,34213000,1,laser,4.22599900,1815052770,34575179,12423
1783534131.256289,700783.640000,34214000,2,load,-2.35636800,-3953330,34576188,12465
1783534131.256816,700783.640000,34215000,1,laser,4.22602900,1815065790,34577195,12424
1783534131.257338,700783.640000,34221000,1,laser,4.22745400,1815677746,34583262,12425
1783534131.257338,700783.640000,34222000,2,load,-2.35880600,-3957420,34584277,12466
1783534131.257862,700783.640000,34223000,1,laser,4.22745400,1815677746,34585284,12426
1783534131.258392,700783.640000,34223000,3,sma_v,0.51034000,141,34585284,149
1783534131.258919,700783.640000,34223000,4,sma_i,0.11430900,0,34585284,149
1783534131.258919,700783.640000,34223000,5,sma_r,4.36456100,0,34585284,149
1783534131.259444,700783.640000,34226000,2,load,-2.36606000,-3969590,34588316,12467
1783534131.259970,700783.640000,34227000,1,laser,4.22609200,1815092876,34589329,12428
1783534131.260493,700783.640000,34228000,2,load,-2.36274000,-3964020,34590338,12468
1783534131.261014,700783.640000,34229000,1,laser,4.22595100,1815032117,34591352,12429
1783534131.261014,700783.640000,34231000,1,laser,4.22713300,1815539875,34593374,12430
1783534131.261524,700783.640000,34232000,2,load,-2.34918000,-3941270,34594383,12469
1783534131.262050,700783.640000,34233000,1,laser,4.22713300,1815539875,34595396,12431
1783534131.262575,700783.640000,34234000,2,load,-2.34918000,-3941270,34596405,12470
1783534131.263108,700783.640000,34235000,1,laser,4.22678300,1815389380,34597419,12432
1783534131.263633,700783.640000,34237000,1,laser,4.22737500,1815643539,34599435,12433
1783534131.263633,700783.640000,34238000,2,load,-2.35869900,-3957240,34600450,12471
1783534131.264158,700783.640000,34239000,1,laser,4.22743900,1815671205,34601457,12434
1783534131.264682,700783.640000,34241000,1,laser,4.22614500,1815115207,34603480,12435
1783534131.265204,700783.640000,34242000,2,load,-2.34609200,-3936090,34604495,12472
1783534131.265728,700783.640000,34243000,1,laser,4.22614500,1815115207,34605502,12436
1783534131.266242,700783.640000,34244000,2,load,-2.34609200,-3936090,34606517,12473
1783534131.266770,700783.640000,34245000,1,laser,4.22588300,1815002811,34607524,12437
1783534131.267299,700783.640000,34247000,1,laser,4.22702500,1815493372,34609547,12438
1783534131.267299,700783.640000,34248000,2,load,-2.34439400,-3933240,34610556,12474
1783534131.267299,700783.640000,34249000,1,laser,4.22674600,1815373297,34611569,12439
1783534131.268304,700783.656000,34250000,2,load,-2.34901300,-3940990,34612578,12475
1783534131.274458,700783.656000,34251000,1,laser,4.22732400,1815621763,34613592,12440
1783534131.275535,700783.656000,34253000,1,laser,4.22758700,1815734813,34615608,12441
1783534131.296755,700783.671000,34254000,2,load,-2.35970600,-3958930,34616623,12476
1783534131.296755,700783.671000,34255000,1,laser,4.22758700,1815734813,34617630,12442
1783534131.297755,700783.671000,34256000,2,load,-2.35812100,-3956270,34618645,12477
1783534131.297755,700783.671000,34257000,1,laser,4.22628000,1815173441,34619652,12443
1783534131.297755,700783.671000,34259000,1,laser,4.22590200,1815010856,34621675,12444
1783534131.298754,700783.671000,34260000,2,load,-2.35548000,-3951840,34622690,12478
1783534131.298754,700783.671000,34261000,1,laser,4.22700600,1815485183,34623697,12445
1783534131.311160,700783.687000,34262000,2,load,-2.35579600,-3952370,34624713,12479
1783534131.311697,700783.687000,34263000,1,laser,4.22678900,1815391762,34625720,12446
1783534131.312225,700783.687000,34265000,1,laser,4.22678900,1815391762,34627742,12447
1783534131.312756,700783.687000,34266000,2,load,-2.35148700,-3945140,34628751,12480
1783534131.313284,700783.687000,34267000,1,laser,4.22722000,1815577041,34629764,12448
1783534131.313824,700783.687000,34268000,2,load,-2.35558700,-3952020,34630773,12481
1783534131.314351,700783.687000,34269000,1,laser,4.22760100,1815740591,34631787,12449
1783534131.314351,700783.687000,34270000,2,load,-2.35915200,-3958000,34632796,12482
1783534131.315359,700783.703000,34271000,1,laser,4.22635900,1815207395,34633809,12450
1783534131.315359,700783.703000,34272000,2,load,-2.35743500,-3955120,34634818,12483
1783534131.316360,700783.703000,34273000,1,laser,4.22579900,1814966679,34635825,12451
1783534131.316867,700783.703000,34274000,2,load,-2.34628900,-3936420,34636841,12484
1783534131.316867,700783.703000,34275000,1,laser,4.22579900,1814966679,34637848,12452
1783534131.317872,700783.703000,34276000,2,load,-2.34628900,-3936420,34638863,12485
1783534131.317872,700783.703000,34277000,1,laser,4.22684700,1815416966,34639870,12453
1783534131.318870,700783.703000,34279000,1,laser,4.22684100,1815414470,34641892,12454
1783534131.318870,700783.703000,34280000,2,load,-2.36121400,-3961460,34642908,12486
1783534131.319613,700783.703000,34281000,1,laser,4.22713100,1815538808,34643915,12455
1783534131.320122,700783.703000,34282000,2,load,-2.36572000,-3969020,34644930,12487
1783534131.320656,700783.703000,34283000,1,laser,4.22768700,1815777856,34645937,12456
1783534131.321192,700783.703000,34285000,1,laser,4.22650600,1815270433,34647960,12457
1783534131.321734,700783.703000,34286000,2,load,-2.36169100,-3962260,34648969,12488
1783534131.322259,700783.703000,34287000,1,laser,4.22650600,1815270433,34649982,12458
1783534131.322785,700783.703000,34288000,2,load,-2.35430600,-3949870,34650991,12489
1783534131.322785,700783.703000,34289000,1,laser,4.22580600,1814969678,34651998,12459
1783534131.323316,700783.703000,34291000,1,laser,4.22676400,1815381088,34654020,12460
1783534131.323844,700783.703000,34292000,2,load,-2.35187400,-3945790,34655036,12490
1783534131.324374,700783.703000,34293000,1,laser,4.22689200,1815436504,34656043,12461
1783534131.324903,700783.703000,34294000,2,load,-2.35139700,-3944990,34657058,12491
1783534131.325435,700783.703000,34296000,2,load,-2.35139700,-3944990,34659081,12492
1783534131.325435,700783.703000,34297000,1,laser,4.22706200,1815509097,34660088,12462
1783534131.325951,700783.703000,34298000,2,load,-2.35140300,-3945000,34661103,12493
1783534131.326493,700783.703000,34299000,1,laser,4.22770300,1815784460,34662110,12463
1783534131.327024,700783.703000,34300000,2,load,-2.36024900,-3959840,34663119,12494
1783534131.327567,700783.703000,34302000,2,load,-2.34497800,-3934220,34665141,12495
1783534131.328095,700783.703000,34303000,1,laser,4.22580000,1814967173,34666155,12465
1783534131.328622,700783.703000,34304000,2,load,-2.33860000,-3923520,34667164,12496
1783534131.328622,700783.703000,34305000,1,laser,4.22657300,1815299435,34668177,12466
1783534131.329149,700783.703000,34306000,2,load,-2.35539100,-3951690,34669186,12497
1783534131.329678,700783.703000,34308000,2,load,-2.35539100,-3951690,34671209,12498
1783534131.330253,700783.703000,34309000,1,laser,4.22697400,1815471805,34672216,12467
1783534131.330782,700783.718000,34310000,2,load,-2.36049300,-3960250,34673231,12499
1783534131.330782,700783.718000,34311000,1,laser,4.22701000,1815487104,34674238,12468
1783534131.330782,700783.718000,34312000,2,load,-2.36169700,-3962270,34675253,12500
1783534131.331790,700783.718000,34314000,2,load,-2.35808500,-3956210,34677276,12501
1783534131.331790,700783.718000,34315000,1,laser,4.22677600,1815386566,34678283,12469
1783534131.332789,700783.718000,34316000,2,load,-2.36203700,-3962840,34679298,12502
1783534131.332789,700783.718000,34317000,1,laser,4.22677600,1815386566,34680305,12470
1783534131.333789,700783.718000,34319000,1,laser,4.22581000,1814971489,34682328,12471
1783534131.333789,700783.718000,34320000,2,load,-2.35403200,-3949410,34683337,12503
1783534131.334789,700783.718000,34321000,1,laser,4.22636800,1815211313,34684350,12472
1783534131.334789,700783.718000,34322000,2,load,-2.35360900,-3948700,34685359,12504
1783534131.335601,700783.718000,34323000,1,laser,4.22687000,1815426971,34686372,12473
1783534131.336108,700783.718000,34324000,2,load,-2.35559300,-3952030,34687381,12505
1783534131.336639,700783.718000,34326000,2,load,-2.35868100,-3957210,34689404,12506
1783534131.336639,700783.718000,34327000,1,laser,4.22743500,1815669344,34690411,12474
1783534131.337646,700783.718000,34328000,2,load,-2.35868100,-3957210,34691426,12507
1783534131.337646,700783.718000,34329000,1,laser,4.22743500,1815669344,34692433,12475
1783534131.337646,700783.718000,34331000,1,laser,4.22673600,1815369152,34694456,12476
1783534131.338646,700783.718000,34332000,2,load,-2.34771400,-3938810,34695465,12508
1783534131.338646,700783.718000,34333000,1,laser,4.22570300,1814925522,34696478,12477
1783534131.339648,700783.718000,34334000,2,load,-2.35271500,-3947200,34697487,12509
1783534131.339648,700783.718000,34335000,1,laser,4.22613800,1815112577,34698500,12478
1783534131.340647,700783.718000,34337000,1,laser,4.22703000,1815495532,34700523,12479
1783534131.340647,700783.718000,34338000,2,load,-2.35810900,-3956250,34701532,12510
1783534131.341648,700783.718000,34339000,1,laser,4.22703000,1815495532,34702539,12480
1783534131.341648,700783.718000,34340000,2,load,-2.34772000,-3938820,34703554,12511
1783534131.341648,700783.718000,34341000,1,laser,4.22691700,1815447071,34704561,12481
1783534131.342647,700783.718000,34343000,1,laser,4.22761900,1815748469,34706584,12482
1783534131.342647,700783.718000,34344000,2,load,-2.35564700,-3952120,34707599,12512
1783534131.343650,700783.718000,34345000,1,laser,4.22706600,1815510722,34708606,12483
1783534131.343650,700783.718000,34346000,2,load,-2.35140900,-3945010,34709621,12513
1783534131.344648,700783.718000,34347000,1,laser,4.22593900,1815026876,34710628,12484
1783534131.350706,700783.734000,34349000,1,laser,4.22593900,1815026876,34712651,12485
1783534131.352821,700783.734000,34350000,2,load,-2.35869900,-3957240,34713660,12514
1783534131.373125,700783.750000,34351000,1,laser,4.22620000,1815139263,34714673,12486
1783534131.373632,700783.750000,34352000,2,load,-2.36795500,-3972770,34715682,12515
1783534131.373632,700783.750000,34353000,1,laser,4.22708800,1815520526,34716696,12487
1783534131.374165,700783.750000,34355000,1,laser,4.22682800,1815408644,34718712,12488
1783534131.375220,700783.750000,34356000,2,load,-2.35986700,-3959200,34719727,12516
1783534131.375750,700783.750000,34357000,1,laser,4.22753600,1815713060,34720734,12489
1783534131.386313,700783.765000,34358000,2,load,-2.35494400,-3950940,34721749,12517
1783534131.386313,700783.765000,34359000,1,laser,4.22753600,1815713060,34722756,12490
1783534131.387314,700783.765000,34361000,1,laser,4.22716000,1815551275,34724779,12491
1783534131.387314,700783.765000,34362000,2,load,-2.36125600,-3961530,34725794,12518
1783534131.388313,700783.765000,34363000,1,laser,4.22596300,1815037213,34726801,12492
1783534131.388313,700783.765000,34364000,2,load,-2.35411500,-3949550,34727817,12519
1783534131.388313,700783.765000,34366000,2,load,-2.35751900,-3955260,34729833,12520
1783534131.388313,700783.765000,34367000,1,laser,4.22713200,1815539646,34730846,12493
1783534131.389820,700783.765000,34368000,2,load,-2.35886000,-3957510,34731855,12521
1783534131.389820,700783.765000,34369000,1,laser,4.22674700,1815374000,34732868,12494
1783534131.390827,700783.765000,34370000,2,load,-2.35886000,-3957510,34733877,12522
1783534131.390827,700783.765000,34371000,1,laser,4.22674700,1815374000,34734884,12495
1783534131.391828,700783.765000,34372000,2,load,-2.36809300,-3973000,34735900,12523
1783534131.391828,700783.765000,34373000,1,laser,4.22746200,1815681265,34736907,12496
1783534131.392826,700783.765000,34379000,1,laser,4.22594400,1815029144,34742974,12497
1783534131.392826,700783.765000,34380000,2,load,-2.37007700,-3976330,34743983,12524
1783534131.393827,700783.781000,34381000,1,laser,4.22594400,1815029144,34744996,12498
1783534131.393827,700783.781000,34381000,3,sma_v,0.50447100,141,34744996,150
1783534131.393827,700783.781000,34381000,4,sma_i,0.11190900,0,34744996,150
1783534131.394828,700783.781000,34381000,5,sma_r,4.40787900,0,34744996,150
1783534131.394828,700783.781000,34384000,2,load,-2.36833100,-3973400,34748028,12525
1783534131.394828,700783.781000,34385000,1,laser,4.22680600,1815399113,34749035,12500
1783534131.394828,700783.781000,34386000,2,load,-2.36319900,-3964790,34750050,12526
1783534131.396336,700783.781000,34387000,1,laser,4.22742600,1815665351,34751057,12501
1783534131.397067,700783.781000,34389000,1,laser,4.22743200,1815668237,34753080,12502
1783534131.397596,700783.781000,34390000,2,load,-2.35385300,-3949110,34754095,12527
1783534131.398122,700783.781000,34391000,1,laser,4.22743200,1815668237,34755102,12503
1783534131.398649,700783.781000,34392000,2,load,-2.35385300,-3949110,34756117,12528
1783534131.398649,700783.781000,34393000,1,laser,4.22610300,1815097515,34757124,12504
1783534131.399191,700783.781000,34395000,1,laser,4.22587900,1815001161,34759147,12505
1783534131.399721,700783.781000,34396000,2,load,-2.36483200,-3967530,34760156,12529
1783534131.400253,700783.781000,34397000,1,laser,4.22704900,1815503797,34761169,12506
1783534131.400774,700783.781000,34398000,2,load,-2.36059400,-3960420,34762178,12530
1783534131.401303,700783.781000,34400000,2,load,-2.35988500,-3959230,34764201,12531
1783534131.401303,700783.781000,34401000,1,laser,4.22735400,1815634709,34765208,12507
1783534131.401831,700783.781000,34402000,2,load,-2.35988500,-3959230,34766223,12532
1783534131.402356,700783.781000,34403000,1,laser,4.22735400,1815634709,34767230,12508
1783534131.402887,700783.781000,34404000,2,load,-2.35620700,-3953060,34768245,12533
1783534131.403416,700783.781000,34406000,2,load,-2.35341800,-3948380,34770268,12534
1783534131.403945,700783.781000,34407000,1,laser,4.22619900,1815138806,34771275,12509
1783534131.403945,700783.781000,34408000,2,load,-2.36873600,-3974080,34772290,12535
1783534131.404479,700783.781000,34409000,1,laser,4.22582300,1814977175,34773297,12510
1783534131.405012,700783.781000,34410000,2,load,-2.37300400,-3981240,34774313,12536
1783534131.405546,700783.781000,34412000,2,load,-2.37300400,-3981240,34776329,12537
1783534131.406075,700783.781000,34413000,1,laser,4.22696100,1815465785,34777342,12511
1783534131.406676,700783.781000,34414000,2,load,-2.36843200,-3973570,34778351,12538
1783534132.081884,700784.468000,34415000,1,laser,4.22678800,1815391601,34779364,12512
1783534132.346919,700784.734000,34416000,2,load,-2.35729800,-3954890,34780373,12539
1783534132.940024,700785.328000,34418000,2,load,-2.35405000,-3949440,34782396,12540
1783534133.878459,700786.265000,34419000,1,laser,4.22755400,1815720733,34783403,12513
1783534134.346179,700786.734000,34420000,2,load,-2.35509300,-3951190,34784418,12541
1783534134.346985,700786.734000,34421000,1,laser,4.22629500,1815180060,34785425,12514
1783534134.896640,700787.281000,34423000,1,laser,4.22629500,1815180060,34787448,12515
1783534135.184605,700787.562000,34424000,2,load,-2.36509400,-3967970,34788463,12542
1783534135.370249,700787.750000,34425000,1,laser,4.22589700,1815008941,34789470,12516
1783534135.370249,700787.750000,34426000,2,load,-2.36868300,-3973990,34790485,12543
1783534135.370249,700787.750000,34428000,2,load,-2.35971800,-3958950,34792501,12544
1783534135.371252,700787.750000,34429000,1,laser,4.22683300,1815410955,34793515,12517
1783534135.371252,700787.750000,34430000,2,load,-2.34967500,-3942100,34794524,12545
1783534135.372249,700787.750000,34431000,1,laser,4.22719500,1815566551,34795537,12518
1783534135.376256,700787.750000,34433000,1,laser,4.22719500,1815566551,34797560,12519
1783534135.441396,700787.828000,34434000,2,load,-2.35593300,-3952600,34798569,12546
1783534136.224035,700788.609000,34435000,1,laser,4.22763500,1815755519,34799576,12520
1783534136.370919,700788.750000,34436000,2,load,-2.34974600,-3942220,34800591,12547
1783534137.549814,700789.937000,34438000,2,load,-2.35339400,-3948340,34802613,12548
1783534138.353530,700790.734000,34439000,1,laser,4.22579800,1814966259,34803620,12521
1783534138.355135,700790.734000,34440000,2,load,-2.35852000,-3956940,34804636,12549
1783534138.355135,700790.734000,34441000,1,laser,4.22681200,1815401927,34805643,12522
1783534138.642949,700791.031000,34442000,2,load,-2.35251800,-3946870,34806652,12550
1783534139.504889,700791.890000,34444000,2,load,-2.35251800,-3946870,34808674,12551
1783534140.346776,700792.734000,34445000,1,laser,4.22679800,1815395688,34809688,12523
1783534140.674590,700793.062000,34446000,2,load,-2.35641000,-3953400,34810697,12552
1783534141.458985,700793.843000,34447000,1,laser,4.22709000,1815521413,34811704,12524
1783534142.396700,700794.781000,34448000,2,load,-2.35609400,-3952870,34812719,12553
1783534142.862550,700795.250000,34450000,2,load,-2.35120700,-3944670,34814741,12554
1783534143.346763,700795.734000,34451000,1,laser,4.22656500,1815295975,34815748,12525
1783534143.347269,700795.734000,34452000,2,load,-2.35093800,-3944220,34816764,12555
1783534143.347800,700795.734000,34453000,1,laser,4.22578600,1814961420,34817771,12526
1783534144.269801,700796.656000,34455000,1,laser,4.22578600,1814961420,34819793,12527
1783534144.348683,700796.734000,34456000,2,load,-2.35746500,-3955170,34820809,12556
1783534144.678021,700797.062000,34457000,1,laser,4.22669500,1815351718,34821816,12528
