sweep,level_mA,heat_ms,cycle,V_on,I_on,R_on,V1,I1,R1,V2,I2,R2,step_ohm,geom,V_off
sweep_20260731_134414,750,400,2,3.3652171666666666,0.7631083166666668,4.40988139320283,3.106616283333333,0.7518231333333334,4.132110526527205,0.5266698726114648,0.12016532165605094,4.382877400511201,0.2507668739839959,6.991768390734474,0.0358660155728718
sweep_20260731_134414,750,400,3,3.3982959193548385,0.7681753870967742,4.423854208865356,3.0795568146067414,0.7496195898876403,4.108159466681404,0.5258551940789474,0.11967957236842106,4.393859233221165,0.2856997665397607,7.021634867851701,0.04068849661320704
sweep_20260731_134414,750,400,4,3.3442941875,0.7587670156249999,4.407537648095166,3.111686219101123,0.7502691685393258,4.147426483163585,0.5274894517819706,0.11394542976939206,4.6293164442797545,0.48188996111616955,7.443275854414495,0.064741650120406
sweep_20260731_134414,850,400,2,3.883725580645161,0.8750739838709678,4.438168260316864,3.4723668499999993,0.8502039333333336,4.084157593091978,0.5157910288461538,0.12202578525641027,4.226901943407557,0.14274435031557964,7.018800867848936,0.020337427005437662
sweep_20260731_134414,850,400,3,3.837121533333333,0.8613060333333334,4.455003662848291,3.4355264166666664,0.84902775,4.046424179500218,0.5114216806451612,0.12209597419354837,4.188685859817523,0.14226168031730513,7.01246043089533,0.020286985105902575
sweep_20260731_134414,850,400,4,4.004875333333334,0.9046002555555553,4.427232148938274,3.4546278,0.8485829333333332,4.071055007469709,0.5585862694805196,0.1302541948051948,4.28843209476615,0.21737708729644112,6.4988607312759745,0.03344849140254804
sweep_20260731_134414,950,300,2,4.268316016666668,0.9654258666666667,4.421174285917897,3.8812486999999996,0.952437838888889,4.075067727808727,0.4958355292207792,0.11929647402597401,4.1563301285235195,0.08126240071479263,7.332540135235618,0.011082435174721452
sweep_20260731_134414,950,300,3,4.308444327586208,0.9641220862068964,4.4687746388392915,3.8639605898876406,0.9513774831460674,4.061437923788235,0.5219190382165604,0.1155233821656051,4.517864941561172,0.4564270177729366,7.60514876785773,0.06001552786212042
sweep_20260731_134414,950,300,4,4.257623733333334,0.9723904333333333,4.3785125679798105,3.836709811111111,0.9495710777777778,4.040466165092059,0.5501486050955413,0.12897627070063694,4.265502499854994,0.22503633476293583,6.70025714707382,0.03358622360653935
sweep_20260731_141513,750,400,2,3.3961033125,0.76132575,4.460775577996673,3.0864886516853933,0.7474348764044944,4.1294415729338505,0.5082633885350318,0.117207347133758,4.33644648534701,0.20700491241315966,7.19397915059473,0.028774744557891373
sweep_20260731_141513,750,400,3,3.387347750000001,0.7658462166666666,4.423012970859055,3.126359983333333,0.7535853222222222,4.1486476595830135,0.5305977672955975,0.12255077044025157,4.329615924807957,0.18096826522494336,6.832893669235435,0.026484864829631406
sweep_20260731_141513,750,400,4,3.432588121212121,0.7607426060606061,4.512154431559019,3.088118883333334,0.7513686777777778,4.1099915057234595,0.5069749267515924,0.11640867834394904,4.355129995150788,0.24513848942732874,7.2595202618263235,0.033767863520730405
sweep_20260731_141513,850,400,2,3.8312985892857148,0.873223375,4.387535536695538,3.4468555166666666,0.8514772555555555,4.0480887706363085,0.5143810522875818,0.11609137254901962,4.4308292769162,0.38274050627989187,7.439475039726094,0.05144724651082147
sweep_20260731_141513,850,400,3,3.8156769821428576,0.8666229821428572,4.40292614062463,3.434456444444444,0.8492902944444445,4.043913449748136,0.5437591176470588,0.12514423311546843,4.345059329624415,0.3011458798762785,6.813326019059185,0.044199540581776234
sweep_20260731_141513,850,400,4,3.8673573035714286,0.8671734642857142,4.4597274511356835,3.432950966292135,0.8496143651685394,4.040599014131706,0.534409421875,0.124540875,4.291036351519129,0.2504373373874236,6.852487744177604,0.03654692233491616
sweep_20260731_141513,950,300,3,4.300820603448276,0.9742736379310345,4.414386714374711,3.8633325000000003,0.9499747727272727,4.066773782748776,0.5238303940397351,0.1233481854304636,4.246762059868645,0.1799882771198682,7.054472295415564,0.02551406676256075
sweep_20260731_141513,950,300,4,4.2396425,0.9779897500000001,4.33505821507843,3.8869255944444445,0.9498433055555555,4.09217559539572,0.5494704545454545,0.1277204935064935,4.302132253486153,0.20995665809043285,6.776791826154092,0.03098171870650277
sweep_20260731_144243,750,400,2,3.3777256499999995,0.7740047166666667,4.363960034438205,3.096765714285714,0.7485681758241758,4.136918739400277,0.5263188942307693,0.12227215384615384,4.30448697986459,0.1675682404643135,6.842593349217529,0.024488995898532435
sweep_20260731_144243,750,400,3,3.402679109375,0.7604932343749999,4.474305563245992,3.124652550561797,0.7500249606741572,4.166064750369393,0.5178400443037975,0.11583228797468355,4.470601879304821,0.3045371289354284,7.299882476502474,0.04171808654669439
sweep_20260731_144243,750,400,4,3.4204288333333333,0.7657176166666664,4.466958522154938,3.084139149999999,0.7495508777777778,4.114649507373888,0.5197085551948051,0.12115434090909091,4.289640398314513,0.17499089094062548,6.919802296169347,0.02528842349115908
sweep_20260731_144243,850,400,2,3.8004745322580646,0.8687444677419355,4.374674801827933,3.434587894444444,0.8485755222222221,4.047474626006247,0.5436743493589743,0.12910797756410256,4.211005079752241,0.1635304537459943,6.567009271386215,0.024901815573571663
sweep_20260731_144243,850,400,3,3.941376661111111,0.9061016777777778,4.349817197974262,3.438844829629629,0.8487623833333333,4.051599007161815,0.5231503993506492,0.1250980064935065,4.181924348872854,0.13032534171103904,6.8155464482362635,0.019121774416894343
sweep_20260731_144243,850,400,4,3.8858942343750003,0.8749240625000001,4.441407432859352,3.455669194444445,0.8501122555555556,4.064956330015659,0.5215761898734176,0.12009381329113926,4.343072932566297,0.2781166025506385,7.1505083728623795,0.03889466147695841
sweep_20260731_144243,950,300,2,4.256811214285714,0.972552875,4.376945792572681,3.869270704545454,0.9501177329545456,4.072411839439442,0.5439005555555556,0.12148809803921569,4.476986341328576,0.404574501889134,7.178757853802119,0.056357173501103176
sweep_20260731_144243,950,300,3,4.2544269,0.9590593499999999,4.436041314857105,3.853131,0.9467490166666666,4.069854768443471,0.5902139183006536,0.1362486339869281,4.331888702511907,0.26203393406843567,6.283276979846178,0.04170338740579455
sweep_20260731_144243,950,300,4,4.222687071428572,0.9654650714285713,4.373733650644017,3.8737248651685396,0.9485013314606742,4.084047893958226,0.5305658025477707,0.126103974522293,4.207367805476868,0.1233199115186423,6.875669395447153,0.017935695337576954
sweep_20260731_145838,250,100,2,1.4164318793103448,0.318390827586207,4.448720743774674,1.2969251685823753,0.2865634310344828,4.525787410837894,0.5180079430379747,0.10863978797468353,4.76812365612023,0.24233624528233655,5.715101984064958,0.0424027858047025
sweep_20260731_145838,250,100,3,1.1581747333333334,0.2638540666666666,4.389451896515524,1.1286648636363636,0.2523603920454546,4.472432676491765,0.517430924050633,0.11234793670886076,4.605611275189745,0.1331785986979801,4.938333063394673,0.026968330606366744
sweep_20260731_145838,250,100,4,1.0996713666666666,0.26086843333333337,4.215425195817099,1.0975588833333334,0.24594702222222226,4.462582524547291,0.5046585350318472,0.11320570382165605,4.45788964685812,-0.004692877689171482,4.767560894829164,-0.000984335133351249
sweep_20260731_145838,250,100,5,1.2423416607142859,0.2856589821428572,4.349037623094921,1.1480259943820224,0.2583094213483146,4.444382974455968,0.5043542278481012,0.10547811392405064,4.781600742418098,0.3372177679621293,5.609313671926955,0.06011747384529588
sweep_20260731_145838,250,100,6,1.2694223064516128,0.28592669354838707,4.439677494598069,1.1476999722222223,0.24960767777777776,4.598015503529517,0.5095772371794871,0.1124553846153846,4.53137249872314,-0.06664300480637664,4.886128431941128,-0.013639224947654708
sweep_20260731_145838,350,100,2,1.693316396551724,0.37615409770114944,4.501656121521362,1.5617702093023256,0.3430573197674418,4.552505133430903,0.505162259493671,0.10739700632911393,4.7036903239706795,0.15118519053977675,6.396281740123294,0.023636418263349095
sweep_20260731_145838,350,100,3,1.654997607142857,0.3556761964285714,4.653101961168834,1.550749375,0.3420499034090909,4.53369335744354,0.5149598311688312,0.11034053246753245,4.66700513086936,0.13331177342582023,6.139302752838892,0.021714481072655115
sweep_20260731_145838,350,100,4,1.6684565833333334,0.37282408333333333,4.475184565374778,1.5536920344827585,0.34949667816091956,4.445513023638492,0.5046502841880343,0.11100876602564104,4.5460399413094015,0.10052691767090938,6.147040070888279,0.01635371113765693
sweep_20260731_145838,350,100,5,1.6028136111111109,0.3573969166666668,4.484687853661609,1.520840629213483,0.33551945505617975,4.5327941682512325,0.538332455128205,0.10943541346153847,4.919179615631499,0.3863854473802668,6.157356758318288,0.06275183695638216
sweep_20260731_145838,350,100,6,1.644562637931035,0.36074351724137926,4.558814113991775,1.5833053426966293,0.3495092191011236,4.530081772288047,0.5081966937500001,0.10599035625,4.794744651591829,0.2646628793037822,6.573665774981581,0.04026107933735406
sweep_20260731_145838,450,100,2,2.0584944107142857,0.4585994464285714,4.488654373103139,1.9869577752808987,0.4443183932584269,4.471923299662351,0.5122059006622516,0.10872095033112582,4.711197787567643,0.23927448790529215,6.947220947050267,0.034441755880369074
sweep_20260731_145838,450,100,3,2.0736846975308643,0.4644998395061728,4.464338889192032,1.9697814438202248,0.4480855449438203,4.395994171307603,0.5138326185897436,0.10888316025641025,4.7191192593943185,0.3231250880867158,6.9524399327546345,0.04647650194925021
sweep_20260731_145838,450,100,4,2.09010659139785,0.4644424892473118,4.500248447951293,1.9855510280898878,0.4478082865168539,4.433930965266224,0.5098608144654088,0.10742616037735848,4.746151334781103,0.3122203695148782,7.0756210854706385,0.04412621390311649
sweep_20260731_145838,450,100,5,2.059867625,0.4565892142857143,4.511424187324367,1.972784994505495,0.4446775989010989,4.436438892763436,0.5126995322580644,0.11079645161290322,4.6274002894002075,0.19096139663677114,6.776739528623812,0.028178948863266967
sweep_20260731_145838,450,100,6,2.07565540625,0.45717287500000003,4.540198073321826,1.9511618722222221,0.4437542777777777,4.396942113985255,0.5142709807692307,0.10939270833333335,4.701144972132716,0.30420285814746073,6.88787770748735,0.04416496213583784
sweep_20260731_145838,550,100,2,3.5089112903225805,0.7934690698924732,4.422240794840421,3.4935467215909095,0.7989717386363636,4.372553561848736,0.6730313557692308,0.1476309519230769,4.558877030881124,0.18632346903238783,5.522038581398208,0.033741790515561726
sweep_20260731_145838,550,100,3,2.543158703125,0.5714530625,4.450336991806742,2.452705939560439,0.5507042967032966,4.4537621265044995,0.5116422243589743,0.1094009551282051,4.676761951112672,0.22299982460817258,7.324831478534388,0.030444362476007632
sweep_20260731_145838,550,100,4,2.5327819677419354,0.5564184516129033,4.551937414009368,2.3939978370786514,0.5443338314606742,4.3980324181845525,0.5132814630801688,0.10717049789029535,4.789391420067743,0.39135900188319095,7.493818205078191,0.0522242455278653
sweep_20260731_145838,550,100,5,2.5651023978494623,0.573259317204301,4.474593470820638,2.434648016666667,0.5482882388888888,4.440452747263928,0.513364206451613,0.10428325806451613,4.922786418257222,0.4823336709932944,7.765408750875567,0.062113107817912475
sweep_20260731_145838,550,100,6,2.5788640000000003,0.5811991166666668,4.43714370178413,2.4265308055555557,0.5457889611111112,4.445914040869663,0.5133188692810458,0.1079185,4.756541920811036,0.3106278799413724,7.43404183360267,0.041784521380724735
sweep_20260731_145838,650,100,2,3.1009803709677426,0.6964261935483871,4.452704966721343,2.87478445,0.6463235833333333,4.447902759750244,0.4979754874213837,0.10665690251572328,4.668947584972033,0.2210448252217887,7.828645643221899,0.028235385186091668
sweep_20260731_145838,650,100,3,3.0491793387096777,0.6919400322580643,4.406710403442105,2.825346629213483,0.6412587640449438,4.405938425529984,0.5128094129032258,0.10381843225806452,4.939483305127556,0.5335448795975726,8.072768054367796,0.0660919372394078
sweep_20260731_145838,650,100,4,2.967643790322581,0.673193870967742,4.408304826151313,2.871767130681818,0.6487775568181818,4.426427980594623,0.5079522510683762,0.10968844230769231,4.63086393043576,0.20443594984113744,7.575370449598247,0.026986924428491727
sweep_20260731_145838,650,100,5,2.931392333333334,0.6647285493827161,4.4099088809341795,2.874318264044944,0.6468756067415731,4.443386385403206,0.5099496050955413,0.10928234076433122,4.6663495815417635,0.22296319613855786,7.604716996099666,0.029319065555353546
sweep_20260731_145838,650,100,6,2.9447140833333334,0.6753847666666666,4.360054044255169,2.8719171685393254,0.6448073370786518,4.453915151695951,0.5087893108974358,0.1112594519230769,4.572998537231741,0.11908338553578979,7.437149575022608,0.016011965919809773
sweep_20260731_145838,750,100,2,3.4896066166666673,0.77966475,4.475778360720639,3.2816999494382024,0.7438191741573034,4.411959335622325,0.5108326592356687,0.10403710191082806,4.91010081839373,0.4981414827714046,8.267542783516971,0.06025266464475402
sweep_20260731_145838,750,100,3,3.405564611111111,0.7676295925925926,4.436468635359868,3.3084527471910117,0.7438918370786517,4.447491667852794,0.5201963018867926,0.10910429874213838,4.76788089822424,0.32038923037144595,7.82126024859819,0.04096388819549498
sweep_20260731_145838,750,100,4,3.4057187419354844,0.7611264677419355,4.474576678484677,3.310134131868132,0.7462714780219781,4.435562967838155,0.5150397211538462,0.10912598717948715,4.719679834893262,0.28411686705510686,7.823725146224197,0.03631478122569591
sweep_20260731_145838,750,100,5,3.349707444444445,0.7666502222222221,4.3692773410212284,3.2575411853932588,0.7474565617977528,4.3581678881222885,0.5092966202531645,0.11453524050632913,4.446636842963814,0.08846895484152562,7.39306688189366,0.011966475652776032
sweep_20260731_145838,750,100,6,3.3681771346153844,0.7692020192307691,4.378793932423225,3.2812892018518514,0.7444427388888889,4.407712011200901,0.502953588607595,0.10274787658227848,4.895026596533502,0.4873145853326015,8.389274569509416,0.05808780977365227
sweep_20260731_145838,850,100,2,3.8060774629629632,0.8643883333333333,4.403203185639514,3.726424136363637,0.8453476477272727,4.408155800021651,0.5237038301282052,0.10893829166666667,4.807343883550636,0.39918808352898427,7.996563467279151,0.04991995438570672
sweep_20260731_145838,850,100,3,3.779458046875,0.86658496875,4.361324259208714,3.7335962912087908,0.8451552967032968,4.417645260903477,0.5054983025477707,0.10995352229299364,4.597381620943139,0.1797363600396622,7.91153734952168,0.022718259688242443
sweep_20260731_145838,850,100,4,4.979894233333334,1.1261728444444443,4.421962630247918,4.989141494382022,1.1448950505617976,4.357728240622457,0.5240277689873418,0.11032889240506329,4.74968757107991,0.39195933045745335,8.19036642383165,0.047856141004505345
sweep_20260731_145838,850,100,5,3.86040990625,0.86531625,4.461270554262676,3.7135557252747255,0.8474236373626375,4.382171515574076,0.5021934679487179,0.11309617628205128,4.440410670439418,0.05823915486534137,7.661984584435942,0.0076010535160361435
sweep_20260731_145838,850,100,6,3.858227999999999,0.8820968548387099,4.37392785025344,3.7460150494505493,0.847296032967033,4.421140786335183,0.5141627806451613,0.10868967419354839,4.730557750403865,0.30941696406868235,8.020280957478146,0.03857931732181782
sweep_20260731_145838,950,100,2,4.3129238125,0.9663146874999999,4.463270473160432,4.147484011363637,0.9437741704545455,4.394572495416042,0.5264082848101266,0.10808488924050631,4.870322655730194,0.47575016031415274,8.192411578999844,0.0580720531099383
sweep_20260731_145838,950,100,3,4.244898285714286,0.9587236071428572,4.427655952235005,4.164045278409091,0.9486420284090911,4.389480071204893,0.5339706360759493,0.1104765411392405,4.833339553986875,0.4438594827819813,7.997556996356153,0.055499383497262036
sweep_20260731_145838,950,100,4,4.2153689,0.9634035833333333,4.375496388974402,4.130207350574713,0.9493120229885056,4.350737429378077,0.5167224177215191,0.11007971202531647,4.694074940918102,0.34333751154002545,8.030931657830902,0.042751890586098906
sweep_20260731_145838,950,100,5,4.25851424137931,0.964591528735632,4.414836865674415,4.133540825842696,0.9461537134831461,4.368783599258502,0.5036224088050315,0.11198304716981133,4.497309383279573,0.12852578402107095,7.873012385103457,0.016324854799448157
sweep_20260731_145838,950,100,6,4.265489222222222,0.9641880111111111,4.42391854396401,4.119424730337079,0.9463264550561798,4.353069396218586,0.5129647628205128,0.10576497115384616,4.850043991165584,0.49697459494699814,8.398208440428062,0.05917626342240048
sweep_20260731_155129,250,300,2,1.172548875,0.25918665625000004,4.523955407137206,1.125299172222222,0.24965160555555552,4.50747821035666,0.5111409496855346,0.11015319182389939,4.64027361551801,0.13279540516135047,5.072684126543092,0.026178528338969904
sweep_20260731_155129,250,300,3,1.191288931034483,0.2601660172413793,4.5789567125871695,1.1314198314606743,0.2547315561797753,4.441616297676843,0.4915253955696202,0.10901196835443039,4.508912213854581,0.06729591617773778,5.247603389645742,0.012824123924937226
sweep_20260731_155129,250,300,4,1.1687194583333333,0.25950636904761903,4.503625335372308,1.158872252808989,0.2577065056179776,4.496868443542103,0.5040935031249999,0.11203323750000001,4.499499562574007,0.002631119031904383,5.045539321842824,0.000521474289282469
sweep_20260731_155129,250,300,5,1.13712046875,0.24511407812499997,4.639147932458235,1.1355971944444445,0.2521616277777778,4.503449650337803,0.5170562735849056,0.10678273899371071,4.8421334614329306,0.3386838110951276,5.39909897918495,0.06272969108379918
sweep_20260731_155129,250,300,6,1.1262940166666666,0.2566692333333333,4.388114625347253,1.1365223555555557,0.25702801666666664,4.421783937388755,0.5190608364779875,0.10463515094339622,4.960673653147214,0.5388897157584598,5.666391349448264,0.09510280574089384
sweep_20260731_155129,250,400,2,1.1289434374999998,0.244774625,4.612175128447239,1.1032706944444446,0.2470935944444444,4.464991077267686,0.5228344591194968,0.10741719182389935,4.867325706825738,0.40233462955805166,5.262447298722909,0.0764539019052391
sweep_20260731_155129,250,400,3,1.1029594367816093,0.24697867241379315,4.465808427918377,1.1313100280898878,0.2457045505617978,4.604351142472426,0.49865770125786174,0.11246847484276727,4.433755343041623,-0.17059579943080294,4.821451772059607,-0.03538266221377746
sweep_20260731_155129,250,400,4,1.1637614691358025,0.2601537222222223,4.473360823727604,1.1262388764044942,0.25617487078651685,4.396367500632193,0.504405832278481,0.1156633006329114,4.360984249268042,-0.035383251364151214,4.742201238535503,-0.007461355936695453
sweep_20260731_155129,250,400,5,1.141415234375,0.259642796875,4.3960982092043634,1.176203583333333,0.2479675444444445,4.743377146265421,0.5045390817610063,0.10953560377358493,4.606165158900402,-0.13721198736501883,5.096665830866713,-0.026921911680775408
sweep_20260731_155129,250,400,6,1.1445388035714286,0.24888787499999995,4.59861214039225,1.1417474550561797,0.24810215168539326,4.601924841441828,0.50567451875,0.109394596875,4.622481669070093,0.020556827628265495,5.110621444165203,0.00402237337530359
sweep_20260731_155129,350,200,2,1.6145997678571429,0.3590644821428572,4.496684713067106,1.588228733333333,0.3503066611111111,4.5338239595437635,0.5229205506329113,0.1072372405063291,4.87629622101334,0.34247226146957654,6.470477037417894,0.0529284408999687
sweep_20260731_155129,350,200,3,1.5754669833333337,0.35285913333333335,4.464861001188955,1.622361933333333,0.35866210000000004,4.523371533633838,0.5081634339622642,0.10574920125786162,4.805364276209946,0.28199274257610885,6.668196611462681,0.04228920636373574
sweep_20260731_155129,350,200,4,1.6781727096774193,0.360528129032258,4.6547622072708394,1.578462183333333,0.35487371666666667,4.447954608078187,0.5131092875000001,0.10614558437500002,4.834014438954376,0.38605983087618867,6.603119262875296,0.05846628169306767
sweep_20260731_155129,350,200,5,1.5451419354838707,0.3456229301075269,4.470600185592897,1.602377875,0.35524765476190484,4.510593816795076,0.510724946875,0.107161609375,4.765932033437232,0.25533821664215584,6.5167624370817325,0.03918175921055948
sweep_20260731_155129,350,200,6,1.571805344827586,0.3562454310344828,4.412141764915556,1.5973482111111112,0.3505050722222222,4.557275593713473,0.496525440625,0.10881177812500001,4.563158962944297,0.005883369230824442,6.337155829258277,0.0009283927031842047
sweep_20260731_155129,350,300,2,1.570857171875,0.34710395312500003,4.525610145699777,1.5282038055555556,0.3470659888888889,4.403208192332556,0.49889437812500004,0.108173415625,4.611986921578728,0.20877872924617158,6.363119054054295,0.03281075325993578
sweep_20260731_155129,350,300,3,1.573294063218391,0.3550037183908046,4.431767842742525,1.5451620166666664,0.3548814722222222,4.354022786794307,0.5098880705128206,0.11168944551282052,4.5652305656248595,0.21120777883055286,6.135555247412131,0.03442358031404525
sweep_20260731_155129,350,300,4,1.548499171875,0.344582953125,4.493835686971058,1.5669510222222225,0.35860162222222214,4.3696149853198305,0.5098454402515723,0.10983202201257862,4.642047291027581,0.2724323057077509,6.3162029956754555,0.04313229101317343
sweep_20260731_155129,350,300,5,1.590014370967742,0.3458459032258065,4.597464813482565,1.6358181292134832,0.3606457696629213,4.5358029036148295,0.509735427672956,0.10355877672955975,4.922184712591892,0.3863818089770623,6.88354808305408,0.05613119924712341
sweep_20260731_155129,350,300,6,1.605961416666667,0.36064979999999996,4.452966330957808,1.5351229829545454,0.34479438636363635,4.452285314574503,0.520386175,0.10439131874999999,4.984956423878877,0.5326711093043741,6.6790613816933835,0.07975239017332147
sweep_20260731_155129,350,400,2,1.5903087166666667,0.3520924666666667,4.516735991890009,1.535913914772727,0.34104376136363634,4.503568423687029,0.5032705691823899,0.11128184905660375,4.522485683414554,0.018917259727524893,6.05401641875485,0.003124745362255893
sweep_20260731_155129,350,400,3,1.5393478833333332,0.3451523833333333,4.459908022268232,1.566261915730337,0.35124039887640446,4.459230546203423,0.5042912968750001,0.11148620000000001,4.523351741067505,0.0641211948640823,6.122667108392406,0.01047275537423725
sweep_20260731_155129,350,400,4,1.5247627833333333,0.34854736666666664,4.3746214407396184,1.542928404494382,0.3525207696629214,4.376843968568781,0.49842249685534584,0.11068215723270441,4.5031874090368,0.12634344046801882,6.198167630432276,0.020383998626898454
sweep_20260731_155129,350,400,5,1.5420877419354837,0.34990908064516124,4.407109810046047,1.50919925,0.34068991071428584,4.429832532568497,0.5063779748427673,0.10551199371069184,4.799245631081791,0.3694130985132942,6.542375060000258,0.05646467760184938
sweep_20260731_155129,350,400,6,1.5756777833333335,0.35623740000000004,4.423111619760681,1.5853162111111112,0.3463758555555556,4.576866965996827,0.507829325,0.11102305625,4.574088861834949,-0.002778104161878403,6.12010084340227,-0.00045393110881068987
sweep_20260731_155129,450,200,2,1.9915897258064519,0.4454575322580645,4.470885733396186,2.029178280898877,0.45428208426966293,4.466780335749168,0.50835430625,0.106651109375,4.766516815709401,0.29973647996023267,7.175092088393141,0.04177458299735331
sweep_20260731_155129,450,200,3,2.0197236666666663,0.44534684999999996,4.535169984174507,1.9976581722222222,0.44642830555555557,4.474756970744151,0.509839075,0.10531898437500001,4.840903831589005,0.3661468608448537,7.254962996786022,0.050468467035194794
sweep_20260731_155129,450,200,4,2.007303466666667,0.44851935,4.475399927933247,2.0241505454545456,0.4494723295454545,4.503393006420534,0.5190911918238994,0.10829399685534594,4.793351495903113,0.2899584894825784,7.009291134115378,0.04136773376002347
sweep_20260731_155129,450,200,5,2.06494840625,0.4516675625,4.571832422103591,1.9934671000000002,0.45239963888888896,4.406429467751196,0.5032791163522012,0.1052150471698113,4.783337838930362,0.37690837117916587,7.293908969036266,0.05167440021245102
sweep_20260731_155129,450,200,6,1.9854754500000003,0.4567440833333334,4.347019528988608,2.0257045738636363,0.44980871590909094,4.503480039886651,0.5198246226415095,0.10676129559748428,4.869036290093118,0.36555625020646687,7.143523139259363,0.05117310367449393
sweep_20260731_155129,450,300,2,2.000580890625,0.45107782812499997,4.435112448201758,2.020875138888889,0.4509204277777778,4.481666862706018,0.50867965,0.111452178125,4.564106853340154,0.08243999063413554,6.754771936667147,0.01220470378675915
sweep_20260731_155129,450,300,3,1.9727060483870966,0.44391741935483864,4.443858164552547,2.0231885611111107,0.44930621666666665,4.50291691070031,0.49696048366013074,0.1108613660130719,4.4827201894800135,-0.020196721220296254,6.794621321952554,-0.00297245722216241
sweep_20260731_155129,450,300,4,1.9767734338624339,0.44913778306878305,4.4012628382228565,1.993515028409091,0.4470294545454546,4.4594713125472305,0.5178527955974843,0.10577136163522013,4.895964158837564,0.43649284629033325,7.217365922087736,0.06047813717668218
sweep_20260731_155129,450,300,5,2.0169065,0.46368196666666667,4.3497626498162285,2.0107445624999998,0.4479053522727272,4.489217537359696,0.50638779375,0.10705638437500001,4.730103643106525,0.24088610574682878,7.1082576211770085,0.033888207009996014
sweep_20260731_155129,450,300,6,1.999377107142857,0.45579957142857136,4.386526957180741,2.0296781923076925,0.4505856098901099,4.5045339836811396,0.50497815625,0.1114988625,4.528998277897229,0.024464294216089755,6.7493672822825985,0.003624679646684736
sweep_20260731_155129,450,400,2,1.9793049642857141,0.4474048928571429,4.423968078770451,1.9776391853932587,0.450299415730337,4.391831559864988,0.5034816624999999,0.10677765937500001,4.715234117764157,0.3234025578991693,7.144510312620083,0.04526588159973822
sweep_20260731_155129,450,400,3,2.0526964999999997,0.46034595161290326,4.459030198501834,1.9781201235955057,0.4532835786516855,4.363979232337342,0.5126583899371069,0.1072200849056604,4.78136526741402,0.41738603507667804,7.120486301006151,0.05861763051460402
sweep_20260731_155129,450,400,4,1.9899624375,0.4496868125,4.425218579208391,1.9994674499999998,0.44584964444444447,4.484622730811991,0.5164556234177214,0.11036540822784811,4.679506302839969,0.1948835720279778,6.817901453715855,0.02858409927907705
sweep_20260731_155129,450,400,5,2.016675046875,0.45851078125,4.398315436285066,2.032156325842697,0.4553406404494381,4.4629364157719005,0.502191396875,0.11072036875000002,4.5356730883810386,0.07273667260913808,6.83560380605655,0.010640855537105844
sweep_20260731_155129,450,400,6,2.0080529821428574,0.45430746428571434,4.420030794123143,1.946168297752809,0.4460859213483146,4.3627655673831365,0.5186403584905661,0.10899882704402514,4.75821963002487,0.39545406264173355,6.932690051358882,0.0570419360612004
sweep_20260731_155129,550,200,2,2.488002766666667,0.5647464333333333,4.405521876396092,2.4387772055555557,0.5507546722222222,4.428064487797103,0.5039386603773586,0.10783950628930818,4.673043096334371,0.24497860853726827,7.457349033807232,0.03285062928215899
sweep_20260731_155129,550,200,3,2.4624912258064517,0.5509022903225806,4.469923739769789,2.4731542696629214,0.5546796011235955,4.458707810154073,0.5156625937499999,0.10832473125,4.760340393182373,0.3016325830283,7.4286596732559165,0.04060390383937144
sweep_20260731_155129,550,200,4,2.3922505000000003,0.5609797068965517,4.264415397901633,2.4328446629213483,0.5459615056179775,4.456073620369251,0.5011569433962264,0.10537294025157233,4.756030743753953,0.2999571233847016,7.65847149863456,0.03916670884499367
sweep_20260731_155129,550,200,5,2.439255677419355,0.5479545645161291,4.451565577473267,2.4827162499999997,0.5496246055555556,4.517112634523508,0.5043784433962264,0.10617444654088051,4.750469249698653,0.23335661517514428,7.599038453950529,0.030708703027266405
sweep_20260731_155129,550,200,6,2.452898333333333,0.5585444126984127,4.391590494089825,2.418854,0.5505026777777778,4.393900516095986,0.5074938364779874,0.11043501886792452,4.595406798317551,0.2015062822215654,7.23857714732085,0.027837830297373797
sweep_20260731_155129,550,300,2,2.480606066666667,0.5498172666666666,4.5116918239138615,2.4093058736263733,0.5483354945054946,4.393853576448042,0.49721392452830193,0.10891438679245283,4.565181324261527,0.1713277478134847,7.357822464414476,0.02328511575837779
sweep_20260731_155129,550,300,3,2.4763202575757575,0.547106015151515,4.526216471756333,2.4434650786516854,0.5503257865168539,4.440033773661546,0.5047697694805194,0.1078108961038961,4.681992152203973,0.24195837854242708,7.458394832317515,0.03244107934511751
sweep_20260731_155129,550,300,4,2.4030215468750002,0.5443491874999999,4.414485411305956,2.4131442388888886,0.5505133611111112,4.383443544437133,0.5195337138364781,0.10687457232704403,4.861153617033121,0.47771007259598797,7.5402762492010735,0.06335445238450031
sweep_20260731_155129,550,300,5,2.468658580645161,0.5528142096774193,4.465620704803669,2.444676202247191,0.5514588764044943,4.43310699464383,0.5095474874213836,0.11518520125786165,4.423723550047674,-0.009383444596156032,6.8682989695700565,-0.0013661962936861738
sweep_20260731_155129,550,300,6,2.4637214354838712,0.5508328548387096,4.472720560949979,2.419158,0.5482817555555555,4.412253326847887,0.5085997515723271,0.10762368238993712,4.725723374987227,0.3134700481393402,7.467755474482685,0.041976474619511366
sweep_20260731_155129,550,400,2,2.416038078125,0.539740703125,4.476294013285604,2.3954612921348315,0.547343297752809,4.376524389664983,0.5078231132075471,0.1167750849056604,4.348728272112193,-0.0277961175527901,6.736463611674002,-0.004126218021072876
sweep_20260731_155129,550,400,3,2.4832959333333333,0.5453989333333333,4.553173432437956,2.408269277777778,0.5511014666666666,4.3699199211792665,0.5082131289308177,0.11029891823899372,4.607598488224795,0.2376785670455286,7.2517241702290995,0.032775456079987594
sweep_20260731_155129,550,400,4,2.46381873655914,0.5481233225806451,4.495008030235093,2.393056393258427,0.5511687752808989,4.341785131131248,0.5118217452830189,0.11119841194968554,4.602779269137453,0.26099413800620486,7.178607892324075,0.036357207681628714
sweep_20260731_155129,550,400,5,2.416490774193548,0.5403899032258065,4.471754116367709,2.4154860280898873,0.5516584943820224,4.378589385804269,0.503027889937107,0.11191503459119498,4.494730236867417,0.11614085106314764,7.122634286294228,0.01630588436733773
sweep_20260731_155129,550,400,6,2.444279903225806,0.5555140483870968,4.400032565013671,2.414060405555556,0.5510766722222222,4.380625287259635,0.5017096139240507,0.11362963607594936,4.415305999824826,0.034680712565190674,6.985891488038838,0.004964393252395939
sweep_20260731_155129,650,200,2,2.936608517241379,0.6505832068965518,4.513809280829354,2.8541410505617977,0.6505770224719102,4.387091692413761,0.5096461257861635,0.11035630817610065,4.618187525563991,0.2310958331502304,7.524460193676127,0.030712612892078727
sweep_20260731_155129,650,200,3,2.910049387096774,0.6610926774193547,4.401878112546126,2.8734548833333338,0.64901165,4.42743190100414,0.5134473270440251,0.10984494339622641,4.674291880618911,0.24685997961477124,7.562937384485156,0.032640754123019415
sweep_20260731_155129,650,200,4,2.9494568571428568,0.6527604107142857,4.518437099939014,2.8844410944444445,0.6515060777777777,4.427343340039107,0.503185228125,0.10625701250000001,4.735548424392225,0.30820508435311833,7.876238472650902,0.0391309995784555
sweep_20260731_155129,650,200,5,2.889550603448276,0.6455032068965518,4.476431058089777,2.8967686,0.6495322944444445,4.459776095471363,0.5087894806451613,0.10666336774193548,4.770048906351257,0.3102728108798942,7.835720622555879,0.039597227342019224
sweep_20260731_155129,650,200,6,2.8773151612903223,0.652671693548387,4.4085183863991295,2.8590865625,0.6488686306818182,4.40626411465712,0.5035164779874214,0.10818430188679246,4.654247143123568,0.24798302846644749,7.70234125667027,0.03219579868026396
sweep_20260731_155129,650,300,2,2.8958168103448276,0.6589977586206894,4.394274142002996,2.8185852921348316,0.6504191629213484,4.333490543967364,0.5025525408805032,0.11345804716981134,4.429412927655441,0.0959223836880767,7.276360453595592,0.013182742155204473
sweep_20260731_155129,650,300,3,2.8540121333333337,0.6532804999999998,4.368739206716463,2.8533084375,0.6507492159090909,4.384651364525969,0.5105049258064517,0.11507566451612904,4.436254424017679,0.0516030594917094,7.153244323342655,0.007213937782513187
sweep_20260731_155129,650,300,4,2.92960571875,0.65242359375,4.490343002329535,2.80472354494382,0.6488267359550561,4.322761978689641,0.5104494562499999,0.10636894062499999,4.798858137071909,0.4760961583822674,7.8599970537672394,0.06057205303328681
sweep_20260731_155129,650,300,5,2.870502682291667,0.653603921875,4.391807616540959,2.8118345999999996,0.6506974666666667,4.321262559087878,0.5190488773584905,0.11621191194968553,4.4663999468764874,0.1451373877886093,7.068157363336939,0.020533977998487694
sweep_20260731_155129,650,300,6,2.9292672812499996,0.649708484375,4.5085870843565585,2.817950216666667,0.6488904666666667,4.342720938931964,0.5189525597484276,0.11097984591194968,4.676097317346787,0.3333763784148225,7.4695529138270365,0.04463136981032731
sweep_20260731_155129,650,400,2,2.94317403125,0.650548796875,4.524140303368384,2.7688743555555555,0.6512083111111111,4.25190266818189,0.5153075188679246,0.11692145283018868,4.407296577269985,0.15539390908809558,7.017143441903821,0.022144895622361105
sweep_20260731_155129,650,400,3,2.9110328678160924,0.6631460574712642,4.389731093202246,2.7745995227272724,0.6553718125,4.233626576253266,0.50890115625,0.111903965625,4.547659713466923,0.31403313721365755,7.410382396622818,0.04237745374068335
sweep_20260731_155129,650,400,4,2.85655153125,0.659462421875,4.331636551978476,2.7693166966292138,0.6523372696629214,4.245222257591058,0.503705678125,0.112379296875,4.482192824940648,0.23697056734958988,7.365486809414269,0.03217310321521508
sweep_20260731_155129,650,400,5,2.8638358571428566,0.6570777202380953,4.35844310183753,2.7605650833333333,0.6502564444444444,4.2453482882308995,0.51602484375,0.109632359375,4.706866172467612,0.4615178842367129,7.583539692859602,0.06085784513942242
sweep_20260731_155129,650,400,6,2.910895181818182,0.6463723484848485,4.503433955121327,2.835376778409091,0.6501449261363637,4.361145745240177,0.5062623459119496,0.1103127106918239,4.589338279668188,0.22819253442801113,7.527019898881642,0.03031645159619096
sweep_20260731_155129,750,200,2,3.297278316666667,0.7474585666666668,4.411319187056835,3.2300719659090915,0.75204625,4.29504430865667,0.50367835625,0.10700509999999999,4.707050002756878,0.41200569410020815,8.015643506382137,0.05140020183933649
sweep_20260731_155129,750,200,3,3.335088638888889,0.757485377777778,4.4028422682863955,3.2728630955056177,0.7470410617977528,4.381102007471289,0.5176092468354431,0.11019696202531645,4.6971280997431535,0.31602609227186473,7.736045828561219,0.040851114286979365
sweep_20260731_155129,750,200,4,3.357273369047619,0.7472152083333332,4.493047426772846,3.2812895898876406,0.7502521910112359,4.373582149043667,0.5014294433962264,0.11068592452830191,4.530200615237334,0.1566184661936667,7.701687266270754,0.02033560449533856
sweep_20260731_155129,750,200,5,3.3079721333333336,0.7490959666666667,4.415952402004212,3.2968122722222235,0.75326555,4.376693281967062,0.5019468805031446,0.10860738993710693,4.621664150052913,0.24497086808585156,7.879923508080774,0.03108797538892818
sweep_20260731_155129,750,200,6,3.316102435483871,0.7477703709677421,4.434653423339401,3.2756691573033705,0.7506632808988765,4.363699731497381,0.5051722893081761,0.10970101257861636,4.604992036387526,0.24129230489014475,7.783530931655176,0.031000365644957163
sweep_20260731_155129,750,300,2,3.3870682096774196,0.752117564516129,4.5033760271992485,3.2074840561797755,0.7514862303370787,4.268187395451092,0.5046742,0.11441157500000002,4.411041452755107,0.14285405730401557,7.409678017989294,0.019279387978424024
sweep_20260731_155129,750,300,3,3.4031595625,0.75943559375,4.481169424382145,3.180753983333333,0.7494448555555555,4.244146797132224,0.5121478176100629,0.11051372327044026,4.63424634021945,0.39009954308722605,7.7143289934149415,0.050568175588598975
sweep_20260731_155129,750,300,4,3.3526138826530607,0.7546526198979591,4.442592252719386,3.1985384166666666,0.7478699666666668,4.276864373793322,0.5243021761006289,0.11432950314465412,4.585886946760028,0.30902257296670577,7.409517855187268,0.041706164828304575
sweep_20260731_155129,750,300,5,3.27743265625,0.75140596875,4.361733593495626,3.1907640955056187,0.7552656292134831,4.224691250452387,0.5209864748427674,0.11415583962264152,4.563817992710341,0.33912674225795403,7.435917362181588,0.04560657760705114
sweep_20260731_155129,750,300,6,3.3368389838709676,0.7565222096774193,4.410761430644309,3.2205323920454547,0.7518983352272728,4.2832019186104455,0.506265840625,0.107098328125,4.7271124534652955,0.44391053485485,8.007246882709328,0.05543859723039389
sweep_20260731_155129,750,400,2,3.3692620860215055,0.7590091182795698,4.439027153795651,3.1464840786516852,0.7482398539325842,4.205181082128219,0.5054853125,0.11936422812499999,4.234814068169974,0.02963298604175435,7.041249476481481,0.004208484039761894
sweep_20260731_155129,750,400,3,3.3713956034482764,0.7490180862068966,4.501087043867479,3.093808905555555,0.7480021166666666,4.136096458312903,0.510904286163522,0.11296645911949685,4.522619281384072,0.3865228230711688,7.51529043234273,0.05143152171574538
sweep_20260731_155129,750,400,4,3.2933253437500003,0.7529603125,4.37383656094092,3.101832578651685,0.7513647528089886,4.128264690425571,0.5049068050314465,0.11438962578616352,4.413921293660877,0.2856566032353065,7.411139989692192,0.038544219058419094
sweep_20260731_155129,750,400,5,3.37699620967742,0.7447204516129032,4.5345823420903475,3.100606732954546,0.7496956856060606,4.135820430189602,0.507029590625,0.10893145625,4.654574611224845,0.5187541810352432,7.8462101907969295,0.06611525416993116
sweep_20260731_155129,750,400,6,3.368403982758621,0.7556356034482757,4.457709466556644,3.0804140666666666,0.7498360833333335,4.108116607262942,0.5048136729559747,0.11544721069182391,4.372679685640305,0.26456307837736315,7.328342808350769,0.03610135132814606
sweep_20260731_155129,850,200,2,3.725245060606061,0.8517919242424243,4.373421436132139,3.706984954022988,0.8491676436781612,4.365433588550571,0.5183686125,0.10886598437499999,4.761529650202091,0.39609606165151945,8.00798187152255,0.04946265713463839
sweep_20260731_155129,850,200,3,3.8021579666666665,0.8504945999999999,4.470525699594879,3.670409622222222,0.8504005888888888,4.316094873614661,0.49582696226415096,0.10967498427672955,4.5208756174798355,0.2047807438651743,7.9419330938603405,0.02578474805126269
sweep_20260731_155129,850,200,4,3.8482257258064516,0.8540085000000001,4.506074267184052,3.668981488764045,0.8504802696629215,4.314011294134084,0.49826361874999997,0.106655890625,4.671693385430393,0.3576820912963088,8.200140978213938,0.04361901731282376
sweep_20260731_155129,850,200,5,3.73869953125,0.84747271875,4.411586884784308,3.702945050561797,0.8493068202247189,4.359961514947014,0.5099672156249999,0.1151923875,4.427091292165464,0.06712977721845004,7.50369842124476,0.008946225374461922
sweep_20260731_155129,850,200,6,3.8061888833333337,0.8519784611111111,4.467470783673894,3.6765351333333336,0.8484971166666668,4.3329966137971745,0.4911763176100629,0.11434172641509434,4.295687436334024,-0.037309177463150434,7.567159284162212,-0.00493040731166289
sweep_20260731_155129,850,300,2,3.7484075055555555,0.8482565055555554,4.418955211078023,3.5039173146067415,0.8483221011235956,4.130409086319727,0.4984418805031447,0.11445903773584905,4.3547621084624115,0.22435302214268482,7.557952485002019,0.029684365254728777
sweep_20260731_155129,850,300,3,3.8424316875,0.856273828125,4.487386582763892,3.5281701818181816,0.8527467670454545,4.137418420291844,0.5081578910256409,0.12091982692307691,4.202436473456957,0.06501805316511255,7.097261289335702,0.009161005987310629
sweep_20260731_155129,850,300,4,3.8105209014778327,0.8506904236453203,4.479327374051361,3.507489283333334,0.8483465722222222,4.1345004484966035,0.5033471383647798,0.11992861006289308,4.1970563829666165,0.06255593447001306,7.159530389147519,0.008737435428004606
sweep_20260731_155129,850,300,5,3.8536178906250003,0.858475234375,4.488909797649049,3.5588463833333335,0.8502623944444445,4.18558601037349,0.5051001981132076,0.11775556918238997,4.289395411361521,0.10380940098803038,7.316059826311459,0.014189249876646779
sweep_20260731_155129,850,300,6,3.761397709677419,0.8514481774193549,4.417647261959969,3.5228578222222224,0.8489707611111111,4.149563192979222,0.5093360943396226,0.12128651886792453,4.199445240029243,0.04988204705002097,7.0670425482724655,0.007058404800776854
sweep_20260731_155129,850,400,2,3.7756072903225815,0.8468384032258065,4.4584743393077195,3.4604306910112355,0.849500831460674,4.07348711485214,0.5042173459119496,0.11510488050314466,4.380503621635525,0.307016506783385,7.5105670422051585,0.04087793971588627
sweep_20260731_155129,850,400,3,3.7502530156250002,0.855551609375,4.383432833893733,3.4395126931818183,0.8479994772727273,4.056031619552082,0.5047507943037975,0.1146894651898734,4.4010214318129455,0.3449898122608639,7.539950634190671,0.045754916576836994
sweep_20260731_155129,850,400,4,3.815790370967743,0.8588797903225809,4.442752541114742,3.4477069887640455,0.8494547359550562,4.058729491793027,0.503162628125,0.119180490625,4.221853975313755,0.16312448352072817,7.213409270547559,0.022614061867634108
sweep_20260731_155129,850,400,5,3.808290453125,0.8520041249999999,4.4698028347280605,3.440241191011236,0.8494327022471909,4.050045615044029,0.5055383301886792,0.11800980817610063,4.283867061577522,0.23382144653349268,7.296615621968578,0.032045191722790696
sweep_20260731_155129,850,400,6,3.7666234354838704,0.8558118548387096,4.401228394053675,3.492760122222222,0.8494342444444444,4.111866392326333,0.5070377937499999,0.11489896250000001,4.412901411098467,0.3010350187721338,7.526044616248476,0.03999910100482391
sweep_20260731_155129,950,200,2,4.212758242424243,0.9524761818181817,4.422953899364192,4.008747522222222,0.9489924055555554,4.224214544557327,0.5090594281249999,0.11221171562499999,4.536597852457975,0.3123833079006477,7.857976220382383,0.039753659102502004
sweep_20260731_155129,950,200,3,4.2305735,0.9546692272727272,4.431454768984003,4.0523107022471905,0.9518378314606741,4.257354108344888,0.5165936999999999,0.108207296875,4.7741114963509705,0.5167573880060825,8.190921808150595,0.06308903931812278
sweep_20260731_155129,950,200,4,4.19563285483871,0.9575684354838708,4.38154882655317,4.017303370786516,0.9510791179775281,4.2239423564774725,0.51735228125,0.10859527499999999,4.764040435921361,0.5400980794438883,8.157066539956318,0.06621229296074618
sweep_20260731_155129,950,200,5,4.1715148511904765,0.944908005952381,4.414731195960151,4.018780022222222,0.9481301222222223,4.238637638474165,0.517638875,0.11512895625000001,4.4961657940853605,0.2575281556111957,7.631204598989741,0.033746724029033205
sweep_20260731_155129,950,200,6,4.19280126344086,0.945388311827957,4.4350043373540995,3.9932666166666664,0.9508206277777776,4.199810668810982,0.5051686194968553,0.1112007421383648,4.542852950282332,0.34304228147134985,7.941022657785772,0.04319875364352647
sweep_20260731_155129,950,300,2,4.180540078125,0.952012515625,4.391265880974746,3.9009168750000005,0.9469229147727273,4.119571735082857,0.507397213836478,0.12371925157232705,4.101198539338482,-0.018373195744374904,7.026764264438413,-0.0026147448602138364
sweep_20260731_155129,950,300,3,4.2363867580645165,0.9565400322580646,4.428865092100592,3.9024009261363632,0.9493086988636363,4.110781804493845,0.5178097243589743,0.11583145833333333,4.470372140777597,0.3595903362837518,7.579835150373848,0.04744039008104495
sweep_20260731_155129,950,300,4,4.2019325788177335,0.951654647783251,4.415396476658375,3.8487679722222223,0.9466637055555557,4.06561268762654,0.5167958374999999,0.11284860937499999,4.5795498975327975,0.5139372099062571,7.8050882017847645,0.06584643204784503
sweep_20260731_155129,950,300,5,4.24304528125,0.9602047499999999,4.418896366894665,3.849709305555556,0.9497202333333334,4.053519310675128,0.5132983018867925,0.12409532389937106,4.136322673230026,0.08280336255489829,7.005379704977909,0.011819967802181981
sweep_20260731_155129,950,300,6,4.213774586021506,0.9555046989247312,4.40999881085194,3.886289405555556,0.9499422444444444,4.091079671720862,0.5124255094339624,0.11873977987421382,4.31553359772771,0.22445392600684855,7.369081867348145,0.03045887263125522
