host_timestamp_s,monotonic_s,kind,detail
1782484901.309635,209132.906000,session,start console_20260626_104140
1782484929.392259,209160.984000,warn,H7 silent 1.0s — no new samples (critical; other instruments still recording)
1782484931.388916,209162.984000,disarm,disarm
1782484931.450506,209163.046000,disarm,disarm
1782484931.512764,209163.109000,disarm,disarm
1782484931.575185,209163.171000,disarm,disarm
1782484931.635635,209163.234000,disarm,disarm
1782484931.697619,209163.296000,disarm,disarm
1782484931.760853,209163.359000,disarm,disarm
1782484931.822616,209163.421000,disarm,disarm
1782484931.884280,209163.484000,disarm,disarm
1782484931.946202,209163.546000,disarm,disarm
1782484932.023051,209163.625000,disarm,disarm
1782484932.083559,209163.671000,disarm,disarm
1782484932.145404,209163.734000,disarm,disarm
1782484932.207836,209163.796000,disarm,disarm
1782484932.269622,209163.859000,disarm,disarm
1782484932.331027,209163.921000,disarm,disarm
1782484932.394155,209163.984000,disarm,disarm
1782484932.456685,209164.046000,disarm,disarm
1782484932.518386,209164.109000,disarm,disarm
1782484932.580017,209164.171000,disarm,disarm
1782484932.642814,209164.234000,disarm,disarm
1782484932.706008,209164.296000,disarm,disarm
1782484932.766994,209164.359000,disarm,disarm
1782484932.828182,209164.421000,disarm,disarm
1782484932.890241,209164.484000,disarm,disarm
1782484932.952016,209164.546000,disarm,disarm
1782484933.013832,209164.609000,disarm,disarm
1782484933.075105,209164.671000,disarm,disarm
1782484933.137016,209164.734000,disarm,disarm
1782484933.197869,209164.796000,disarm,disarm
1782484933.260301,209164.859000,disarm,disarm
1782484933.321621,209164.921000,disarm,disarm
1782484933.382091,209164.984000,disarm,disarm
1782484933.460272,209165.062000,disarm,disarm
1782484933.521418,209165.109000,disarm,disarm
1782484933.582975,209165.171000,disarm,disarm
1782484933.644951,209165.234000,disarm,disarm
1782484933.706643,209165.296000,disarm,disarm
1782484933.768446,209165.359000,disarm,disarm
1782484933.828914,209165.421000,disarm,disarm
1782484933.891170,209165.484000,disarm,disarm
1782484933.953282,209165.546000,disarm,disarm
1782484934.014940,209165.609000,disarm,disarm
1782484934.076917,209165.671000,disarm,disarm
1782484934.138522,209165.734000,disarm,disarm
1782484934.200969,209165.796000,disarm,disarm
1782484934.262005,209165.859000,disarm,disarm
1782484934.325619,209165.921000,disarm,disarm
1782484934.387571,209165.984000,disarm,disarm
1782484934.448796,209166.046000,disarm,disarm
1782484934.511081,209166.109000,disarm,disarm
1782484934.573157,209166.171000,disarm,disarm
1782484934.635637,209166.234000,disarm,disarm
1782484934.696915,209166.296000,disarm,disarm
1782484934.758999,209166.359000,disarm,disarm
1782484934.822228,209166.421000,disarm,disarm
1782484934.884161,209166.484000,disarm,disarm
1782484934.946745,209166.546000,disarm,disarm
1782484935.008582,209166.609000,disarm,disarm
1782484935.084387,209166.687000,disarm,disarm
1782484935.146330,209166.734000,disarm,disarm
1782484935.208076,209166.796000,disarm,disarm
1782484935.270402,209166.859000,disarm,disarm
1782484935.332451,209166.921000,disarm,disarm
1782484935.393686,209166.984000,disarm,disarm
1782484935.454380,209167.046000,disarm,disarm
1782484935.515379,209167.109000,disarm,disarm
1782484935.577880,209167.171000,disarm,disarm
1782484935.639426,209167.234000,disarm,disarm
1782484935.701138,209167.296000,disarm,disarm
1782484935.762136,209167.359000,disarm,disarm
1782484935.824468,209167.421000,disarm,disarm
1782484935.885812,209167.484000,disarm,disarm
1782484935.948369,209167.546000,disarm,disarm
1782484936.010180,209167.609000,disarm,disarm
1782484936.071999,209167.671000,disarm,disarm
1782484936.134930,209167.734000,disarm,disarm
1782484936.197887,209167.796000,disarm,disarm
1782484936.260206,209167.859000,disarm,disarm
1782484936.322064,209167.921000,disarm,disarm
1782484936.383837,209167.984000,disarm,disarm
1782484936.445526,209168.046000,disarm,disarm
1782484936.522274,209168.125000,disarm,disarm
1782484936.584591,209168.187000,disarm,disarm
1782484936.646916,209168.250000,disarm,disarm
1782484936.708756,209168.296000,disarm,disarm
1782484936.771899,209168.375000,disarm,disarm
1782484936.834230,209168.437000,disarm,disarm
1782484936.896387,209168.484000,disarm,disarm
1782484936.959846,209168.562000,disarm,disarm
1782484937.021335,209168.609000,disarm,disarm
1782484937.082171,209168.671000,disarm,disarm
1782484937.144827,209168.734000,disarm,disarm
1782484937.206321,209168.796000,disarm,disarm
1782484937.268251,209168.859000,disarm,disarm
1782484937.330080,209168.921000,disarm,disarm
1782484937.391927,209168.984000,disarm,disarm
1782484937.453369,209169.046000,disarm,disarm
1782484937.514635,209169.109000,disarm,disarm
1782484937.575604,209169.171000,disarm,disarm
1782484937.637410,209169.234000,disarm,disarm
1782484937.699840,209169.296000,disarm,disarm
1782484937.761044,209169.359000,disarm,disarm
1782484937.823150,209169.421000,disarm,disarm
1782484937.884325,209169.484000,disarm,disarm
1782484937.946181,209169.546000,disarm,disarm
1782484938.007441,209169.609000,disarm,disarm
1782484938.085342,209169.687000,disarm,disarm
1782484938.164149,209169.765000,disarm,disarm
1782484938.225017,209169.828000,disarm,disarm
1782484938.288270,209169.890000,disarm,disarm
1782484938.349592,209169.937000,disarm,disarm
1782484938.410153,209170.000000,disarm,disarm
1782484938.473118,209170.062000,disarm,disarm
1782484938.534437,209170.125000,disarm,disarm
1782484938.596968,209170.187000,disarm,disarm
1782484938.657591,209170.250000,disarm,disarm
1782484938.720502,209170.312000,disarm,disarm
1782484938.781224,209170.375000,disarm,disarm
1782484938.843015,209170.437000,disarm,disarm
1782484938.904795,209170.500000,disarm,disarm
1782484938.966181,209170.562000,disarm,disarm
1782484939.028165,209170.625000,disarm,disarm
1782484939.089989,209170.687000,disarm,disarm
1782484939.151769,209170.750000,disarm,disarm
1782484939.214623,209170.812000,disarm,disarm
1782484939.274173,209170.875000,disarm,disarm
1782484939.338495,209170.937000,disarm,disarm
1782484939.400337,209171.000000,disarm,disarm
1782484939.461578,209171.062000,disarm,disarm
1782484939.523473,209171.125000,disarm,disarm
1782484939.601438,209171.203000,disarm,disarm
1782484939.662772,209171.265000,disarm,disarm
1782484939.724328,209171.312000,disarm,disarm
1782484939.786848,209171.375000,disarm,disarm
1782484939.850504,209171.453000,disarm,disarm
1782484939.911269,209171.500000,disarm,disarm
1782484939.974014,209171.562000,disarm,disarm
1782484940.035828,209171.625000,disarm,disarm
1782484940.097102,209171.687000,disarm,disarm
1782484940.158525,209171.750000,disarm,disarm
1782484940.221455,209171.812000,disarm,disarm
1782484940.283668,209171.875000,disarm,disarm
1782484940.345630,209171.937000,disarm,disarm
1782484940.406569,209172.000000,disarm,disarm
1782484940.467805,209172.062000,disarm,disarm
1782484940.529609,209172.125000,disarm,disarm
1782484940.591112,209172.187000,disarm,disarm
1782484940.678926,209172.281000,disarm,disarm
1782484940.714771,209172.312000,disarm,disarm
1782484940.776053,209172.375000,disarm,disarm
1782484940.837578,209172.437000,disarm,disarm
1782484940.898983,209172.500000,disarm,disarm
1782484940.969709,209172.562000,disarm,disarm
1782484941.038321,209172.640000,disarm,disarm
1782484941.099459,209172.687000,disarm,disarm
1782484941.161355,209172.750000,disarm,disarm
1782484941.222520,209172.812000,disarm,disarm
1782484941.284096,209172.875000,disarm,disarm
1782484941.345739,209172.937000,disarm,disarm
1782484941.408705,209173.000000,disarm,disarm
1782484941.470095,209173.062000,disarm,disarm
1782484941.532146,209173.125000,disarm,disarm
1782484941.594204,209173.187000,disarm,disarm
1782484941.655178,209173.250000,disarm,disarm
1782484941.716730,209173.312000,disarm,disarm
1782484941.778704,209173.375000,disarm,disarm
1782484941.840417,209173.437000,disarm,disarm
1782484941.901867,209173.500000,disarm,disarm
1782484941.964353,209173.562000,disarm,disarm
1782484942.027050,209173.625000,disarm,disarm
1782484942.088694,209173.687000,disarm,disarm
1782484942.149777,209173.750000,disarm,disarm
1782484942.225976,209173.828000,disarm,disarm
1782484942.287276,209173.875000,disarm,disarm
1782484942.349467,209173.937000,disarm,disarm
1782484942.402260,209174.000000,disarm,disarm
1782484942.472873,209174.062000,disarm,disarm
1782484942.533535,209174.125000,disarm,disarm
1782484942.595002,209174.187000,disarm,disarm
1782484942.649760,209174.250000,disarm,disarm
1782484942.719015,209174.312000,disarm,disarm
1782484942.779447,209174.375000,disarm,disarm
1782484942.842823,209174.437000,disarm,disarm
1782484942.904073,209174.500000,disarm,disarm
1782484942.966374,209174.562000,disarm,disarm
1782484943.027882,209174.625000,disarm,disarm
1782484943.090526,209174.687000,disarm,disarm
1782484943.152136,209174.750000,disarm,disarm
1782484943.212932,209174.812000,disarm,disarm
1782484943.274815,209174.875000,disarm,disarm
1782484943.351934,209174.953000,disarm,disarm
1782484943.413991,209175.015000,disarm,disarm
1782484943.474081,209175.062000,disarm,disarm
1782484943.526356,209175.125000,disarm,disarm
1782484943.598473,209175.187000,disarm,disarm
1782484943.660957,209175.250000,disarm,disarm
1782484943.722895,209175.312000,disarm,disarm
1782484943.784746,209175.375000,disarm,disarm
1782484943.845973,209175.437000,disarm,disarm
1782484943.908421,209175.500000,disarm,disarm
1782484943.969714,209175.562000,disarm,disarm
1782484944.031236,209175.625000,disarm,disarm
1782484944.092594,209175.687000,disarm,disarm
1782484944.154176,209175.750000,disarm,disarm
1782484944.216916,209175.812000,disarm,disarm
1782484944.278973,209175.875000,disarm,disarm
1782484944.341642,209175.937000,disarm,disarm
1782484944.402698,209176.000000,disarm,disarm
1782484944.465068,209176.062000,disarm,disarm
1782484944.527492,209176.125000,disarm,disarm
1782484944.588920,209176.187000,disarm,disarm
1782484944.650924,209176.250000,disarm,disarm
1782484944.711973,209176.312000,disarm,disarm
1782484944.773913,209176.375000,disarm,disarm
1782484944.851646,209176.453000,disarm,disarm
1782484944.914075,209176.515000,disarm,disarm
1782484944.962388,209176.562000,disarm,disarm
1782484945.038901,209176.640000,disarm,disarm
1782484945.101291,209176.703000,disarm,disarm
1782484945.163542,209176.765000,disarm,disarm
1782484945.225562,209176.828000,disarm,disarm
1782484945.287141,209176.875000,disarm,disarm
1782484945.347941,209176.937000,disarm,disarm
1782484945.409349,209177.000000,disarm,disarm
1782484945.470828,209177.062000,disarm,disarm
1782484945.533775,209177.125000,disarm,disarm
1782484945.595604,209177.187000,disarm,disarm
1782484945.659971,209177.250000,disarm,disarm
1782484945.723524,209177.312000,disarm,disarm
1782484945.785915,209177.375000,disarm,disarm
1782484945.846884,209177.437000,disarm,disarm
1782484945.908539,209177.500000,disarm,disarm
1782484945.971391,209177.562000,disarm,disarm
1782484946.033095,209177.625000,disarm,disarm
1782484946.094731,209177.687000,disarm,disarm
1782484946.155670,209177.750000,disarm,disarm
1782484946.216958,209177.812000,disarm,disarm
1782484946.278863,209177.875000,disarm,disarm
1782484946.340000,209177.937000,disarm,disarm
1782484946.401829,209178.000000,disarm,disarm
1782484946.463337,209178.062000,disarm,disarm
1782484946.524341,209178.125000,disarm,disarm
1782484946.586581,209178.187000,disarm,disarm
1782484946.649211,209178.250000,disarm,disarm
1782484946.726946,209178.328000,disarm,disarm
1782484946.787527,209178.390000,disarm,disarm
1782484946.849514,209178.437000,disarm,disarm
1782484946.911936,209178.500000,disarm,disarm
1782484946.974257,209178.562000,disarm,disarm
1782484947.035462,209178.625000,disarm,disarm
1782484947.096946,209178.687000,disarm,disarm
1782484947.159518,209178.750000,disarm,disarm
1782484947.219740,209178.812000,disarm,disarm
1782484947.281887,209178.875000,disarm,disarm
1782484947.344414,209178.937000,disarm,disarm
1782484947.407945,209179.000000,disarm,disarm
1782484947.468630,209179.062000,disarm,disarm
1782484947.530907,209179.125000,disarm,disarm
1782484947.593173,209179.187000,disarm,disarm
1782484947.655163,209179.250000,disarm,disarm
1782484947.717040,209179.312000,disarm,disarm
1782484947.779202,209179.375000,disarm,disarm
1782484947.840241,209179.437000,disarm,disarm
1782484947.902359,209179.500000,disarm,disarm
1782484947.963551,209179.562000,disarm,disarm
1782484948.027390,209179.625000,disarm,disarm
1782484948.088721,209179.687000,disarm,disarm
1782484948.150315,209179.750000,disarm,disarm
1782484948.214444,209179.812000,disarm,disarm
1782484948.275550,209179.875000,disarm,disarm
1782484948.338373,209179.937000,disarm,disarm
1782484948.399482,209180.000000,disarm,disarm
1782484948.461640,209180.062000,disarm,disarm
1782484948.550885,209180.140000,disarm,disarm
1782484948.600954,209180.203000,disarm,disarm
1782484948.663087,209180.265000,disarm,disarm
1782484948.722329,209180.312000,disarm,disarm
1782484948.788339,209180.390000,disarm,disarm
1782484948.849278,209180.437000,disarm,disarm
1782484948.911869,209180.500000,disarm,disarm
1782484948.973744,209180.562000,disarm,disarm
1782484949.036968,209180.625000,disarm,disarm
1782484949.098842,209180.687000,disarm,disarm
1782484949.160718,209180.750000,disarm,disarm
1782484949.224004,209180.812000,disarm,disarm
1782484949.325117,209180.921000,disarm,disarm
1782484949.338599,209180.937000,disarm,disarm
1782484949.409966,209181.000000,disarm,disarm
1782484949.471500,209181.062000,disarm,disarm
1782484949.529290,209181.125000,disarm,disarm
1782484949.594397,209181.187000,disarm,disarm
1782484949.656659,209181.250000,disarm,disarm
1782484949.719104,209181.312000,disarm,disarm
1782484949.780212,209181.375000,disarm,disarm
1782484949.842019,209181.437000,disarm,disarm
1782484949.903930,209181.500000,disarm,disarm
1782484949.966472,209181.562000,disarm,disarm
1782484950.027392,209181.625000,disarm,disarm
1782484950.089409,209181.687000,disarm,disarm
1782484950.150431,209181.750000,disarm,disarm
1782484950.212151,209181.812000,disarm,disarm
1782484950.289663,209181.890000,disarm,disarm
1782484950.336761,209181.937000,disarm,disarm
1782484950.399358,209182.000000,disarm,disarm
1782484950.462174,209182.062000,disarm,disarm
1782484950.539298,209182.140000,disarm,disarm
1782484950.602201,209182.203000,disarm,disarm
1782484950.663128,209182.265000,disarm,disarm
1782484950.725287,209182.328000,disarm,disarm
1782484950.786819,209182.375000,disarm,disarm
1782484950.849612,209182.437000,disarm,disarm
1782484950.909797,209182.500000,disarm,disarm
1782484950.971681,209182.562000,disarm,disarm
1782484951.033499,209182.625000,disarm,disarm
1782484951.096047,209182.687000,disarm,disarm
1782484951.157662,209182.750000,disarm,disarm
1782484951.219575,209182.812000,disarm,disarm
1782484951.281358,209182.875000,disarm,disarm
1782484951.343012,209182.937000,disarm,disarm
1782484951.406552,209183.000000,disarm,disarm
1782484951.468923,209183.062000,disarm,disarm
1782484951.531003,209183.125000,disarm,disarm
1782484951.593947,209183.187000,disarm,disarm
1782484951.655359,209183.250000,disarm,disarm
1782484951.716495,209183.312000,disarm,disarm
1782484951.778378,209183.375000,disarm,disarm
1782484951.839960,209183.437000,disarm,disarm
1782484951.900821,209183.500000,disarm,disarm
1782484951.963476,209183.562000,disarm,disarm
1782484952.024790,209183.625000,disarm,disarm
1782484952.086979,209183.687000,disarm,disarm
1782484952.164406,209183.765000,disarm,disarm
1782484952.226239,209183.828000,disarm,disarm
1782484952.287550,209183.890000,disarm,disarm
1782484952.348682,209183.937000,disarm,disarm
1782484952.411385,209184.000000,disarm,disarm
1782484952.473802,209184.062000,disarm,disarm
1782484952.535946,209184.125000,disarm,disarm
1782484952.597933,209184.187000,disarm,disarm
1782484952.660525,209184.250000,disarm,disarm
1782484952.722123,209184.312000,disarm,disarm
1782484952.785085,209184.375000,disarm,disarm
1782484952.847144,209184.437000,disarm,disarm
1782484952.909064,209184.500000,disarm,disarm
1782484952.971864,209184.562000,disarm,disarm
1782484953.034946,209184.625000,disarm,disarm
1782484953.096481,209184.687000,disarm,disarm
1782484953.157950,209184.750000,disarm,disarm
1782484953.221595,209184.812000,disarm,disarm
1782484953.282875,209184.875000,disarm,disarm
1782484953.344999,209184.937000,disarm,disarm
1782484953.406258,209185.000000,disarm,disarm
1782484953.467380,209185.062000,disarm,disarm
1782484953.530622,209185.125000,disarm,disarm
1782484953.592076,209185.187000,disarm,disarm
1782484953.653328,209185.250000,disarm,disarm
1782484953.714830,209185.312000,disarm,disarm
1782484953.775720,209185.375000,disarm,disarm
1782484953.836911,209185.437000,disarm,disarm
1782484953.914350,209185.515000,disarm,disarm
1782484953.962748,209185.562000,disarm,disarm
1782484954.037479,209185.640000,disarm,disarm
1782484954.098752,209185.687000,disarm,disarm
1782484954.160767,209185.750000,disarm,disarm
1782484954.221174,209185.812000,disarm,disarm
1782484954.284137,209185.875000,disarm,disarm
1782484954.344375,209185.937000,disarm,disarm
1782484954.407300,209186.000000,disarm,disarm
1782484954.467801,209186.062000,disarm,disarm
1782484954.529982,209186.125000,disarm,disarm
1782484954.615215,209186.203000,disarm,disarm
1782484954.652712,209186.250000,disarm,disarm
1782484954.715321,209186.312000,disarm,disarm
1782484954.777247,209186.375000,disarm,disarm
1782484954.839201,209186.437000,disarm,disarm
1782484954.901094,209186.500000,disarm,disarm
1782484954.963331,209186.562000,disarm,disarm
1782484955.039253,209186.640000,disarm,disarm
1782484955.101173,209186.703000,disarm,disarm
1782484955.162302,209186.765000,disarm,disarm
1782484955.225006,209186.828000,disarm,disarm
1782484955.285901,209186.875000,disarm,disarm
1782484955.349311,209186.937000,disarm,disarm
1782484955.410518,209187.000000,disarm,disarm
1782484955.472100,209187.062000,disarm,disarm
1782484955.534008,209187.125000,disarm,disarm
1782484955.596105,209187.187000,disarm,disarm
1782484955.657695,209187.250000,disarm,disarm
1782484955.719764,209187.312000,disarm,disarm
1782484955.781445,209187.375000,disarm,disarm
1782484955.843617,209187.437000,disarm,disarm
1782484955.906533,209187.500000,disarm,disarm
1782484955.968650,209187.562000,disarm,disarm
1782484956.029718,209187.625000,disarm,disarm
1782484956.092505,209187.687000,disarm,disarm
1782484956.153699,209187.750000,disarm,disarm
1782484956.215247,209187.812000,disarm,disarm
1782484956.276561,209187.875000,disarm,disarm
1782484956.338293,209187.937000,disarm,disarm
1782484956.399634,209188.000000,disarm,disarm
1782484956.477009,209188.078000,disarm,disarm
1782484956.539831,209188.140000,disarm,disarm
1782484956.601824,209188.203000,disarm,disarm
1782484956.663387,209188.265000,disarm,disarm
1782484956.725004,209188.328000,disarm,disarm
1782484956.786455,209188.375000,disarm,disarm
1782484956.848199,209188.437000,disarm,disarm
1782484956.909535,209188.500000,disarm,disarm
1782484956.972437,209188.562000,disarm,disarm
1782484957.034400,209188.625000,disarm,disarm
1782484957.096826,209188.687000,disarm,disarm
1782484957.159380,209188.750000,disarm,disarm
1782484957.221008,209188.812000,disarm,disarm
1782484957.282156,209188.875000,disarm,disarm
1782484957.344942,209188.937000,disarm,disarm
1782484957.407121,209189.000000,disarm,disarm
1782484957.468532,209189.062000,disarm,disarm
1782484957.530494,209189.125000,disarm,disarm
1782484957.593383,209189.187000,disarm,disarm
1782484957.655770,209189.250000,disarm,disarm
1782484957.718162,209189.312000,disarm,disarm
1782484957.779834,209189.375000,disarm,disarm
1782484957.843684,209189.437000,disarm,disarm
1782484957.905531,209189.500000,disarm,disarm
1782484957.966757,209189.562000,disarm,disarm
1782484958.029367,209189.625000,disarm,disarm
1782484958.091451,209189.687000,disarm,disarm
1782484958.153000,209189.750000,disarm,disarm
1782484958.214926,209189.812000,disarm,disarm
1782484958.277003,209189.875000,disarm,disarm
1782484958.339543,209189.937000,disarm,disarm
1782484958.401156,209190.000000,disarm,disarm
1782484958.462212,209190.062000,disarm,disarm
1782484958.539808,209190.140000,disarm,disarm
1782484958.600971,209190.203000,disarm,disarm
1782484958.661972,209190.250000,disarm,disarm
1782484958.723329,209190.312000,disarm,disarm
1782484958.784468,209190.375000,disarm,disarm
1782484958.846863,209190.437000,disarm,disarm
1782484958.908151,209190.500000,disarm,disarm
1782484958.970308,209190.562000,disarm,disarm
1782484959.032325,209190.625000,disarm,disarm
1782484959.092317,209190.687000,disarm,disarm
1782484959.154023,209190.750000,disarm,disarm
1782484959.215532,209190.812000,disarm,disarm
1782484959.278494,209190.875000,disarm,disarm
1782484959.339927,209190.937000,disarm,disarm
1782484959.401963,209191.000000,disarm,disarm
1782484959.489770,209191.078000,disarm,disarm
1782484959.525728,209191.125000,disarm,disarm
1782484959.587564,209191.187000,disarm,disarm
1782484959.664097,209191.265000,disarm,disarm
1782484959.725670,209191.328000,disarm,disarm
1782484959.787919,209191.390000,disarm,disarm
1782484959.848612,209191.437000,disarm,disarm
1782484959.912017,209191.500000,disarm,disarm
1782484959.973606,209191.562000,disarm,disarm
1782484960.034618,209191.625000,disarm,disarm
1782484960.097259,209191.687000,disarm,disarm
1782484960.159516,209191.750000,disarm,disarm
1782484960.221616,209191.812000,disarm,disarm
1782484960.283529,209191.875000,disarm,disarm
1782484960.345745,209191.937000,disarm,disarm
1782484960.407423,209192.000000,disarm,disarm
1782484960.469793,209192.062000,disarm,disarm
1782484960.531976,209192.125000,disarm,disarm
1782484960.592933,209192.187000,disarm,disarm
1782484960.655878,209192.250000,disarm,disarm
1782484960.716904,209192.312000,disarm,disarm
1782484960.779405,209192.375000,disarm,disarm
1782484960.842327,209192.437000,disarm,disarm
1782484960.904516,209192.500000,disarm,disarm
1782484960.966958,209192.562000,disarm,disarm
1782484961.027813,209192.625000,disarm,disarm
1782484961.089358,209192.687000,disarm,disarm
1782484961.151280,209192.750000,disarm,disarm
1782484961.213380,209192.812000,disarm,disarm
1782484961.275521,209192.875000,disarm,disarm
1782484961.337090,209192.937000,disarm,disarm
1782484961.414155,209193.015000,disarm,disarm
1782484961.476122,209193.078000,disarm,disarm
1782484961.538303,209193.140000,disarm,disarm
1782484961.599607,209193.187000,disarm,disarm
1782484961.661126,209193.250000,disarm,disarm
1782484961.723580,209193.312000,disarm,disarm
1782484961.785003,209193.375000,disarm,disarm
1782484961.847840,209193.437000,disarm,disarm
1782484961.909171,209193.500000,disarm,disarm
1782484961.970557,209193.562000,disarm,disarm
1782484962.032247,209193.625000,disarm,disarm
1782484962.094072,209193.687000,disarm,disarm
1782484962.156261,209193.750000,disarm,disarm
1782484962.218219,209193.812000,disarm,disarm
1782484962.278822,209193.875000,disarm,disarm
1782484962.339622,209193.937000,disarm,disarm
1782484962.402395,209194.000000,disarm,disarm
1782484962.463775,209194.062000,disarm,disarm
1782484962.526221,209194.125000,disarm,disarm
1782484962.588972,209194.187000,disarm,disarm
1782484962.651395,209194.250000,disarm,disarm
1782484962.713830,209194.312000,disarm,disarm
1782484962.775941,209194.375000,disarm,disarm
1782484962.837763,209194.437000,disarm,disarm
1782484962.899490,209194.500000,disarm,disarm
1782484962.962517,209194.562000,disarm,disarm
1782484963.037324,209194.640000,disarm,disarm
1782484963.099303,209194.687000,disarm,disarm
1782484963.162001,209194.750000,disarm,disarm
1782484963.223347,209194.812000,disarm,disarm
1782484963.285104,209194.875000,disarm,disarm
1782484963.347762,209194.937000,disarm,disarm
1782484963.410136,209195.000000,disarm,disarm
1782484963.471060,209195.062000,disarm,disarm
1782484963.532526,209195.125000,disarm,disarm
1782484963.595292,209195.187000,disarm,disarm
1782484963.656417,209195.250000,disarm,disarm
1782484963.718049,209195.312000,disarm,disarm
1782484963.780447,209195.375000,disarm,disarm
1782484963.841462,209195.437000,disarm,disarm
1782484963.903564,209195.500000,disarm,disarm
1782484963.964034,209195.562000,disarm,disarm
1782484964.052038,209195.640000,disarm,disarm
1782484964.087892,209195.687000,disarm,disarm
1782484964.149367,209195.750000,disarm,disarm
1782484964.226337,209195.828000,disarm,disarm
1782484964.288449,209195.890000,disarm,disarm
1782484964.350772,209195.953000,disarm,disarm
1782484964.412673,209196.015000,disarm,disarm
1782484964.474272,209196.062000,disarm,disarm
1782484964.536244,209196.125000,disarm,disarm
1782484964.598729,209196.187000,disarm,disarm
1782484964.660628,209196.250000,disarm,disarm
1782484964.722735,209196.312000,disarm,disarm
1782484964.785547,209196.375000,disarm,disarm
1782484964.849227,209196.437000,disarm,disarm
1782484964.910902,209196.500000,disarm,disarm
1782484964.973165,209196.562000,disarm,disarm
1782484965.034794,209196.625000,disarm,disarm
1782484965.096630,209196.687000,disarm,disarm
1782484965.159109,209196.750000,disarm,disarm
1782484965.220555,209196.812000,disarm,disarm
1782484965.283447,209196.875000,disarm,disarm
1782484965.344584,209196.937000,disarm,disarm
1782484965.406136,209197.000000,disarm,disarm
1782484965.466887,209197.062000,disarm,disarm
1782484965.528991,209197.125000,disarm,disarm
1782484965.591130,209197.187000,disarm,disarm
1782484965.653989,209197.250000,disarm,disarm
1782484965.715409,209197.312000,disarm,disarm
1782484965.777411,209197.375000,disarm,disarm
1782484965.841213,209197.437000,disarm,disarm
1782484965.902942,209197.500000,disarm,disarm
1782484965.963877,209197.562000,disarm,disarm
1782484966.027187,209197.625000,disarm,disarm
1782484966.089689,209197.687000,disarm,disarm
1782484966.150823,209197.750000,disarm,disarm
1782484966.211956,209197.812000,disarm,disarm
1782484966.274737,209197.875000,disarm,disarm
1782484966.350080,209197.953000,disarm,disarm
1782484966.411745,209198.000000,disarm,disarm
1782484966.472610,209198.062000,disarm,disarm
1782484966.534789,209198.125000,disarm,disarm
1782484966.596056,209198.187000,disarm,disarm
1782484966.659436,209198.250000,disarm,disarm
1782484966.721316,209198.312000,disarm,disarm
1782484966.783385,209198.375000,disarm,disarm
1782484966.846277,209198.437000,disarm,disarm
1782484966.908250,209198.500000,disarm,disarm
1782484966.969496,209198.562000,disarm,disarm
1782484967.032387,209198.625000,disarm,disarm
1782484967.093715,209198.687000,disarm,disarm
1782484967.155298,209198.750000,disarm,disarm
1782484967.217398,209198.812000,disarm,disarm
1782484967.279576,209198.875000,disarm,disarm
1782484967.341732,209198.937000,disarm,disarm
1782484967.403461,209199.000000,disarm,disarm
1782484967.464943,209199.062000,disarm,disarm
1782484967.526643,209199.125000,disarm,disarm
1782484967.588960,209199.187000,disarm,disarm
1782484967.650348,209199.250000,disarm,disarm
1782484967.727246,209199.328000,disarm,disarm
1782484967.788912,209199.390000,disarm,disarm
1782484967.851707,209199.453000,disarm,disarm
1782484967.899635,209199.500000,disarm,disarm
1782484967.962501,209199.562000,disarm,disarm
1782484968.037698,209199.640000,disarm,disarm
1782484968.100299,209199.703000,disarm,disarm
1782484968.161570,209199.750000,disarm,disarm
1782484968.225229,209199.828000,disarm,disarm
1782484968.287056,209199.875000,disarm,disarm
1782484968.348646,209199.937000,disarm,disarm
1782484968.409145,209200.000000,disarm,disarm
1782484968.472579,209200.062000,disarm,disarm
1782484968.559284,209200.156000,disarm,disarm
1782484968.595591,209200.187000,disarm,disarm
1782484968.656741,209200.250000,disarm,disarm
1782484968.717605,209200.312000,disarm,disarm
1782484968.780368,209200.375000,disarm,disarm
1782484968.842654,209200.437000,disarm,disarm
1782484968.904008,209200.500000,disarm,disarm
1782484968.965600,209200.562000,disarm,disarm
1782484969.028070,209200.625000,disarm,disarm
1782484969.090420,209200.687000,disarm,disarm
1782484969.152402,209200.750000,disarm,disarm
1782484969.214446,209200.812000,disarm,disarm
1782484969.275244,209200.875000,disarm,disarm
1782484969.337301,209200.937000,disarm,disarm
1782484969.399914,209201.000000,disarm,disarm
1782484969.477919,209201.078000,disarm,disarm
1782484969.539390,209201.140000,disarm,disarm
1782484969.600514,209201.203000,disarm,disarm
1782484969.661867,209201.250000,disarm,disarm
1782484969.723821,209201.312000,disarm,disarm
1782484969.785780,209201.375000,disarm,disarm
1782484969.848597,209201.437000,disarm,disarm
1782484969.910720,209201.500000,disarm,disarm
1782484969.972650,209201.562000,disarm,disarm
1782484970.033622,209201.625000,disarm,disarm
1782484970.095829,209201.687000,disarm,disarm
1782484970.156719,209201.750000,disarm,disarm
1782484970.218697,209201.812000,disarm,disarm
1782484970.282324,209201.875000,disarm,disarm
1782484970.344618,209201.937000,disarm,disarm
1782484970.405510,209202.000000,disarm,disarm
1782484970.468582,209202.062000,disarm,disarm
1782484970.530571,209202.125000,disarm,disarm
1782484970.592226,209202.187000,disarm,disarm
1782484970.654452,209202.250000,disarm,disarm
1782484970.715491,209202.312000,disarm,disarm
1782484970.777465,209202.375000,disarm,disarm
1782484970.838448,209202.437000,disarm,disarm
1782484970.899530,209202.500000,disarm,disarm
1782484970.976634,209202.578000,disarm,disarm
1782484971.037586,209202.640000,disarm,disarm
1782484971.099668,209202.687000,disarm,disarm
1782484971.161366,209202.750000,disarm,disarm
1782484971.222030,209202.812000,disarm,disarm
1782484971.284140,209202.875000,disarm,disarm
1782484971.345914,209202.937000,disarm,disarm
1782484971.407766,209203.000000,disarm,disarm
1782484971.469802,209203.062000,disarm,disarm
1782484971.531740,209203.125000,disarm,disarm
1782484971.592346,209203.187000,disarm,disarm
1782484971.654481,209203.250000,disarm,disarm
1782484971.716558,209203.312000,disarm,disarm
1782484971.777736,209203.375000,disarm,disarm
1782484971.839837,209203.437000,disarm,disarm
1782484971.901174,209203.500000,disarm,disarm
1782484971.963141,209203.562000,disarm,disarm
1782484972.024118,209203.625000,disarm,disarm
1782484972.087213,209203.687000,disarm,disarm
1782484972.164666,209203.765000,disarm,disarm
1782484972.227084,209203.828000,disarm,disarm
1782484972.287464,209203.890000,disarm,disarm
1782484972.349440,209203.937000,disarm,disarm
1782484972.411520,209204.000000,disarm,disarm
1782484972.474020,209204.062000,disarm,disarm
1782484972.535947,209204.125000,disarm,disarm
1782484972.599484,209204.187000,disarm,disarm
1782484972.660105,209204.250000,disarm,disarm
1782484972.721951,209204.312000,disarm,disarm
1782484972.783290,209204.375000,disarm,disarm
1782484972.845545,209204.437000,disarm,disarm
1782484972.908666,209204.500000,disarm,disarm
1782484972.971532,209204.562000,disarm,disarm
1782484973.032398,209204.625000,disarm,disarm
1782484973.120454,209204.718000,disarm,disarm
1782484973.156834,209204.750000,disarm,disarm
1782484973.218863,209204.812000,disarm,disarm
1782484973.280612,209204.875000,disarm,disarm
1782484973.342786,209204.937000,disarm,disarm
1782484973.403678,209205.000000,disarm,disarm
1782484973.465730,209205.062000,disarm,disarm
1782484973.529190,209205.125000,disarm,disarm
1782484973.593189,209205.187000,disarm,disarm
1782484973.654183,209205.250000,disarm,disarm
1782484973.716849,209205.312000,disarm,disarm
1782484973.778747,209205.375000,disarm,disarm
1782484973.840568,209205.437000,disarm,disarm
1782484973.902210,209205.500000,disarm,disarm
1782484973.965177,209205.562000,disarm,disarm
1782484974.027099,209205.625000,disarm,disarm
1782484974.089173,209205.687000,disarm,disarm
1782484974.151065,209205.750000,disarm,disarm
1782484974.212602,209205.812000,disarm,disarm
1782484974.274497,209205.875000,disarm,disarm
1782484974.337818,209205.937000,disarm,disarm
1782484974.400758,209206.000000,disarm,disarm
1782484974.463414,209206.062000,disarm,disarm
1782484974.525068,209206.125000,disarm,disarm
1782484974.602326,209206.203000,disarm,disarm
1782484974.664222,209206.265000,disarm,disarm
1782484974.726062,209206.328000,disarm,disarm
1782484974.787571,209206.390000,disarm,disarm
1782484974.849584,209206.437000,disarm,disarm
1782484974.910775,209206.500000,disarm,disarm
1782484974.971850,209206.562000,disarm,disarm
1782484975.034286,209206.625000,disarm,disarm
1782484975.095596,209206.687000,disarm,disarm
1782484975.158818,209206.750000,disarm,disarm
1782484975.220300,209206.812000,disarm,disarm
1782484975.281538,209206.875000,disarm,disarm
1782484975.343713,209206.937000,disarm,disarm
1782484975.405062,209207.000000,disarm,disarm
1782484975.466138,209207.062000,disarm,disarm
1782484975.527417,209207.125000,disarm,disarm
1782484975.590096,209207.187000,disarm,disarm
1782484975.653306,209207.250000,disarm,disarm
1782484975.716229,209207.312000,disarm,disarm
1782484975.776679,209207.375000,disarm,disarm
1782484975.838003,209207.437000,disarm,disarm
1782484975.913344,209207.515000,disarm,disarm
1782484975.975866,209207.578000,disarm,disarm
1782484976.037657,209207.640000,disarm,disarm
1782484976.099044,209207.687000,disarm,disarm
1782484976.160778,209207.750000,disarm,disarm
1782484976.221817,209207.812000,disarm,disarm
1782484976.284390,209207.875000,disarm,disarm
1782484976.347367,209207.937000,disarm,disarm
1782484976.409861,209208.000000,disarm,disarm
1782484976.471627,209208.062000,disarm,disarm
1782484976.532643,209208.125000,disarm,disarm
1782484976.595548,209208.187000,disarm,disarm
1782484976.655973,209208.250000,disarm,disarm
1782484976.717813,209208.312000,disarm,disarm
1782484976.780578,209208.375000,disarm,disarm
1782484976.841584,209208.437000,disarm,disarm
1782484976.902806,209208.500000,disarm,disarm
1782484976.964735,209208.562000,disarm,disarm
1782484977.027466,209208.625000,disarm,disarm
1782484977.089711,209208.687000,disarm,disarm
1782484977.151124,209208.750000,disarm,disarm
1782484977.212703,209208.812000,disarm,disarm
1782484977.288405,209208.890000,disarm,disarm
1782484977.349772,209208.937000,disarm,disarm
1782484977.411615,209209.000000,disarm,disarm
1782484977.474937,209209.078000,disarm,disarm
1782484977.535307,209209.125000,disarm,disarm
1782484977.622766,209209.218000,disarm,disarm
1782484977.658956,209209.250000,disarm,disarm
1782484977.720493,209209.312000,disarm,disarm
1782484977.782468,209209.375000,disarm,disarm
1782484977.845026,209209.437000,disarm,disarm
1782484977.907237,209209.500000,disarm,disarm
1782484977.969999,209209.562000,disarm,disarm
1782484978.030834,209209.625000,disarm,disarm
1782484978.093787,209209.687000,disarm,disarm
1782484978.156965,209209.750000,disarm,disarm
1782484978.217285,209209.812000,disarm,disarm
1782484978.279481,209209.875000,disarm,disarm
1782484978.341589,209209.937000,disarm,disarm
1782484978.403293,209210.000000,disarm,disarm
1782484978.466485,209210.062000,disarm,disarm
1782484978.527627,209210.125000,disarm,disarm
1782484978.590235,209210.187000,disarm,disarm
1782484978.651839,209210.250000,disarm,disarm
1782484978.712655,209210.312000,disarm,disarm
1782484978.774794,209210.375000,disarm,disarm
1782484978.851263,209210.453000,disarm,disarm
1782484978.914167,209210.515000,disarm,disarm
1782484978.975653,209210.578000,disarm,disarm
1782484979.037534,209210.640000,disarm,disarm
1782484979.100585,209210.703000,disarm,disarm
1782484979.162088,209210.750000,disarm,disarm
1782484979.224514,209210.812000,disarm,disarm
1782484979.287055,209210.875000,disarm,disarm
1782484979.349324,209210.937000,disarm,disarm
1782484979.411086,209211.000000,disarm,disarm
1782484979.473986,209211.062000,disarm,disarm
1782484979.535300,209211.125000,disarm,disarm
1782484979.596469,209211.187000,disarm,disarm
1782484979.658690,209211.250000,disarm,disarm
1782484979.721281,209211.312000,disarm,disarm
1782484979.783888,209211.375000,disarm,disarm
1782484979.845386,209211.437000,disarm,disarm
1782484979.907084,209211.500000,disarm,disarm
1782484979.967203,209211.562000,disarm,disarm
1782484980.029814,209211.625000,disarm,disarm
1782484980.093759,209211.687000,disarm,disarm
1782484980.155137,209211.750000,disarm,disarm
1782484980.216716,209211.812000,disarm,disarm
1782484980.280814,209211.875000,disarm,disarm
1782484980.342277,209211.937000,disarm,disarm
1782484980.403608,209212.000000,disarm,disarm
1782484980.465509,209212.062000,disarm,disarm
1782484980.529302,209212.125000,disarm,disarm
1782484980.592312,209212.187000,disarm,disarm
1782484980.652980,209212.250000,disarm,disarm
1782484980.714776,209212.312000,disarm,disarm
1782484980.775381,209212.375000,disarm,disarm
1782484980.837624,209212.437000,disarm,disarm
1782484980.914793,209212.515000,disarm,disarm
1782484980.962620,209212.562000,disarm,disarm
1782484981.039033,209212.640000,disarm,disarm
1782484981.100517,209212.703000,disarm,disarm
1782484981.163236,209212.765000,disarm,disarm
1782484981.227026,209212.828000,disarm,disarm
1782484981.287906,209212.890000,disarm,disarm
1782484981.350215,209212.953000,disarm,disarm
1782484981.412048,209213.000000,disarm,disarm
1782484981.474022,209213.062000,disarm,disarm
1782484981.536505,209213.125000,disarm,disarm
1782484981.598853,209213.187000,disarm,disarm
1782484981.660758,209213.250000,disarm,disarm
1782484981.722824,209213.312000,disarm,disarm
1782484981.784338,209213.375000,disarm,disarm
1782484981.845661,209213.437000,disarm,disarm
1782484981.907662,209213.500000,disarm,disarm
1782484981.969301,209213.562000,disarm,disarm
1782484982.031633,209213.625000,disarm,disarm
1782484982.092473,209213.687000,disarm,disarm
1782484982.179668,209213.781000,disarm,disarm
1782484982.217185,209213.812000,disarm,disarm
1782484982.279263,209213.875000,disarm,disarm
1782484982.341914,209213.937000,disarm,disarm
1782484982.402696,209214.000000,disarm,disarm
1782484982.465135,209214.062000,disarm,disarm
1782484982.526979,209214.125000,disarm,disarm
1782484982.587614,209214.187000,disarm,disarm
1782484982.663672,209214.265000,disarm,disarm
1782484982.726052,209214.328000,disarm,disarm
1782484982.787664,209214.390000,disarm,disarm
1782484982.849685,209214.437000,disarm,disarm
1782484982.911587,209214.500000,disarm,disarm
1782484982.973102,209214.562000,disarm,disarm
1782484983.035897,209214.625000,disarm,disarm
1782484983.099192,209214.687000,disarm,disarm
1782484983.161211,209214.750000,disarm,disarm
1782484983.224019,209214.812000,disarm,disarm
1782484983.285414,209214.875000,disarm,disarm
1782484983.347446,209214.937000,disarm,disarm
1782484983.409483,209215.000000,disarm,disarm
1782484983.471843,209215.062000,disarm,disarm
1782484983.532817,209215.125000,disarm,disarm
1782484983.595392,209215.187000,disarm,disarm
1782484983.655920,209215.250000,disarm,disarm
1782484983.718788,209215.312000,disarm,disarm
1782484983.780556,209215.375000,disarm,disarm
1782484983.841718,209215.437000,disarm,disarm
1782484983.904211,209215.500000,disarm,disarm
1782484983.965233,209215.562000,disarm,disarm
1782484984.028168,209215.625000,disarm,disarm
1782484984.090756,209215.687000,disarm,disarm
1782484984.152478,209215.750000,disarm,disarm
1782484984.215640,209215.812000,disarm,disarm
1782484984.276514,209215.875000,disarm,disarm
1782484984.338815,209215.937000,disarm,disarm
1782484984.401024,209216.000000,disarm,disarm
1782484984.462047,209216.062000,disarm,disarm
1782484984.539660,209216.140000,disarm,disarm
1782484984.602490,209216.203000,disarm,disarm
1782484984.650391,209216.250000,disarm,disarm
1782484984.727482,209216.328000,disarm,disarm
1782484984.789524,209216.390000,disarm,disarm
1782484984.850553,209216.453000,disarm,disarm
1782484984.913163,209216.515000,disarm,disarm
1782484984.975251,209216.578000,disarm,disarm
1782484985.037133,209216.625000,disarm,disarm
1782484985.098029,209216.687000,disarm,disarm
1782484985.159145,209216.750000,disarm,disarm
1782484985.220316,209216.812000,disarm,disarm
1782484985.282776,209216.875000,disarm,disarm
1782484985.344141,209216.937000,disarm,disarm
1782484985.405930,209217.000000,disarm,disarm
1782484985.466749,209217.062000,disarm,disarm
1782484985.527565,209217.125000,disarm,disarm
1782484985.590209,209217.187000,disarm,disarm
1782484985.651665,209217.250000,disarm,disarm
1782484985.714031,209217.312000,disarm,disarm
1782484985.776652,209217.375000,disarm,disarm
1782484985.837962,209217.437000,disarm,disarm
1782484985.900527,209217.500000,disarm,disarm
1782484985.962772,209217.562000,disarm,disarm
1782484986.039587,209217.640000,disarm,disarm
1782484986.101416,209217.703000,disarm,disarm
1782484986.162496,209217.765000,disarm,disarm
1782484986.224144,209217.812000,disarm,disarm
1782484986.285101,209217.875000,disarm,disarm
1782484986.348222,209217.937000,disarm,disarm
1782484986.410662,209218.000000,disarm,disarm
1782484986.472504,209218.062000,disarm,disarm
1782484986.534003,209218.125000,disarm,disarm
1782484986.595042,209218.187000,disarm,disarm
1782484986.682043,209218.281000,disarm,disarm
1782484986.719990,209218.312000,disarm,disarm
1782484986.780875,209218.375000,disarm,disarm
1782484986.841867,209218.437000,disarm,disarm
1782484986.905645,209218.500000,disarm,disarm
1782484986.967755,209218.562000,disarm,disarm
1782484987.030042,209218.625000,disarm,disarm
1782484987.090863,209218.687000,disarm,disarm
1782484987.151880,209218.750000,disarm,disarm
1782484987.214337,209218.812000,disarm,disarm
1782484987.275645,209218.875000,disarm,disarm
1782484987.352031,209218.953000,disarm,disarm
1782484987.412689,209219.015000,disarm,disarm
1782484987.474435,209219.062000,disarm,disarm
1782484987.536680,209219.125000,disarm,disarm
1782484987.598165,209219.187000,disarm,disarm
1782484987.659372,209219.250000,disarm,disarm
1782484987.720654,209219.312000,disarm,disarm
1782484987.782458,209219.375000,disarm,disarm
1782484987.843120,209219.437000,disarm,disarm
1782484987.905493,209219.500000,disarm,disarm
1782484987.966600,209219.562000,disarm,disarm
1782484988.027772,209219.625000,disarm,disarm
1782484988.089334,209219.687000,disarm,disarm
1782484988.151005,209219.750000,disarm,disarm
1782484988.213538,209219.812000,disarm,disarm
1782484988.274346,209219.875000,disarm,disarm
1782484988.352762,209219.953000,disarm,disarm
1782484988.413891,209220.015000,disarm,disarm
1782484988.476165,209220.078000,disarm,disarm
1782484988.538914,209220.140000,disarm,disarm
1782484988.598886,209220.187000,disarm,disarm
1782484988.660083,209220.250000,disarm,disarm
1782484988.724320,209220.312000,disarm,disarm
1782484988.786276,209220.375000,disarm,disarm
1782484988.847968,209220.437000,disarm,disarm
1782484988.909673,209220.500000,disarm,disarm
1782484988.970706,209220.562000,disarm,disarm
1782484989.031225,209220.625000,disarm,disarm
1782484989.093019,209220.687000,disarm,disarm
1782484989.154676,209220.750000,disarm,disarm
1782484989.216312,209220.812000,disarm,disarm
1782484989.279381,209220.875000,disarm,disarm
1782484989.340229,209220.937000,disarm,disarm
1782484989.402568,209221.000000,disarm,disarm
1782484989.463707,209221.062000,disarm,disarm
1782484989.525082,209221.125000,disarm,disarm
1782484989.594068,209221.187000,disarm,disarm
1782484989.655127,209221.250000,disarm,disarm
1782484989.714059,209221.312000,disarm,disarm
1782484989.781577,209221.375000,disarm,disarm
1782484989.847413,209221.437000,disarm,disarm
1782484989.912224,209221.500000,disarm,disarm
1782484989.974504,209221.562000,disarm,disarm
1782484990.029960,209221.625000,disarm,disarm
1782484990.089736,209221.687000,disarm,disarm
1782484990.155804,209221.750000,disarm,disarm
1782484990.216553,209221.812000,disarm,disarm
1782484990.276574,209221.875000,disarm,disarm
1782484990.344376,209221.937000,disarm,disarm
1782484990.404359,209222.000000,disarm,disarm
1782484990.469609,209222.062000,disarm,disarm
1782484990.525729,209222.125000,disarm,disarm
1782484990.589985,209222.187000,disarm,disarm
1782484990.656397,209222.250000,disarm,disarm
1782484990.713107,209222.312000,disarm,disarm
1782484990.754233,209222.343000,arm,arm
1782484990.778125,209222.375000,disarm,disarm
1782484990.842689,209222.437000,disarm,disarm
1782484990.904744,209222.500000,disarm,disarm
1782484990.967439,209222.562000,disarm,disarm
1782484991.029179,209222.625000,disarm,disarm
1782484991.091828,209222.687000,disarm,disarm
1782484991.153325,209222.750000,disarm,disarm
1782484991.239836,209222.828000,disarm,disarm
1782484991.277071,209222.875000,disarm,disarm
1782484991.339714,209222.937000,disarm,disarm
1782484991.400672,209223.000000,disarm,disarm
1782484991.463504,209223.062000,disarm,disarm
1782484991.525759,209223.125000,disarm,disarm
1782484991.587496,209223.187000,disarm,disarm
1782484991.664085,209223.265000,disarm,disarm
1782484991.726311,209223.328000,disarm,disarm
1782484991.787577,209223.390000,disarm,disarm
1782484991.843925,209223.437000,disarm,disarm
1782484991.904515,209223.500000,disarm,disarm
1782484991.964854,209223.562000,disarm,disarm
1782484992.031353,209223.625000,disarm,disarm
1782484992.091521,209223.687000,disarm,disarm
1782484992.151855,209223.750000,disarm,disarm
1782484992.217583,209223.812000,disarm,disarm
1782484992.279643,209223.875000,disarm,disarm
1782484992.341678,209223.937000,disarm,disarm
1782484992.404246,209224.000000,disarm,disarm
1782484992.465932,209224.062000,disarm,disarm
1782484992.526893,209224.125000,disarm,disarm
1782484992.588584,209224.187000,disarm,disarm
1782484992.650550,209224.250000,disarm,disarm
1782484992.726938,209224.328000,disarm,disarm
1782484992.789109,209224.390000,disarm,disarm
1782484992.850924,209224.453000,disarm,disarm
1782484992.913860,209224.515000,disarm,disarm
1782484992.976216,209224.578000,disarm,disarm
1782484993.037678,209224.640000,disarm,disarm
1782484993.100492,209224.703000,disarm,disarm
1782484993.161835,209224.750000,disarm,disarm
1782484993.224324,209224.812000,disarm,disarm
1782484993.283617,209224.875000,disarm,disarm
1782484993.344934,209224.937000,disarm,disarm
1782484993.406578,209225.000000,disarm,disarm
1782484993.468890,209225.062000,disarm,disarm
1782484993.530839,209225.125000,disarm,disarm
1782484993.593421,209225.187000,disarm,disarm
1782484993.656368,209225.250000,disarm,disarm
1782484993.718282,209225.312000,disarm,disarm
1782484993.780944,209225.375000,disarm,disarm
1782484993.841998,209225.437000,disarm,disarm
1782484993.902405,209225.500000,disarm,disarm
1782484993.967320,209225.562000,disarm,disarm
1782484994.026226,209225.625000,disarm,disarm
1782484994.087712,209225.687000,disarm,disarm
1782484994.150319,209225.750000,disarm,disarm
1782484994.226626,209225.828000,disarm,disarm
1782484994.288689,209225.890000,disarm,disarm
1782484994.341269,209225.937000,disarm,disarm
1782484994.402202,209226.000000,disarm,disarm
1782484994.469041,209226.062000,disarm,disarm
1782484994.536573,209226.125000,disarm,disarm
1782484994.596632,209226.187000,disarm,disarm
1782484994.658689,209226.250000,disarm,disarm
1782484994.721447,209226.312000,disarm,disarm
1782484994.784144,209226.375000,disarm,disarm
1782484994.844569,209226.437000,disarm,disarm
1782484994.908595,209226.500000,disarm,disarm
1782484994.964621,209226.562000,disarm,disarm
1782484995.032482,209226.625000,disarm,disarm
1782484995.092446,209226.687000,disarm,disarm
1782484995.151474,209226.750000,disarm,disarm
1782484995.217287,209226.812000,disarm,disarm
1782484995.278875,209226.875000,disarm,disarm
1782484995.340548,209226.937000,disarm,disarm
1782484995.402211,209227.000000,disarm,disarm
1782484995.464412,209227.062000,disarm,disarm
1782484995.526421,209227.125000,disarm,disarm
1782484995.588823,209227.187000,disarm,disarm
1782484995.651313,209227.250000,disarm,disarm
1782484995.737324,209227.328000,disarm,disarm
1782484995.781812,209227.375000,disarm,disarm
1782484995.840782,209227.437000,disarm,disarm
1782484995.911608,209227.500000,disarm,disarm
1782484995.970251,209227.562000,disarm,disarm
1782484996.036013,209227.625000,disarm,disarm
1782484996.097926,209227.687000,disarm,disarm
1782484996.160283,209227.750000,disarm,disarm
1782484996.222142,209227.812000,disarm,disarm
1782484996.284393,209227.875000,disarm,disarm
1782484996.346159,209227.937000,disarm,disarm
1782484996.404115,209228.000000,disarm,disarm
1782484996.463733,209228.062000,disarm,disarm
1782484996.655582,209228.250000,session,end complete
