index,time_ms,voltage_V

0,2,1.721045
1,4,2.012257
2,6,1.153147
3,8,0.339367
4,10,0.755035
5,12,1.720687
6,14,2.164607
7,16,1.153806
8,18,0.339552
9,20,0.754356
10,22,1.720093
11,24,2.012695
12,26,1.154585
13,28,0.339920
14,30,0.754046
15,32,1.719675
16,34,2.012843
17,36,1.154700
18,38,0.340220
19,40,0.753439
20,42,1.719309
21,44,2.164618
22,46,1.155148
23,48,0.340244
24,50,0.753159
25,52,1.718874
26,54,2.013681
27,56,1.155798
28,58,0.340465
29,60,0.752970
30,62,1.718529
31,64,2.013836
32,66,1.156425
33,68,0.340709
34,70,0.752110
35,72,1.717950
36,74,2.164302
37,76,1.156747
38,78,0.341177
39,80,0.751645
40,82,1.717567
41,84,2.014475
42,86,1.157181
43,88,0.341229
44,90,0.751345
45,92,1.717163
46,94,2.014960
47,96,1.157676
48,98,0.341410
49,100,0.751036
50,102,1.716718
51,104,2.164536
52,106,1.158091
53,108,0.341502
54,110,0.750454
55,112,1.716240
56,114,2.015014
57,116,1.158781
58,118,0.341851
59,120,0.749954
60,122,1.715907
61,124,2.015287
62,126,1.159162
63,128,0.342264
64,130,0.749575
65,132,1.715693
66,134,2.164950
67,136,1.159529
68,138,0.342277
69,140,0.748859
70,142,1.714887
71,144,2.016109
72,146,1.160204
73,148,0.342782
74,150,0.748970
75,152,1.714680
76,154,2.016362
77,156,1.160931
78,158,0.342441
79,160,0.748423
80,162,1.714285
81,164,2.016523
82,166,1.161259
83,168,0.342927
84,170,0.747862
85,172,1.714003
86,174,2.016660
87,176,1.161649
88,178,0.343413
89,180,0.747477
90,182,1.713417
91,184,2.016920
92,186,1.162179
93,188,0.343689
94,190,0.747045
95,192,1.713024
96,194,2.017210
97,196,1.162597
98,198,0.344007
99,200,0.746774
100,202,1.712655
101,204,2.017584
102,206,1.163235
103,208,0.343877
104,210,0.746180
105,212,1.712241
106,214,2.017874
107,216,1.163686
108,218,0.343994
109,220,0.745546
110,222,1.711836
111,224,2.018200
112,226,1.164232
113,228,0.344528
114,230,0.745316
115,232,1.711332
116,234,2.018175
117,236,1.164513
118,238,0.344811
119,240,0.744650
120,242,1.710801
121,244,2.018836
122,246,1.165090
123,248,0.344961
124,250,0.744380
125,252,1.710526
126,254,2.018923
127,256,1.165585
128,258,0.344815
129,260,0.743981
130,262,1.710135
131,264,2.019068
132,266,1.166382
133,268,0.345276
134,270,0.743514
135,272,1.709623
136,274,2.019180
137,276,1.166695
138,278,0.346107
139,280,0.742967
140,282,1.709115
141,284,2.019632
142,286,1.166950
143,288,0.345573
144,290,0.742267
145,292,1.708720
146,294,2.019808
147,296,1.167688
148,298,0.346181
149,300,0.742324
150,302,1.708458
151,304,2.020182
152,306,1.168064
153,308,0.345992
154,310,0.741870
155,312,1.708226
156,314,2.020206
157,316,1.168733
158,318,0.346368
159,320,0.741282
160,322,1.707607
161,324,2.020652
162,326,1.169149
163,328,0.346928
164,330,0.740699
165,332,1.707094
166,334,2.020760
167,336,1.169474
168,338,0.346959
169,340,0.740047
170,342,1.706507
171,344,2.021014
172,346,1.169869
173,348,0.346985
174,350,0.739912
175,352,1.706135
176,354,2.021398
177,356,1.170417
178,358,0.346820
179,360,0.739538
180,362,1.705974
181,364,2.021409
182,366,1.171237
183,368,0.347772
184,370,0.738990
185,372,1.705497
186,374,2.021864
187,376,1.171418
188,378,0.347988
189,380,0.738587
190,382,1.705145
191,384,2.022263
192,386,1.171763
193,388,0.348061
194,390,0.738239
195,392,1.704621
196,394,2.022471
197,396,1.172554
198,398,0.348493
199,400,0.738031
200,402,1.704202
201,404,2.022871
202,406,1.173086
203,408,0.348594
204,410,0.737706
205,412,1.703967
206,414,2.022991
207,416,1.173599
208,418,0.348959
209,420,0.736756
210,422,1.703267
211,424,2.023089
212,426,1.174045
213,428,0.349292
214,430,0.736459
215,432,1.703197
216,434,2.023555
217,436,1.174415
218,438,0.349308
219,440,0.736275
220,442,1.702344
221,444,2.023996
222,446,1.175097
223,448,0.349543
224,450,0.735594
225,452,1.701899
226,454,2.023958
227,456,1.175271
228,458,0.349730
229,460,0.735477
230,462,1.701873
231,464,2.024453
232,466,1.176164
233,468,0.349983
234,470,0.734473
235,472,1.701252
236,474,2.024576
237,476,1.176737
238,478,0.350624
239,480,0.734339
240,482,1.700903
241,484,2.024846
242,486,1.176634
243,488,0.350394
244,490,0.733928
245,492,1.700543
246,494,2.025280
247,496,1.177520
248,498,0.350779
249,500,0.733722
250,502,1.700134
251,504,2.025413
252,506,1.178118
253,508,0.350724
254,510,0.733154
255,512,1.699713
256,514,2.025204
257,516,1.178366
258,518,0.351477
259,520,0.732387
260,522,1.699088
261,524,2.025908
262,526,1.179160
263,528,0.351583
264,530,0.732240
265,532,1.698689
266,534,2.025987
267,536,1.179573
268,538,0.351804
269,540,0.731661
270,542,1.698408
271,544,2.026627
272,546,1.180158
273,548,0.352260
274,550,0.731657
275,552,1.697763
276,554,2.026567
277,556,1.180626
278,558,0.352158
279,560,0.730886
280,562,1.697526
281,564,2.026860
282,566,1.181118
283,568,0.352403
284,570,0.730329
285,572,1.696982
286,574,2.027048
287,576,1.181415
288,578,0.352799
289,580,0.729892
290,582,1.696584
291,584,2.027418
292,586,1.181898
293,588,0.352972
294,590,0.729539
295,592,1.696228
296,594,2.027888
297,596,1.182566
298,598,0.353440
299,600,0.729420
300,602,1.695672
301,604,2.027947
302,606,1.183026
303,608,0.353216
304,610,0.728951
305,612,1.695538
306,614,2.028081
307,616,1.183609
308,618,0.353893
309,620,0.728295
310,622,1.694812
311,624,2.028157
312,626,1.183879
313,628,0.354157
314,630,0.728085
315,632,1.694490
316,634,2.028404
317,636,1.184296
318,638,0.354469
319,640,0.727421
320,642,1.693961
321,644,2.028931
322,646,1.184902
323,648,0.354573
324,650,0.727233
325,652,1.693463
326,654,2.029318
327,656,1.185197
328,658,0.354123
329,660,0.726644
330,662,1.693314
331,664,2.029509
332,666,1.185962
333,668,0.354917
334,670,0.726029
335,672,1.692879
336,674,2.029932
337,676,1.186588
338,678,0.355472
339,680,0.725718
340,682,1.692467
341,684,2.029914
342,686,1.187015
343,688,0.355516
344,690,0.725172
345,692,1.691887
346,694,2.030253
347,696,1.187390
348,698,0.355715
349,700,0.724945
350,702,1.691543
351,704,2.030445
352,706,1.187937
353,708,0.355585
354,710,0.724542
355,712,1.691137
356,714,2.030730
357,716,1.188448
358,718,0.356086
359,720,0.724059
360,722,1.690680
361,724,2.030750
362,726,1.188936
363,728,0.356627
364,730,0.723649
365,732,1.690413
366,734,2.031089
367,736,1.189271
368,738,0.356426
369,740,0.723073
370,742,1.689489
371,744,2.031601
372,746,1.190014
373,748,0.357008
374,750,0.722751
375,752,1.689238
376,754,2.031605
377,756,1.190299
378,758,0.356787
379,760,0.722552
380,762,1.689054
381,764,2.032023
382,766,1.190988
383,768,0.357349
384,770,0.721876
385,772,1.688754
386,774,2.032395
387,776,1.191490
388,778,0.357865
389,780,0.721375
390,782,1.688188
391,784,2.032550
392,786,1.191998
393,788,0.357951
394,790,0.720702
395,792,1.687499
396,794,2.032925
397,796,1.192490
398,798,0.358270
399,800,0.720934
400,802,1.687307
401,804,2.032981
402,806,1.192988
403,808,0.358109
404,810,0.720204
405,812,1.686853
406,814,2.033272
407,816,1.193498
408,818,0.358390
409,820,0.719433
410,822,1.686185
411,824,2.033350
412,826,1.193878
413,828,0.358748
414,830,0.719320
415,832,1.686048
416,834,2.033675
417,836,1.194111
418,838,0.358980
419,840,0.718542
420,842,1.685296
421,844,2.034089
422,846,1.195033
423,848,0.359393
424,850,0.718577
425,852,1.685087
426,854,2.034428
427,856,1.195327
428,858,0.359169
429,860,0.717893
430,862,1.684424
431,864,2.034539
432,866,1.196100
433,868,0.359974
434,870,0.717276
435,872,1.684232
436,874,2.034385
437,876,1.196098
438,878,0.359932
439,880,0.717054
440,882,1.684128
441,884,2.035285
442,886,1.196788
443,888,0.360344
444,890,0.716807
445,892,1.683486
446,894,2.035381
447,896,1.197258
448,898,0.360221
449,900,0.716422
450,902,1.682895
451,904,2.035526
452,906,1.197997
453,908,0.360719
454,910,0.715928
455,912,1.682534
456,914,2.035860
457,917,0.715010
458,919,0.361349
459,921,1.198664
460,923,2.036122
461,925,1.681833
462,927,0.715239
463,929,0.360996
464,931,1.197937
465,933,2.035748
466,935,1.682583
467,937,0.715690
468,939,0.360807
469,941,1.197542
470,943,2.035691
471,945,1.683064
472,947,0.715984
473,949,0.360853
474,951,1.197119
475,953,2.035243
476,955,1.683481
477,957,0.716636
478,959,0.360571
479,961,1.196617
480,963,2.034775
481,965,1.683906
482,967,0.717171
483,969,0.360026
484,971,1.196080
485,973,2.034720
486,975,1.684054
487,977,0.717530
488,979,0.359765
489,981,1.195531
490,983,2.034697
491,985,1.684873
492,987,0.717893
493,989,0.359522
494,991,1.194945
495,993,2.034214
496,995,1.685280
497,997,0.718251
498,999,0.359397
499,1001,1.194622
500,1003,2.033931
501,1005,1.685581
502,1007,0.718591
503,1009,0.358818
504,1011,1.194117
505,1013,2.033895
506,1015,1.686098
507,1017,0.719443
508,1019,0.358876
509,1021,1.193600
510,1023,2.033392
511,1025,1.686407
512,1027,0.719965
513,1029,0.358556
514,1031,1.193133
515,1033,2.033399
516,1035,1.686711
517,1037,0.720066
518,1039,0.358513
519,1041,1.192722
520,1043,2.033058
521,1045,1.687271
522,1047,0.720545
523,1049,0.358524
524,1051,1.192479
525,1053,2.032754
526,1055,1.687874
527,1057,0.721021
528,1059,0.358054
529,1061,1.192057
530,1063,2.032638
531,1065,1.688297
532,1067,0.721567
533,1069,0.357719
534,1071,1.191358
535,1073,2.032598
536,1075,1.688612
537,1077,0.721826
538,1079,0.357140
539,1081,1.190661
540,1083,2.031906
541,1085,1.688951
542,1087,0.722202
543,1089,0.357306
544,1091,1.190140
545,1093,2.031919
546,1095,1.689579
547,1097,0.722630
548,1099,0.357233
549,1101,1.189733
550,1103,2.031433
551,1105,1.689938
552,1107,0.723204
553,1109,0.356763
554,1111,1.189331
555,1113,2.031185
556,1115,1.690394
557,1117,0.723649
558,1119,0.356573
559,1121,1.188909
560,1123,2.031196
561,1125,1.690540
562,1127,0.724011
563,1129,0.356347
564,1131,1.188451
565,1133,2.030893
566,1135,1.691300
567,1137,0.724557
568,1139,0.355959
569,1141,1.187520
570,1143,2.030414
571,1145,1.691472
572,1147,0.724759
573,1149,0.356076
574,1151,1.187233
575,1153,2.030135
576,1155,1.691975
577,1157,0.725103
578,1159,0.355296
579,1161,1.186876
580,1163,2.030143
581,1165,1.692723
582,1167,0.726109
583,1169,0.355285
584,1171,1.186287
585,1173,2.029866
586,1175,1.693278
587,1177,0.726456
588,1179,0.355010
589,1181,1.185657
590,1183,2.029505
591,1185,1.693441
592,1187,0.726670
593,1189,0.355017
594,1191,1.185482
595,1193,2.029558
596,1195,1.693686
597,1197,0.726846
598,1199,0.354669
599,1201,1.184947
600,1203,2.029005
601,1205,1.694192
602,1207,0.727412
603,1209,0.354354
604,1211,1.184569
605,1213,2.028905
606,1215,1.694748
607,1217,0.727942
608,1219,0.353796
609,1221,1.183823
610,1223,2.028494
611,1225,1.695225
612,1227,0.728639
613,1229,0.353842
614,1231,1.183393
615,1233,2.028361
616,1235,1.695448
617,1237,0.728541
618,1239,0.353574
619,1241,1.182458
620,1243,2.027973
621,1245,1.695994
622,1247,0.729022
623,1249,0.353454
624,1251,1.182250
625,1253,2.027705
626,1255,1.696334
627,1257,0.729779
628,1259,0.353120
629,1261,1.181968
630,1263,2.027626
631,1265,1.696862
632,1267,0.730270
633,1269,0.352712
634,1271,1.181338
635,1273,2.027345
636,1275,1.697006
637,1277,0.730654
638,1279,0.352651
639,1281,1.180808
640,1283,2.027037
641,1285,1.697637
642,1287,0.731011
643,1289,0.352566
644,1291,1.180218
645,1293,2.026609
646,1295,1.697989
647,1297,0.731350
648,1299,0.352529
649,1301,1.179903
650,1303,2.026316
651,1305,1.698373
652,1307,0.731814
653,1309,0.351993
654,1311,1.179409
655,1313,2.026455
656,1315,1.699088
657,1317,0.732569
658,1319,0.351427
659,1321,1.178686
660,1323,2.025991
661,1325,1.698978
662,1327,0.732834
663,1329,0.351474
664,1331,1.178377
665,1333,2.025912
666,1335,1.699701
667,1337,0.733093
668,1339,0.351242
669,1341,1.177752
670,1343,2.025323
671,1345,1.700111
672,1347,0.733418
673,1349,0.351178
674,1351,1.177437
675,1353,2.024971
676,1355,1.700570
677,1357,0.733990
678,1359,0.350848
679,1361,1.177025
680,1363,2.025105
681,1365,1.701174
682,1367,0.734631
683,1369,0.350235
684,1371,1.176265
685,1373,2.024659
686,1375,1.701281
687,1377,0.735091
688,1379,0.350005
689,1381,1.175682
690,1383,2.024478
691,1385,1.701999
692,1387,0.735164
693,1389,0.350113
694,1391,1.175188
695,1393,2.024122
696,1395,1.702487
697,1397,0.735692
698,1399,0.349930
699,1401,1.175044
700,1403,2.023761
701,1405,1.702431
702,1407,0.735857
703,1409,0.349440
704,1411,1.174561
705,1413,2.023686
706,1415,1.703232
707,1417,0.736914
708,1419,0.349161
709,1421,1.173975
710,1423,2.023335
711,1425,1.703626
712,1427,0.737291
713,1429,0.349041
714,1431,1.173258
715,1433,2.022975
716,1435,1.703484
717,1437,0.737319
718,1439,0.348980
719,1441,1.172734
720,1443,2.022974
721,1445,1.704461
722,1447,0.737798
723,1449,0.349027
724,1451,1.172575
725,1453,2.022582
726,1455,1.704739
727,1457,0.738182
728,1459,0.348268
729,1461,1.172014
730,1463,2.022303
731,1465,1.705392
732,1467,0.739186
733,1469,0.347978
734,1471,1.171253
735,1473,2.022084
736,1475,1.705261
737,1477,0.739165
738,1479,0.347910
739,1481,1.171034
740,1483,2.021764
741,1485,1.705926
742,1487,0.739567
743,1489,0.347603
744,1491,1.170534
745,1493,2.021619
746,1495,1.706662
747,1497,0.740334
748,1499,0.347434
749,1501,1.170014
750,1503,2.021427
751,1505,1.706903
752,1507,0.740502
753,1509,0.347123
754,1511,1.169632
755,1513,2.020925
756,1515,1.707228
757,1517,0.741097
758,1519,0.346904
759,1521,1.168975
760,1523,2.020805
761,1525,1.707770
762,1527,0.741705
763,1529,0.346785
764,1531,1.168556
765,1533,2.020712
766,1535,1.707979
767,1537,0.741723
768,1539,0.346623
769,1541,1.168064
770,1543,2.020316
771,1545,1.708502
772,1547,0.742331
773,1549,0.346361
774,1551,1.167475
775,1553,2.019890
776,1555,1.709007
777,1557,0.742382
778,1559,0.346002
779,1561,1.166949
780,1563,2.019578
781,1565,1.709399
782,1567,0.743132
783,1569,0.345300
784,1571,1.166237
785,1573,2.019400
786,1575,1.709598
787,1577,0.743562
788,1579,0.345200
789,1581,1.165836
790,1583,2.018824
791,1585,1.709964
792,1587,0.743933
793,1589,0.345530
794,1591,1.165389
795,1593,2.018843
796,1595,1.710646
797,1597,0.744355
798,1599,0.345131
799,1601,1.165012
800,1603,2.018550
801,1605,1.711043
802,1607,0.744672
803,1609,0.345065
804,1611,1.164664
805,1613,2.018292
806,1615,1.711596
807,1617,0.745694
808,1619,0.344373
809,1621,1.163819
810,1623,2.018082
811,1625,1.711809
812,1627,0.745634
813,1629,0.344335
814,1631,1.163313
815,1633,2.017938
816,1635,1.712043
817,1637,0.746017
818,1639,0.344100
819,1641,1.163151
820,1643,2.017681
821,1645,1.712777
822,1647,0.746446
823,1649,0.344155
824,1651,1.162502
825,1653,2.017335
826,1655,1.713131
827,1657,0.746851
828,1659,0.343490
829,1661,1.162201
830,1663,2.017166
831,1665,1.713677
832,1667,0.747676
833,1669,0.343292
834,1671,1.161594
835,1673,2.016971
836,1675,1.713740
837,1677,0.747758
838,1679,0.343086
839,1681,1.160950
840,1683,2.016639
841,1685,1.714309
842,1687,0.748306
843,1689,0.343136
844,1691,1.160692
845,1693,2.016488
846,1695,1.714935
847,1697,0.748594
848,1699,0.342726
849,1701,1.160233
850,1703,2.016156
851,1705,1.715130
852,1707,0.748983
853,1709,0.342484
854,1711,1.159528
855,1713,2.015642
856,1715,1.715623
857,1717,0.749739
858,1719,0.342178
859,1721,1.159142
860,1723,2.015562
861,1725,1.715936
862,1727,0.750122
863,1729,0.342018
864,1731,1.158575
865,1733,2.015242
866,1735,1.716249
867,1737,0.750336
868,1739,0.341600
869,1741,1.157754
870,1743,2.014738
871,1745,1.717064
872,1747,0.750926
873,1749,0.341598
874,1751,1.157654
875,1753,2.014651
876,1755,1.717220
877,1757,0.751233
878,1759,0.341129
879,1761,1.157168
880,1763,2.164459
881,1765,1.717670
882,1767,0.751885
883,1769,0.340982
884,1771,1.156469
885,1773,2.014168
886,1775,1.718181
887,1777,0.752384
888,1779,0.340880
889,1781,1.156019
890,1783,2.014179
891,1785,1.718499
892,1787,0.752614
893,1789,0.340738
894,1791,1.155577
895,1793,2.164591
896,1795,1.719063
897,1797,0.753193
898,1799,0.340703
899,1801,1.155378
900,1803,2.013540
901,1805,1.719443
902,1807,0.753499
903,1809,0.340015
904,1811,1.154555
905,1813,2.012873
906,1815,1.719667
907,1817,0.754309
908,1819,0.339844
909,1821,1.153876
910,1823,2.164519
911,1825,1.720036
912,1827,0.754578
913,1829,0.339889
914,1831,1.153784
915,1833,2.012649
916,1835,1.720297
917,1837,0.754433
918,1839,0.339216
919,1841,1.152785
920,1843,2.012208
921,1845,1.721058
922,1847,0.755252
923,1849,0.339404
924,1851,1.152595
925,1853,2.164612
926,1855,1.721400
927,1857,0.755480
928,1859,0.338876
929,1861,1.152084
930,1863,2.011701
931,1865,1.722123
932,1867,0.756502
933,1869,0.338375
934,1871,1.151368
935,1873,2.011474
936,1875,1.722253
937,1877,0.756836
938,1879,0.338582
939,1881,1.150975
940,1883,2.164312
941,1885,1.722673
942,1887,0.756839
943,1889,0.338333
944,1891,1.150460
945,1893,2.010745
946,1895,1.723142
947,1897,0.757664
948,1899,0.338329
949,1901,1.150227
950,1903,2.010557
951,1905,1.723611
952,1907,0.757986
953,1909,0.337750
954,1911,1.149614
955,1913,2.164199
956,1915,1.724012
957,1917,0.758591
958,1919,0.337495
959,1921,1.149014
960,1923,2.009845
961,1925,1.724054
962,1927,0.758592
963,1929,0.337234
964,1931,1.148460
965,1933,2.163870
966,1935,1.724582
967,1937,0.758988
968,1939,0.337101
969,1941,1.148048
970,1943,2.163929
971,1945,1.724966
972,1947,0.759630
973,1949,0.337281
974,1951,1.147753
975,1953,2.009005
976,1955,1.725518
977,1957,0.760131
978,1959,0.336686
979,1961,1.147201
980,1963,2.008886
981,1965,1.725877
982,1967,0.760657
983,1969,0.336217
984,1971,1.146594
985,1973,2.163902
986,1975,1.726124
987,1977,0.761149
988,1979,0.336162
989,1981,1.146093
990,1983,2.008616
991,1985,1.726630
992,1987,0.761311
993,1989,0.335948
994,1991,1.145337
995,1993,2.164038
996,1995,1.727345
997,1997,0.761870
998,1999,0.336079
999,2001,1.145027
1000,2003,2.163881
1001,2005,1.727618
1002,2007,0.762107
1003,2009,0.335334
1004,2011,1.144561
1005,2013,2.164038
1006,2015,1.728222
1007,2017,0.762894
1008,2019,0.335545
1009,2021,1.144200
1010,2024,2.061500
1011,2026,1.252939
1012,2028,0.233202
1013,2030,0.668691
1014,2032,1.633927
1015,2034,2.061923
1016,2036,1.253551
1017,2038,0.233237
1018,2040,0.668058
1019,2042,1.633377
1020,2044,2.062241
1021,2046,1.253969
1022,2048,0.390151
1023,2050,0.667830
1024,2052,1.632464
1025,2054,2.062486
1026,2056,1.254451
1027,2058,0.232839
1028,2060,0.667234
1029,2062,1.632185
1030,2064,2.062512
1031,2066,1.254960
1032,2068,0.233007
1033,2070,0.666681
1034,2072,1.632039
1035,2074,2.062996
1036,2076,1.255613
1037,2078,0.233419
1038,2080,0.666497
1039,2082,1.631482
1040,2084,2.063191
1041,2086,1.255858
1042,2088,0.233058
1043,2090,0.665813
1044,2092,1.630702
1045,2094,2.063188
1046,2096,1.256543
1047,2098,0.233406
1048,2100,0.665961
1049,2102,1.630565
1050,2104,2.063336
1051,2106,1.257019
1052,2108,0.233013
1053,2110,0.665391
1054,2112,1.630282
1055,2114,2.063578
1056,2116,1.257611
1057,2118,0.233246
1058,2120,0.664744
1059,2122,1.629602
1060,2124,2.064022
1061,2126,1.258183
1062,2128,0.233438
1063,2130,0.664159
1064,2132,1.629246
1065,2134,2.064159
1066,2136,1.258234
1067,2138,0.233490
1068,2140,0.663835
1069,2142,1.628585
1070,2144,2.064375
1071,2146,1.259068
1072,2148,0.233570
1073,2150,0.663753
1074,2152,1.628287
1075,2154,2.064770
1076,2156,1.259630
1077,2158,0.233154
1078,2160,0.663347
1079,2162,1.628109
1080,2164,2.065019
1081,2166,1.260170
1082,2168,0.233295
1083,2170,0.662557
1084,2172,1.627468
1085,2174,2.065170
1086,2176,1.260715
1087,2178,0.233785
1088,2180,0.662385
1089,2182,1.627007
1090,2184,2.065380
1091,2186,1.260750
1092,2188,0.233509
1093,2190,0.661760
1094,2192,1.626442
1095,2194,2.065539
1096,2196,1.261292
1097,2198,0.233515
1098,2200,0.661426
1099,2202,1.625989
1100,2204,2.065719
1101,2206,1.261857
1102,2208,0.233192
1103,2210,0.660869
1104,2212,1.625432
1105,2214,2.065750
1106,2216,1.262641
1107,2218,0.233457
1108,2220,0.660300
1109,2222,1.625088
1110,2224,2.066237
1111,2226,1.262901
1112,2228,0.233893
1113,2230,0.660313
1114,2232,1.624899
1115,2234,2.066399
1116,2236,1.263194
1117,2238,0.233599
1118,2240,0.659787
1119,2242,1.624234
1120,2244,2.067027
1121,2246,1.264183
1122,2248,0.233666
1123,2250,0.659635
1124,2252,1.623868
1125,2254,2.066603
1126,2256,1.264292
1127,2258,0.233157
1128,2260,0.658892
1129,2262,1.623457
1130,2264,2.066905
1131,2266,1.264893
1132,2268,0.233480
1133,2270,0.658428
1134,2272,1.623358
1135,2274,2.067306
1136,2276,1.265351
1137,2278,0.233725
1138,2280,0.658012
1139,2282,1.622589
1140,2284,2.067427
1141,2286,1.265684
1142,2288,0.233688
1143,2290,0.657579
1144,2292,1.621810
1145,2294,2.067694
1146,2296,1.266552
1147,2298,0.234015
1148,2300,0.657493
1149,2302,1.621561
1150,2304,2.067579
1151,2306,1.266868
1152,2308,0.233334
1153,2310,0.656875
1154,2312,1.621198
1155,2314,2.068119
1156,2316,1.267571
1157,2318,0.233887
1158,2320,0.656342
1159,2322,1.620546
1160,2324,2.068241
1161,2326,1.267846
1162,2328,0.234256
1163,2330,0.655885
1164,2332,1.620151
1165,2334,2.068657
1166,2336,1.268325
1167,2338,0.233944
1168,2340,0.655450
1169,2342,1.619573
1170,2344,2.068565
1171,2346,1.268913
1172,2348,0.233837
1173,2350,0.655539
1174,2352,1.619352
1175,2354,2.069041
1176,2356,1.269350
1177,2358,0.233904
1178,2360,0.655094
1179,2362,1.619223
1180,2364,2.069355
1181,2366,1.270202
1182,2368,0.233863
1183,2370,0.654388
1184,2372,1.618412
1185,2374,2.069171
1186,2376,1.270368
1187,2378,0.234513
1188,2380,0.654108
1189,2382,1.618029
1190,2384,2.069737
1191,2386,1.270955
1192,2388,0.234192
1193,2390,0.653631
1194,2392,1.617440
1195,2394,2.069879
1196,2396,1.271458
1197,2398,0.234433
1198,2400,0.653576
1199,2402,1.617465
1200,2404,2.070001
1201,2406,1.271671
1202,2408,0.234047
1203,2410,0.653036
1204,2412,1.616906
1205,2414,2.070413
1206,2416,1.272544
1207,2418,0.234018
1208,2420,0.652376
1209,2422,1.616263
1210,2424,2.070596
1211,2426,1.273011
1212,2428,0.234632
1213,2430,0.651986
1214,2432,1.616036
1215,2434,2.070819
1216,2436,1.273109
1217,2438,0.234096
1218,2440,0.651507
1219,2442,1.615092
1220,2444,2.070822
1221,2446,1.273712
1222,2448,0.234403
1223,2450,0.651186
1224,2452,1.614902
1225,2454,2.071022
1226,2456,1.274185
1227,2458,0.234240
1228,2460,0.651084
1229,2462,1.614647
1230,2464,2.071441
1231,2466,1.274958
1232,2468,0.234465
1233,2470,0.650245
1234,2472,1.613919
1235,2474,2.071411
1236,2476,1.275169
1237,2478,0.234617
1238,2480,0.649907
1239,2482,1.613778
1240,2484,2.071905
1241,2486,1.275594
1242,2488,0.234400
1243,2490,0.649630
1244,2492,1.613026
1245,2494,2.072151
1246,2496,1.276325
1247,2498,0.234345
1248,2500,0.649116
1249,2502,1.612693
1250,2504,2.072137
1251,2506,1.277002
1252,2508,0.234535
1253,2510,0.649182
1254,2512,1.612417
1255,2514,2.072686
1256,2516,1.277482
1257,2518,0.234767
1258,2520,0.648381
1259,2522,1.611971
1260,2524,2.072756
1261,2526,1.277857
1262,2528,0.234854
1263,2530,0.647745
1264,2532,1.611244
1265,2534,2.072709
1266,2536,1.278129
1267,2538,0.234612
1268,2540,0.647347
1269,2542,1.610752
1270,2544,2.073045
1271,2546,1.278735
1272,2548,0.234945
1273,2550,0.647474
1274,2552,1.610420
1275,2554,2.073121
1276,2556,1.279403
1277,2558,0.234616
1278,2560,0.646821
1279,2562,1.610128
1280,2564,2.073557
1281,2566,1.279783
1282,2568,0.234703
1283,2570,0.646314
1284,2572,1.609602
1285,2574,2.073593
1286,2576,1.280088
1287,2578,0.235090
1288,2580,0.645868
1289,2582,1.609348
1290,2584,2.073862
1291,2586,1.280659
1292,2588,0.234744
1293,2590,0.645591
1294,2592,1.608737
1295,2594,2.074240
1296,2596,1.281333
1297,2598,0.235204
1298,2600,0.645303
1299,2602,1.608271
1300,2604,2.074307
1301,2606,1.281769
1302,2608,0.234992
1303,2610,0.644737
1304,2612,1.607884
1305,2614,2.074560
1306,2616,1.282378
1307,2618,0.234826
1308,2620,0.644221
1309,2622,1.607392
1310,2624,2.074950
1311,2626,1.282831
1312,2628,0.235299
1313,2630,0.643632
1314,2632,1.607019
1315,2634,2.075071
1316,2636,1.283114
1317,2638,0.235313
1318,2640,0.643281
1319,2642,1.606175
1320,2644,2.075143
1321,2646,1.283637
1322,2648,0.235175
1323,2650,0.643166
1324,2652,1.605968
1325,2654,2.075101
1326,2656,1.284112
1327,2658,0.234832
1328,2660,0.642413
1329,2662,1.605511
1330,2664,2.075746
1331,2666,1.285105
1332,2668,0.235024
1333,2670,0.641998
1334,2672,1.604888
1335,2674,2.075560
1336,2676,1.285119
1337,2678,0.235562
1338,2680,0.641709
1339,2682,1.604751
1340,2684,2.076115
1341,2686,1.285567
1342,2688,0.235485
1343,2690,0.641608
1344,2692,1.604178
1345,2694,2.076186
1346,2696,1.286251
1347,2698,0.235430
1348,2700,0.641220
1349,2702,1.603577
1350,2704,2.076444
1351,2706,1.286602
1352,2708,0.235099
1353,2710,0.640635
1354,2712,1.603260
1355,2714,2.076654
1356,2716,1.287080
1357,2718,0.235377
1358,2720,0.639995
1359,2722,1.602674
1360,2724,2.076478
1361,2726,1.287371
1362,2728,0.235744
1363,2730,0.639841
1364,2732,1.602492
1365,2734,2.076835
1366,2736,1.287984
1367,2738,0.235631
1368,2740,0.639297
1369,2742,1.601720
1370,2744,2.077343
1371,2746,1.288877
1372,2748,0.236049
1373,2750,0.639266
1374,2752,1.601617
1375,2754,2.077558
1376,2756,1.289294
1377,2758,0.235604
1378,2760,0.638768
1379,2762,1.601156
1380,2764,2.077821
1381,2766,1.290002
1382,2768,0.235600
1383,2770,0.638198
1384,2772,1.600577
1385,2774,2.077913
1386,2776,1.289934
1387,2778,0.235838
1388,2780,0.637816
1389,2782,1.600284
1390,2784,2.078263
1391,2786,1.290490
1392,2788,0.235923
1393,2790,0.637417
1394,2792,1.599450
1395,2794,2.078144
1396,2796,1.291086
1397,2798,0.236160
1398,2800,0.637164
1399,2802,1.599321
1400,2804,2.078587
1401,2806,1.291541
1402,2808,0.235771
1403,2810,0.636628
1404,2812,1.598971
1405,2814,2.078622
1406,2816,1.292297
1407,2818,0.235758
1408,2820,0.635960
1409,2822,1.598359
1410,2824,2.078915
1411,2826,1.292641
1412,2828,0.235808
1413,2830,0.635506
1414,2832,1.597932
1415,2834,2.079186
1416,2836,1.293057
1417,2838,0.236073
1418,2840,0.635195
1419,2842,1.597057
1420,2844,2.079293
1421,2846,1.293298
1422,2848,0.236110
1423,2850,0.635035
1424,2852,1.596865
1425,2854,2.079606
1426,2856,1.294176
1427,2858,0.236013
1428,2860,0.634671
1429,2862,1.596603
1430,2864,2.079696
1431,2866,1.294771
1432,2868,0.236116
1433,2870,0.633659
1434,2872,1.595948
1435,2874,2.079640
1436,2876,1.294848
1437,2878,0.236619
1438,2880,0.633883
1439,2882,1.595667
1440,2884,2.080144
1441,2886,1.295434
1442,2888,0.236556
1443,2890,0.633367
1444,2892,1.594931
1445,2894,2.080054
1446,2896,1.295982
1447,2898,0.236222
1448,2900,0.633097
1449,2902,1.594569
1450,2904,2.080007
1451,2906,1.296113
1452,2908,0.235966
1453,2910,0.632608
1454,2912,1.594454
1455,2914,2.080441
1456,2917,0.803173
1457,2919,0.315800
1458,2921,1.099645
1459,2923,2.160317
1460,2925,1.765213
1461,2927,0.803477
1462,2929,0.315825
1463,2931,1.099000
1464,2933,2.160185
1465,2935,1.765618
1466,2937,0.803581
1467,2939,0.315818
1468,2941,1.098707
1469,2943,2.160323
1470,2945,1.766236
1471,2947,0.804377
1472,2949,0.315728
1473,2951,1.098459
1474,2953,2.160078
1475,2955,1.766428
1476,2957,0.804803
1477,2959,0.315229
1478,2961,1.097909
1479,2963,2.159961
1480,2965,1.766773
1481,2967,0.805661
1482,2969,0.315010
1483,2971,1.097259
1484,2973,2.160034
1485,2975,1.767040
1486,2977,0.805761
1487,2979,0.314948
1488,2981,1.096756
1489,2983,2.160041
1490,2985,1.767459
1491,2987,0.806045
1492,2989,0.314654
1493,2991,1.096326
1494,2993,2.159907
1495,2995,1.768071
1496,2997,0.806608
1497,2999,0.314652
1498,3001,1.095776
1499,3003,2.159805
1500,3005,1.768382
1501,3007,0.806871
1502,3009,0.314049
1503,3011,1.095546
1504,3013,2.159831
1505,3015,1.768695
1506,3017,0.807414
1507,3019,0.313731
1508,3021,1.094731
1509,3023,2.159736
1510,3025,1.768892
1511,3027,0.807732
1512,3029,0.314022
1513,3031,1.094171
1514,3033,2.159613
1515,3035,1.769578
1516,3037,0.808294
1517,3039,0.313882
1518,3041,1.093697
1519,3043,2.159578
1520,3045,1.769837
1521,3047,0.808835
1522,3049,0.313504
1523,3051,1.093365
1524,3053,2.159597
1525,3055,1.770532
1526,3057,0.809445
1527,3059,0.313068
1528,3061,1.092900
1529,3063,2.159485
1530,3065,1.770573
1531,3067,0.809763
1532,3069,0.312901
1533,3071,1.092200
1534,3073,2.159374
1535,3075,1.770859
1536,3077,0.810092
1537,3079,0.313019
1538,3081,1.091999
1539,3083,2.159595
1540,3085,1.771465
1541,3087,0.810203
1542,3089,0.312633
1543,3091,1.091229
1544,3093,2.159432
1545,3095,1.772014
1546,3097,0.811133
1547,3099,0.312652
1548,3101,1.091032
1549,3103,2.159169
1550,3105,1.772287
1551,3107,0.811512
1552,3109,0.312105
1553,3111,1.090422
1554,3113,2.159309
1555,3115,1.772587
1556,3117,0.811732
1557,3119,0.311644
1558,3121,1.089703
1559,3123,2.159274
1560,3125,1.773067
1561,3127,0.812438
1562,3129,0.311872
1563,3131,1.089211
1564,3133,2.159316
1565,3135,1.773402
1566,3137,0.812832
1567,3139,0.311553
1568,3141,1.088822
1569,3143,2.159029
1570,3145,1.773937
1571,3147,0.813040
1572,3149,0.311295
1573,3151,1.088325
1574,3153,2.158537
1575,3155,1.774151
1576,3157,0.813649
1577,3159,0.310883
1578,3161,1.087785
1579,3163,2.159031
1580,3165,1.774787
1581,3167,0.814453
1582,3169,0.310802
1583,3171,1.087164
1584,3173,2.159092
1585,3175,1.775062
1586,3177,0.814643
1587,3179,0.310860
1588,3181,1.086958
1589,3183,2.158821
1590,3185,1.775481
1591,3187,0.814995
1592,3189,0.310721
1593,3191,1.086360
1594,3193,2.158846
1595,3195,1.776094
1596,3197,0.815612
1597,3199,0.310541
1598,3201,1.085960
1599,3203,2.158515
1600,3205,1.776369
1601,3207,0.816009
1602,3209,0.310002
1603,3211,1.085320
1604,3213,2.158372
1605,3215,1.776576
1606,3217,0.816676
1607,3219,0.310048
1608,3221,1.084849
1609,3223,2.158715
1610,3225,1.777014
1611,3227,0.816875
1612,3229,0.309959
1613,3231,1.084352
1614,3233,2.158522
1615,3235,1.777316
1616,3237,0.817198
1617,3239,0.309457
1618,3241,1.083790
1619,3243,2.158150
1620,3245,1.777678
1621,3247,0.817677
1622,3249,0.309409
1623,3251,1.083582
1624,3253,2.158274
1625,3255,1.778042
1626,3257,0.817926
1627,3259,0.308862
1628,3261,1.082857
1629,3263,2.158290
1630,3265,1.778546
1631,3267,0.818603
1632,3269,0.308834
1633,3271,1.082058
1634,3273,2.158250
1635,3275,1.778948
1636,3277,0.819422
1637,3279,0.309003
1638,3281,1.081840
1639,3283,2.158258
1640,3285,1.779133
1641,3287,0.819401
1642,3289,0.308775
1643,3291,1.081199
1644,3293,2.158146
1645,3295,1.779827
1646,3297,0.820052
1647,3299,0.308558
1648,3301,1.080931
1649,3303,2.157927
1650,3305,1.780250
1651,3307,0.820569
1652,3309,0.308255
1653,3311,1.080772
1654,3313,2.158091
1655,3315,1.780859
1656,3317,0.821150
1657,3319,0.307868
1658,3321,1.079853
1659,3323,2.157927
1660,3325,1.780696
1661,3327,0.821558
1662,3329,0.308034
1663,3331,1.079302
1664,3333,2.157980
1665,3335,1.781227
1666,3337,0.821746
1667,3339,0.307545
1668,3341,1.078950
1669,3343,2.157827
1670,3345,1.781877
1671,3347,0.822419
1672,3349,0.307690
1673,3351,1.078676
1674,3353,2.158001
1675,3355,1.782321
1676,3357,0.822758
1677,3359,0.307134
1678,3361,1.078029
1679,3363,2.157988
1680,3365,1.782764
1681,3367,0.823676
1682,3369,0.307377
1683,3371,1.077620
1684,3373,2.157932
1685,3375,1.782889
1686,3377,0.824085
1687,3379,0.307309
1688,3381,1.077235
1689,3383,2.157925
1690,3385,1.783502
1691,3387,0.824058
1692,3389,0.306821
1693,3391,1.076322
1694,3393,2.157814
1695,3395,1.783924
1696,3397,0.824688
1697,3399,0.306727
1698,3401,1.076228
1699,3403,2.157779
1700,3405,1.784500
1701,3407,0.825334
1702,3409,0.306112
1703,3411,1.075850
1704,3413,2.157250
1705,3415,1.784484
1706,3417,0.825614
1707,3419,0.306102
1708,3421,1.075122
1709,3423,2.157516
1710,3425,1.784706
1711,3427,0.826005
1712,3429,0.306215
1713,3431,1.074732
1714,3433,2.157678
1715,3435,1.785627
1716,3437,0.826658
1717,3439,0.306055
1718,3441,1.074268
1719,3443,2.157403
1720,3445,1.785897
1721,3447,0.826863
1722,3449,0.305759
1723,3451,1.073876
1724,3453,2.157218
1725,3455,1.786259
1726,3457,0.827623
1727,3459,0.305451
1728,3461,1.073439
1729,3463,2.157120
1730,3465,1.786417
1731,3467,0.828093
1732,3469,0.305201
1733,3471,1.072544
1734,3473,2.156936
1735,3475,1.786753
1736,3477,0.828388
1737,3479,0.305131
1738,3481,1.072016
1739,3483,2.156837
1740,3485,1.787184
1741,3487,0.828536
1742,3489,0.304741
1743,3491,1.071351
1744,3493,2.156872
1745,3495,1.787801
1746,3497,0.829422
1747,3499,0.305008
1748,3501,1.071473
1749,3503,2.157009
1750,3505,1.788171
1751,3507,0.829637
1752,3509,0.304647
1753,3511,1.070813
1754,3513,2.156812
1755,3515,1.788880
1756,3517,0.830384
1757,3519,0.304299
1758,3521,1.070150
1759,3523,2.156900
1760,3525,1.788791
1761,3527,0.830750
1762,3529,0.304237
1763,3531,1.069916
1764,3533,2.156829
1765,3535,1.789353
1766,3537,0.830962
1767,3539,0.303995
1768,3541,1.068945
1769,3543,2.156537
1770,3545,1.789857
1771,3547,0.831749
1772,3549,0.303482
1773,3551,1.068667
1774,3553,2.156336
1775,3555,1.789836
1776,3557,0.831854
1777,3559,0.303168
1778,3561,1.068189
1779,3563,2.156490
1780,3565,1.790403
1781,3567,0.832433
1782,3569,0.303394
1783,3571,1.067570
1784,3573,2.156419
1785,3575,1.791098
1786,3577,0.833020
1787,3579,0.303375
1788,3581,1.067459
1789,3583,2.156582
1790,3585,1.791251
1791,3587,0.833149
1792,3589,0.302893
1793,3591,1.066623
1794,3593,2.156517
1795,3595,1.791924
1796,3597,0.833672
1797,3599,0.302792
1798,3601,1.066548
1799,3603,2.155946
1800,3605,1.791806
1801,3607,0.834085
1802,3609,0.302402
1803,3611,1.065798
1804,3613,2.155945
1805,3615,1.792386
1806,3617,0.834956
1807,3619,0.302333
1808,3621,1.065098
1809,3623,2.156264
1810,3625,1.792834
1811,3627,0.835370
1812,3629,0.302508
1813,3631,1.064609
1814,3633,2.156304
1815,3635,1.793172
1816,3637,0.835630
1817,3639,0.302155
1818,3641,1.064484
1819,3643,2.155804
1820,3645,1.793457
1821,3647,0.836136
1822,3649,0.301902
1823,3651,1.063870
1824,3653,2.155663
1825,3655,1.794291
1826,3657,0.836720
1827,3659,0.301500
1828,3661,1.063609
1829,3663,2.155779
1830,3665,1.794547
1831,3667,0.837676
1832,3669,0.301533
1833,3671,1.062719
1834,3673,2.155842
1835,3675,1.794861
1836,3677,0.837561
1837,3679,0.301618
1838,3681,1.062384
1839,3683,2.155706
1840,3685,1.795234
1841,3687,0.838077
1842,3689,0.301389
1843,3691,1.062077
1844,3693,2.155666
1845,3695,1.795793
1846,3697,0.838629
1847,3699,0.301068
1848,3701,1.061509
1849,3703,2.155499
1850,3705,1.795938
1851,3707,0.438255
1852,3709,0.300719
1853,3711,1.061006
1854,3713,2.155685
1855,3715,1.796327
1856,3717,0.839381
1857,3719,0.300424
1858,3721,1.060180
1859,3723,2.155363
1860,3725,1.796526
1861,3727,0.839936
1862,3729,0.300720
1863,3731,1.060029
1864,3733,2.155432
1865,3735,1.797102
1866,3737,0.439131
1867,3739,0.300503
1868,3741,1.059483
1869,3743,2.155508
1870,3745,1.797681
1871,3747,0.840857
1872,3749,0.300291
1873,3751,1.059180
1874,3753,2.155153
1875,3755,1.798043
1876,3757,0.841361
1877,3759,0.299725
1878,3761,1.058452
1879,3763,2.155203
1880,3765,1.798355
1881,3767,0.440305
1882,3769,0.299556
1883,3771,1.057735
1884,3773,2.155230
1885,3775,1.798769
1886,3777,0.842327
1887,3779,0.299697
1888,3781,1.057393
1889,3783,2.155156
1890,3785,1.799122
1891,3787,0.842437
1892,3789,0.299292
1893,3791,1.057049
1894,3793,2.154960
1895,3795,1.799400
1896,3797,0.441019
1897,3799,0.299173
1898,3801,1.056593
1899,3803,2.154551
1900,3805,1.799576
1901,3807,0.843377
1902,3809,0.298715
1903,3811,1.055891
1904,3813,2.154721
1905,3815,1.800191
1906,3817,0.844042
1907,3819,0.298736
1908,3821,1.055300
1909,3823,2.154723
1910,3825,1.800334
1911,3827,0.442123
1912,3829,0.298847
1913,3831,1.054968
1914,3833,2.154766
1915,3835,1.801123
1916,3837,0.845179
1917,3839,0.298427
1918,3841,1.054648
1919,3843,2.154509
1920,3845,1.801257
1921,3847,0.442458
1922,3849,0.298275
1923,3851,1.054384
1924,3853,2.154664
1925,3855,1.801886
1926,3857,0.442756
1927,3859,0.297512
1928,3861,1.053521
1929,3863,2.154458
1930,3865,1.802122
1931,3867,0.846366
1932,3869,0.297658
1933,3871,1.052996
1934,3873,2.154153
1935,3875,1.802321
1936,3877,0.846549
1937,3879,0.297562
1938,3881,1.052449
1939,3883,2.154144
1940,3885,1.802747
1941,3887,0.443549
1942,3889,0.297424
1943,3891,1.051789
1944,3893,2.154044
1945,3895,1.803520
1946,3897,0.847575
1947,3899,0.297493
1948,3901,1.051721
1949,3903,2.154133
1950,3905,1.803781
1951,3907,0.444343
1952,3909,0.296657
1953,3911,1.051040
1954,3913,2.154159
1955,3915,1.804095
1956,3917,0.444725
1957,3919,0.296827
1958,3921,1.050494
1959,3923,2.154112
1960,3925,1.804427
1961,3927,0.848986
1962,3929,0.296627
1963,3931,1.050060
1964,3933,2.153986
1965,3935,1.805116
1966,3937,0.445400
1967,3939,0.296688
1968,3941,1.049542
1969,3943,2.153687
1970,3945,1.805188
1971,3947,0.445466
1972,3949,0.296319
1973,3951,1.049211
1974,3953,2.153666
1975,3955,1.805742
1976,3957,0.445840
1977,3959,0.296062
1978,3961,1.048711
1979,3963,2.153658
1980,3965,1.805952
1981,3967,0.446781
1982,3969,0.296180
1983,3971,1.048206
1984,3973,2.153548
1985,3975,1.806576
1986,3977,0.446970
1987,3979,0.296122
1988,3981,1.047618
1989,3983,2.153643
1990,3985,1.806862
1991,3987,0.446800
1992,3989,0.295754
1993,3991,1.047120
1994,3993,2.153386
1995,3995,1.807336
1996,3997,0.447145
1997,3999,0.295585
1998,4001,1.046739
1999,4003,2.153555
2000,4005,1.807622
2001,4007,0.447332
2002,4009,0.295130
2003,4011,1.046345
2004,4013,2.153497
2005,4015,1.808050
2006,4017,0.448112
2007,4019,0.295302
2008,4021,1.045820
2009,4023,2.153342
2010,4025,1.808351
2011,4027,0.448268
2012,4029,0.295148
2013,4031,1.045273
2014,4033,2.153242
2015,4035,1.808654
2016,4037,0.448352
2017,4039,0.294725
2018,4041,1.044406
2019,4043,2.152897
2020,4045,1.808945
2021,4047,0.448556
2022,4049,0.294566
2023,4051,1.044096
2024,4053,2.152889
2025,4055,1.809371
2026,4057,0.449145
2027,4059,0.294229
2028,4061,1.044053
2029,4063,2.152843
2030,4065,1.809832
2031,4067,0.449616
2032,4069,0.294264
2033,4071,1.042922
2034,4073,2.152657
2035,4075,1.809866
2036,4077,0.449708
2037,4079,0.294248
2038,4081,1.042786
2039,4083,2.152864
2040,4085,1.810558
2041,4087,0.449984
2042,4089,0.293856
2043,4091,1.042117
2044,4093,2.152523
2045,4095,1.811171
2046,4097,0.450444
2047,4099,0.293741
2048,4101,1.041919
2049,4103,2.152544
2050,4105,1.811125
2051,4107,0.450671
2052,4109,0.293217
2053,4111,1.041409
2054,4113,2.152682
2055,4115,1.811723
2056,4117,0.451042
2057,4119,0.293249
2058,4121,1.040748
2059,4123,2.152305
2060,4125,1.811902
2061,4127,0.451565
2062,4129,0.293245
2063,4131,1.040193
2064,4133,2.152564
2065,4135,1.812715
2066,4137,0.451896
2067,4139,0.293208
2068,4141,1.039926
2069,4143,2.152357
2070,4145,1.812886
2071,4147,0.452029
2072,4149,0.293265
2073,4151,1.039568
2074,4153,2.152358
2075,4155,1.813284
2076,4157,0.452018
2077,4159,0.292716
2078,4161,1.039034
2079,4163,2.151950
2080,4165,1.813713
2081,4167,0.452715
2082,4169,0.292508
2083,4171,1.038230
2084,4173,2.151766
2085,4175,1.813762
2086,4177,0.452952
2087,4179,0.292475
2088,4181,1.037819
2089,4183,2.151830
2090,4185,1.814454
2091,4187,0.452976
2092,4189,0.292214
2093,4191,1.037321
2094,4193,2.151988
2095,4195,1.815004
2096,4197,0.453616
2097,4199,0.292040
2098,4201,1.037187
2099,4203,2.151943
2100,4205,1.815188
2101,4207,0.453768
2102,4209,0.291644
2103,4211,1.036590
2104,4213,2.151433
2105,4215,1.815411
2106,4217,0.454234
2107,4219,0.291808
2108,4221,1.035866
2109,4223,2.151992
2110,4225,1.816114
2111,4227,0.454699
2112,4229,0.291639
2113,4231,1.035562
2114,4233,2.151905
2115,4235,1.816423
2116,4237,0.454770
2117,4239,0.291574
2118,4241,1.035053
2119,4243,2.151481
2120,4245,1.817064
2121,4247,0.455204
2122,4249,0.291463
2123,4251,1.034774
2124,4253,2.151289
2125,4255,1.817156
2126,4257,0.455394
2127,4259,0.290824
2128,4261,1.034188
2129,4263,2.151199
2130,4265,1.817759
2131,4267,0.456159
2132,4269,0.290661
2133,4271,1.033247
2134,4273,2.151194
2135,4275,1.817790
2136,4277,0.456342
2137,4279,0.291121
2138,4281,1.032811
2139,4283,2.151124
2140,4285,1.818344
2141,4287,0.456303
2142,4289,0.290679
2143,4291,1.032691
2144,4293,2.151026
2145,4295,1.818854
2146,4297,0.456894
2147,4299,0.290579
2148,4301,1.032566
2149,4303,2.150783
2150,4305,1.818763
2151,4307,0.457378
2152,4309,0.290232
2153,4311,1.031864
2154,4313,2.151116
2155,4315,1.819654
2156,4317,0.457608
2157,4319,0.289882
2158,4321,1.031134
2159,4323,2.150728
2160,4325,1.819651
2161,4327,0.457742
2162,4329,0.290059
2163,4331,1.030614
2164,4333,2.150624
2165,4335,1.820203
2166,4337,0.457757
2167,4339,0.289972
2168,4341,1.030479
2169,4343,2.150275
2170,4345,1.820585
2171,4347,0.458183
2172,4349,0.289528
2173,4351,1.029776
2174,4353,2.150386
2175,4355,1.820808
2176,4357,0.458685
2177,4359,0.289231
2178,4361,1.029292
2179,4363,2.150450
2180,4365,1.821364
2181,4367,0.458998
2182,4369,0.289218
2183,4371,1.028594
2184,4373,2.150172
2185,4375,1.821552
2186,4377,0.459296
2187,4379,0.289118
2188,4381,1.028312
2189,4383,2.150068
2190,4385,1.821942
2191,4387,0.459250
2192,4389,0.288929
2193,4391,1.027688
2194,4393,2.150265
2195,4395,1.822591
2196,4397,0.459853
2197,4399,0.288784
2198,4401,1.027258
2199,4403,2.149868
2200,4405,1.822803
2201,4407,0.460241
2202,4409,0.288069
2203,4411,1.026514
2204,4413,2.150033
2205,4415,1.823029
2206,4417,0.460470
2207,4419,0.288355
2208,4421,1.026142
2209,4423,2.149966
2210,4425,1.823678
2211,4427,0.460743
2212,4429,0.288339
2213,4431,1.025768
2214,4433,2.149866
2215,4435,1.823933
2216,4437,0.461362
2217,4439,0.288217
2218,4441,1.025354
2219,4443,2.149678
2220,4445,1.824458
2221,4447,0.461443
2222,4449,0.287826
2223,4451,1.024620
2224,4453,2.149354
2225,4455,1.824697
2226,4457,0.461692
2227,4459,0.287544
2228,4461,1.024270
2229,4463,2.149323
2230,4465,1.824893
2231,4467,0.461982
2232,4469,0.287227
2233,4471,1.023649
2234,4473,2.149440
2235,4475,1.825465
2236,4477,0.462606
2237,4479,0.287563
2238,4481,1.023124
2239,4483,2.149373
2240,4485,1.825851
2241,4487,0.462487
2242,4489,0.286941
2243,4491,1.022648
2244,4493,2.148853
2245,4495,1.826065
2246,4497,0.463077
2247,4499,0.287179
2248,4501,1.022546
2249,4503,2.148997
2250,4505,1.826548
2251,4507,0.463347
2252,4509,0.286563
2253,4511,1.021810
2254,4513,2.149100
2255,4515,1.827040
2256,4517,0.463919
2257,4519,0.286600
2258,4521,1.021243
2259,4523,2.148990
2260,4525,1.827137
2261,4527,0.464416
2262,4529,0.286755
2263,4531,1.021091
2264,4533,2.149046
2265,4535,1.827883
2266,4537,0.464140
2267,4539,0.286200
2268,4541,1.020162
2269,4543,2.148690
2270,4545,1.828019
2271,4547,0.464222
2272,4549,0.285806
2273,4551,1.019910
2274,4553,2.148634
2275,4555,1.828369
2276,4557,0.464819
2277,4559,0.285476
2278,4561,1.019446
2279,4563,2.148695
2280,4565,1.828785
2281,4567,0.465513
2282,4569,0.285626
2283,4571,1.018710
2284,4573,2.148244
2285,4575,1.829131
2286,4577,0.465469
2287,4579,0.285824
2288,4581,1.018345
2289,4583,2.148204
2290,4585,1.829424
2291,4587,0.465590
2292,4589,0.285653
2293,4591,1.017749
2294,4593,2.148278
2295,4595,1.830160
2296,4597,0.466457
2297,4599,0.285283
2298,4601,1.017496
2299,4603,2.147964
2300,4605,1.830010
2301,4607,0.466580
2302,4609,0.284994
2303,4611,1.017112
2304,4613,2.147961
2305,4615,1.830601
2306,4617,0.467302
2307,4619,0.284806
2308,4621,1.016216
2309,4623,2.147793
2310,4625,1.830610
2311,4627,0.467048
2312,4629,0.285001
2313,4631,1.016074
2314,4633,2.147998
2315,4635,1.831317
2316,4637,0.467387
2317,4639,0.284728
2318,4641,1.015250
2319,4643,2.147694
2320,4645,1.831746
2321,4647,0.467887
2322,4649,0.284375
2323,4651,1.014970
2324,4653,2.147594
2325,4655,1.832044
2326,4657,0.467782
2327,4659,0.283934
2328,4661,1.014537
2329,4663,2.147794
2330,4665,1.832520
2331,4667,0.468725
2332,4669,0.284107
2333,4671,1.014032
2334,4673,2.147493
2335,4675,1.832676
2336,4677,0.468990
2337,4679,0.284232
2338,4681,1.013710
2339,4683,2.147267
2340,4685,1.833165
2341,4687,0.469049
2342,4689,0.283715
2343,4691,1.012966
2344,4693,2.147227
2345,4695,1.833629
2346,4697,0.469460
2347,4699,0.283649
2348,4701,1.012727
2349,4703,2.147077
2350,4705,1.833923
2351,4707,0.469647
2352,4709,0.283121
2353,4711,1.012187
2354,4713,2.147358
2355,4715,1.834318
2356,4717,0.470141
2357,4719,0.283126
2358,4721,1.011216
2359,4723,2.147011
2360,4725,1.834634
2361,4727,0.470548
2362,4729,0.283438
2363,4731,1.011188
2364,4733,2.146947
2365,4735,1.835176
2366,4737,0.470481
2367,4739,0.282936
2368,4741,1.010466
2369,4743,2.146544
2370,4745,1.835312
2371,4747,0.470878
2372,4749,0.282819
2373,4751,1.009999
2374,4753,2.146636
2375,4755,1.835785
2376,4757,0.471429
2377,4759,0.282483
2378,4761,1.009451
2379,4763,2.146335
2380,4765,1.835860
2381,4767,0.472024
2382,4769,0.282287
2383,4771,1.009072
2384,4773,2.146672
2385,4775,1.836460
2386,4777,0.472297
2387,4779,0.282573
2388,4781,1.008707
2389,4783,2.146356
2390,4785,1.837101
2391,4787,0.472552
2392,4789,0.282550
2393,4791,1.008281
2394,4793,2.146204
2395,4795,1.837494
2396,4797,0.472882
2397,4799,0.282275
2398,4801,1.007896
2399,4803,2.146284
2400,4805,1.837651
2401,4807,0.472679
2402,4809,0.281454
2403,4811,1.007258
2404,4813,2.146316
2405,4815,1.838035
2406,4817,0.473738
2407,4819,0.281716
2408,4821,1.006680
2409,4823,2.146095
2410,4825,1.838413
2411,4827,0.473795
2412,4829,0.281761
2413,4831,1.006197
2414,4833,2.146265
2415,4835,1.838938
2416,4837,0.473929
2417,4839,0.281396
2418,4841,1.005744
2419,4843,2.145928
2420,4845,1.839524
2421,4847,0.474378
2422,4849,0.281528
2423,4851,1.005527
2424,4853,2.145880
2425,4855,1.839470
2426,4857,0.474450
2427,4859,0.280691
2428,4861,1.004852
2429,4863,2.145616
2430,4865,1.839881
2431,4867,0.475546
2432,4869,0.280898
2433,4871,1.004247
2434,4873,2.145587
2435,4875,1.839990
2436,4877,0.475395
2437,4879,0.280868
2438,4881,1.003630
2439,4883,2.145374
2440,4885,1.840798
2441,4887,0.475396
2442,4889,0.280801
2443,4891,1.003313
2444,4893,2.145561
2445,4895,1.841307
2446,4897,0.476199
2447,4899,0.280563
2448,4901,1.003078
2449,4903,2.145260
2450,4905,1.841550
2451,4907,0.476207
2452,4909,0.279927
2453,4911,1.002324
2454,4913,2.145478
2455,4915,1.842041
2456,4917,0.477170
2457,4919,0.280339
2458,4921,1.002003
2459,4923,2.145286
2460,4925,1.842148
2461,4927,0.477251
2462,4929,0.280128
2463,4931,1.001364
2464,4933,2.145125
2465,4935,1.842822
2466,4937,0.477388
2467,4939,0.280033
2468,4941,1.000816
2469,4943,2.144729
2470,4945,1.842895
2471,4947,0.477864
2472,4949,0.280108
2473,4951,1.000685
2474,4953,2.144804
2475,4955,1.843261
2476,4957,0.478314
2477,4959,0.279453
2478,4961,1.000075
2479,4963,2.144714
2480,4965,1.843773
2481,4967,0.478761
2482,4969,0.279649
2483,4971,0.999465
2484,4973,2.144583
2485,4975,1.843847
2486,4977,0.478687
2487,4979,0.279286
2488,4981,0.998950
2489,4983,2.144597
2490,4985,1.844598
2491,4987,0.478876
2492,4989,0.279106
2493,4991,0.998414
2494,4993,2.144288
2495,4995,1.844730
2496,4997,0.479127
2497,4999,0.278936
2498,5001,0.998204
2499,5003,2.144189
2500,5005,1.845238
2501,5007,0.479733
2502,5009,0.278837
2503,5011,0.997654
2504,5013,2.144586
2505,5015,1.845818
2506,5017,0.480388
2507,5019,0.278833
2508,5021,0.997122
2509,5023,2.144074
2510,5025,1.845798
2511,5027,0.480352
2512,5029,0.278718
2513,5031,0.996571
2514,5033,2.144056
2515,5035,1.846550
2516,5037,0.480720
2517,5039,0.278545
2518,5041,0.996194
2519,5043,2.144102
2520,5045,1.846950
2521,5047,0.481164
2522,5049,0.278416
2523,5051,0.995853
2524,5053,2.143657
2525,5055,1.846967
2526,5057,0.481441
2527,5059,0.277959
2528,5061,0.995407
2529,5063,2.143774
2530,5065,1.847318
2531,5067,0.482119
2532,5069,0.278001
2533,5071,0.994512
2534,5073,2.143554
2535,5075,1.847466
2536,5077,0.482145
2537,5079,0.278028
2538,5081,0.994155
2539,5083,2.143682
2540,5085,1.848223
2541,5087,0.482267
2542,5089,0.277684
2543,5091,0.993809
2544,5093,2.143173
2545,5095,1.848531
2546,5097,0.482736
2547,5099,0.277679
2548,5101,0.993212
2549,5103,2.143042
2550,5105,1.848561
2551,5107,0.482825
2552,5109,0.277214
2553,5111,0.993037
2554,5113,2.143410
2555,5115,1.849539
2556,5117,0.483603
2557,5119,0.277063
2558,5121,0.992169
2559,5123,2.143309
2560,5125,1.849526
2561,5127,0.483743
2562,5129,0.277254
2563,5131,0.991679
2564,5133,2.143143
2565,5135,1.850269
2566,5137,0.484190
2567,5139,0.277014
2568,5141,0.991255
2569,5143,2.142920
2570,5145,1.850455
2571,5147,0.484463
2572,5149,0.277022
2573,5151,0.990848
2574,5153,2.142706
2575,5155,1.850662
2576,5157,0.484591
2577,5159,0.276484
2578,5161,0.990304
2579,5163,2.142618
2580,5165,1.851080
2581,5167,0.485451
2582,5169,0.276578
2583,5171,0.989999
2584,5173,2.142587
2585,5175,1.851460
2586,5177,0.485490
2587,5179,0.276627
2588,5181,0.989578
2589,5183,2.142773
2590,5185,1.852221
2591,5187,0.485802
2592,5189,0.276249
2593,5191,0.988763
2594,5193,2.142526
2595,5195,1.852335
2596,5197,0.485900
2597,5199,0.276140
2598,5201,0.988495
2599,5203,2.142224
2600,5205,1.852331
2601,5207,0.486383
2602,5209,0.275937
2603,5211,0.988213
2604,5213,2.142559
2605,5215,1.853036
2606,5217,0.486969
2607,5219,0.275743
2608,5221,0.987415
2609,5223,2.142250
2610,5225,1.853566
2611,5227,0.487357
2612,5229,0.276001
2613,5231,0.986833
2614,5233,2.142203
2615,5235,1.853900
2616,5237,0.487306
2617,5239,0.275691
2618,5241,0.986478
2619,5243,2.141649
2620,5245,1.854223
2621,5247,0.487618
2622,5249,0.275160
2623,5251,0.986230
2624,5253,2.141835
2625,5255,1.854519
2626,5257,0.488340
2627,5259,0.274894
2628,5261,0.985551
2629,5263,2.141750
2630,5265,1.854955
2631,5267,0.488725
2632,5269,0.275013
2633,5271,0.985135
2634,5273,2.141360
2635,5275,1.854920
2636,5277,0.489000
2637,5279,0.274970
2638,5281,0.984663
2639,5283,2.141620
2640,5285,1.855597
2641,5287,0.489065
2642,5289,0.274921
2643,5291,0.983967
2644,5293,2.141237
2645,5295,1.856105
2646,5297,0.489446
2647,5299,0.274652
2648,5301,0.983822
2649,5303,2.141394
2650,5305,1.856249
2651,5307,0.489519
2652,5309,0.274339
2653,5311,0.983272
2654,5313,2.141015
2655,5315,1.856431
2656,5317,0.490088
2657,5319,0.274437
2658,5321,0.982669
2659,5323,2.141048
2660,5325,1.856841
2661,5327,0.490332
2662,5329,0.274216
2663,5331,0.981849
2664,5333,2.140662
2665,5335,1.857172
2666,5337,0.490436
2667,5339,0.274349
2668,5341,0.981806
2669,5343,2.140716
2670,5345,1.857698
2671,5347,0.491212
2672,5349,0.274006
2673,5351,0.981124
2674,5353,2.140615
2675,5355,1.858082
2676,5357,0.491409
2677,5359,0.273317
2678,5361,0.980591
2679,5363,2.140453
2680,5365,1.858466
2681,5367,0.492149
2682,5369,0.273620
2683,5371,0.980151
2684,5373,2.140154
2685,5375,1.858567
2686,5377,0.491989
2687,5379,0.273528
2688,5381,0.979877
2689,5383,2.140252
2690,5385,1.859144
2691,5387,0.492007
2692,5389,0.273134
2693,5391,0.979085
2694,5393,2.140051
2695,5395,1.859547
2696,5397,0.492685
2697,5399,0.273329
2698,5401,0.979185
2699,5403,2.139897
2700,5405,1.859980
2701,5407,0.493202
2702,5409,0.272721
2703,5411,0.978176
2704,5413,2.139979
2705,5415,1.860277
2706,5417,0.493728
2707,5419,0.272907
2708,5421,0.977640
2709,5423,2.139816
2710,5425,1.860547
2711,5427,0.493890
2712,5429,0.272956
2713,5431,0.977102
2714,5433,2.139809
2715,5435,1.860950
2716,5437,0.493809
2717,5439,0.272429
2718,5441,0.976781
2719,5443,2.139514
2720,5445,1.861406
2721,5447,0.494710
2722,5449,0.272504
2723,5451,0.976473
2724,5453,2.139340
2725,5455,1.861523
2726,5457,0.494868
2727,5459,0.271892
2728,5461,0.975823
2729,5463,2.139337
2730,5465,1.861886
2731,5467,0.495487
2732,5469,0.271955
2733,5471,0.975029
2734,5473,2.139179
2735,5475,1.862268
2736,5477,0.495652
2737,5479,0.272095
2738,5481,0.975029
2739,5483,2.139242
2740,5485,1.862944
2741,5487,0.495806
2742,5489,0.271864
2743,5491,0.974196
2744,5493,2.138857
2745,5495,1.863118
2746,5497,0.496192
2747,5499,0.272162
2748,5501,0.974335
2749,5503,2.138939
2750,5505,1.863522
2751,5507,0.496570
2752,5509,0.271523
2753,5511,0.973423
2754,5513,2.139010
2755,5515,1.863874
2756,5517,0.497490
2757,5519,0.271781
2758,5521,0.972794
2759,5523,2.138466
2760,5525,1.863789
2761,5527,0.497251
2762,5529,0.271485
2763,5531,0.972694
2764,5533,2.138646
2765,5535,1.864898
2766,5537,0.497529
2767,5539,0.271253
2768,5541,0.971902
2769,5543,2.138621
2770,5545,1.865061
2771,5547,0.498071
2772,5549,0.270979
2773,5551,0.971602
2774,5553,2.138198
2775,5555,1.865229
2776,5557,0.498398
2777,5559,0.270833
2778,5561,0.970899
2779,5563,2.138089
2780,5565,1.865494
2781,5567,0.498956
2782,5569,0.270859
2783,5571,0.970482
2784,5573,2.138141
2785,5575,1.866173
2786,5577,0.499190
2787,5579,0.270847
2788,5581,0.970198
2789,5583,2.138110
2790,5585,1.866403
2791,5587,0.499349
2792,5589,0.270747
2793,5591,0.969600
2794,5593,2.137723
2795,5595,1.866700
2796,5597,0.499647
2797,5599,0.270385
2798,5601,0.969136
2799,5603,2.137603
2800,5605,1.867070
2801,5607,0.499792
2802,5609,0.269867
2803,5611,0.968706
2804,5613,2.137706
2805,5615,1.867303
2806,5617,0.500629
2807,5619,0.270120
2808,5621,0.967939
2809,5623,2.137475
2810,5625,1.867672
2811,5627,0.500766
2812,5629,0.269972
2813,5631,0.967505
2814,5633,2.137209
2815,5635,1.867969
2816,5637,0.500960
2817,5639,0.269840
2818,5641,0.967157
2819,5643,2.137129
2820,5645,1.868406
2821,5647,0.501448
2822,5649,0.269773
2823,5651,1.467080
2824,5653,2.137216
2825,5655,1.868840
2826,5657,0.501743
2827,5659,0.269271
2828,5661,0.966216
2829,5663,2.137050
2830,5665,1.869155
2831,5667,0.501983
2832,5669,0.269220
2833,5671,0.965732
2834,5673,2.136965
2835,5675,1.869602
2836,5677,0.502356
2837,5679,0.269523
2838,5681,1.465766
2839,5683,2.136961
2840,5685,1.869938
2841,5687,0.502583
2842,5689,0.268933
2843,5691,0.964675
2844,5693,2.136651
2845,5695,1.870531
2846,5697,0.503153
2847,5699,0.269009
2848,5701,0.964378
2849,5703,2.136396
2850,5705,1.870538
2851,5707,0.503471
2852,5709,0.268722
2853,5711,1.464367
2854,5713,2.136846
2855,5715,1.871097
2856,5717,0.504241
2857,5719,0.268901
2858,5721,0.963612
2859,5723,2.136402
2860,5725,1.871151
2861,5727,0.504209
2862,5729,0.268688
2863,5731,0.962871
2864,5733,2.136297
2865,5735,1.871918
2866,5737,0.504489
2867,5739,0.268404
2868,5741,1.462632
2869,5743,2.135758
2870,5745,1.871904
2871,5747,0.504837
2872,5749,0.268392
2873,5751,0.962137
2874,5753,2.135792
2875,5755,1.872182
2876,5757,0.505251
2877,5759,0.267964
2878,5761,0.961598
2879,5763,2.135722
2880,5765,1.872455
2881,5767,0.505482
2882,5769,0.267784
2883,5771,1.461218
2884,5773,2.135637
2885,5775,1.873077
2886,5777,0.506071
2887,5779,0.268179
2888,5781,0.960615
2889,5783,2.135770
2890,5785,1.873667
2891,5787,0.506181
2892,5789,0.267923
2893,5791,1.460581
2894,5793,2.135443
2895,5795,1.874014
2896,5797,0.506665
2897,5799,0.267791
2898,5801,1.459983
2899,5803,2.135513
2900,5805,1.874219
2901,5807,0.506990
2902,5809,0.267536
2903,5811,0.959368
2904,5813,2.135438
2905,5815,1.874720
2906,5817,0.507445
2907,5819,0.267262
2908,5821,1.458986
2909,5823,2.135111
2910,5825,1.874642
2911,5827,0.507421
2912,5829,0.267331
2913,5831,1.458422
2914,5833,2.134926
2915,5835,1.875285
2916,5837,0.507694
2917,5839,0.266968
2918,5841,0.957301
2919,5843,2.134775
2920,5845,1.875558
2921,5847,0.508170
2922,5849,0.266808
2923,5851,1.457592
2924,5853,2.134700
2925,5855,1.875737
2926,5857,0.508551
2927,5859,0.266486
2928,5861,1.457067
2929,5863,2.134236
2930,5865,1.876010
2931,5867,0.508812
2932,5869,0.266456
2933,5871,0.955859
2934,5873,2.134431
2935,5875,1.876409
2936,5877,0.509268
2937,5879,0.266842
2938,5881,1.456247
2939,5883,2.134218
2940,5885,1.876885
2941,5887,0.509650
2942,5889,0.266454
2943,5891,1.455421
2944,5893,2.134039
2945,5895,1.877350
2946,5897,0.510079
2947,5899,0.266307
2948,5901,1.455136
2949,5903,2.133876
2950,5905,1.877384
2951,5907,0.510304
2952,5909,0.265955
2953,5911,1.454556
2954,5913,2.134063
2955,5915,1.878033
2956,5917,0.510819
2957,5919,0.265958
2958,5921,1.454275
2959,5923,2.133990
2960,5925,1.878370
2961,5927,0.511256
2962,5929,0.265932
2963,5931,1.453572
2964,5933,2.133579
2965,5935,1.878709
2966,5937,0.511293
2967,5939,0.265839
2968,5941,1.453307
2969,5943,2.133497
2970,5945,1.879016
2971,5947,0.511665
2972,5949,0.265730
2973,5951,1.452910
2974,5953,2.133368
2975,5955,1.879368
2976,5957,0.511980
2977,5959,0.265251
2978,5961,1.452450
2979,5963,2.133504
2980,5965,1.879829
2981,5967,0.512433
2982,5969,0.265364
2983,5971,1.451665
2984,5973,2.133140
2985,5975,1.880147
2986,5977,0.512888
2987,5979,0.265467
2988,5981,1.451222
2989,5983,2.133123
2990,5985,1.880502
2991,5987,0.512876
2992,5989,0.265186
2993,5991,1.450841
2994,5993,2.132816
2995,5995,1.880817
2996,5997,0.513306
2997,5999,0.264940
2998,6001,1.450393
2999,6003,2.132544
3000,6005,1.881185
3001,6007,0.513871
3002,6009,0.264683
3003,6011,1.449974
3004,6013,2.132520
3005,6015,1.881296
3006,6017,0.514218
3007,6019,0.264387
3008,6021,1.449099
3009,6023,2.132232
3010,6025,1.881647
3011,6027,0.514229
3012,6029,0.264431
3013,6031,1.448620
3014,6033,2.132375
3015,6035,1.881966
3016,6037,0.514578
3017,6039,0.264085
3018,6041,1.448294
3019,6043,2.132180
3020,6045,1.882926
3021,6047,0.515368
3022,6049,0.264320
3023,6051,1.447902
3024,6053,2.132342
3025,6055,1.883083
3026,6057,0.515473
3027,6059,0.263894
3028,6061,1.447143
3029,6063,2.131897
3030,6065,1.883159
3031,6067,0.516119
3032,6069,0.264038
3033,6071,1.446910
3034,6073,2.131932
3035,6075,1.883499
3036,6077,0.516189
3037,6079,0.263986
3038,6081,1.446608
3039,6083,2.131967
3040,6085,1.883930
3041,6087,0.516392
3042,6089,0.263700
3043,6091,1.445800
3044,6093,2.131407
3045,6095,1.884291
3046,6097,0.517065
3047,6100,0.512694
3048,6102,1.879742
3049,6104,2.133071
3050,6106,0.951469
3051,6108,0.265185
3052,6110,0.511972
3053,6112,1.879756
3054,6114,2.133605
3055,6116,0.951870
3056,6118,0.265813
3057,6120,0.511651
3058,6122,1.879039
3059,6124,2.133295
3060,6126,0.952423
3061,6128,0.265874
3062,6130,0.511694
3063,6132,1.878745
3064,6134,2.133692
3065,6136,0.952816
3066,6138,0.265682
3067,6140,0.511240
3068,6142,1.878520
3069,6144,2.133622
3070,6146,0.953645
3071,6148,0.265957
3072,6150,0.510785
3073,6152,1.878271
3074,6154,2.133837
3075,6156,0.953915
3076,6158,0.265725
3077,6160,0.510013
3078,6162,1.877785
3079,6164,2.133907
3080,6166,0.954353
3081,6168,0.266279
3082,6170,0.509985
3083,6172,1.877378
3084,6174,2.133947
3085,6176,0.954740
3086,6178,0.266311
3087,6180,0.509729
3088,6182,1.876982
3089,6184,2.134288
3090,6186,0.955168
3091,6188,0.266560
3092,6190,0.509500
3093,6192,1.876545
3094,6194,2.134384
3095,6196,0.955866
3096,6198,0.266333
3097,6200,0.509173
3098,6202,1.876466
3099,6204,2.134403
3100,6206,0.956166
3101,6208,0.266664
3102,6210,0.508596
3103,6212,1.875981
3104,6214,2.134783
3105,6216,0.956802
3106,6218,0.266945
3107,6220,0.508259
3108,6222,1.875435
3109,6224,2.134566
3110,6226,0.957109
3111,6228,0.267025
3112,6230,0.507941
3113,6232,1.875377
3114,6234,2.134661
3115,6236,0.957806
3116,6238,0.267030
3117,6240,0.507533
3118,6242,1.874620
3119,6244,2.134830
3120,6246,0.958413
3121,6248,0.267140
3122,6250,0.507309
3123,6252,1.874626
3124,6254,2.135094
3125,6256,0.958974
3126,6258,0.267351
3127,6260,0.506755
3128,6262,1.874216
3129,6264,2.135260
3130,6266,0.959394
3131,6268,0.267948
3132,6270,0.506660
3133,6272,1.873910
3134,6274,2.135428
3135,6276,0.959575
3136,6278,0.267883
3137,6280,0.506531
3138,6282,1.873748
3139,6284,2.135550
3140,6286,0.960282
3141,6288,0.267810
3142,6290,0.506071
3143,6292,1.873136
3144,6294,2.135468
3145,6296,0.960686
3146,6298,0.267768
3147,6300,0.505584
3148,6302,1.872810
3149,6304,2.135653
3150,6306,0.961393
3151,6308,0.268123
3152,6310,0.504985
3153,6312,1.872406
3154,6314,2.135885
3155,6316,0.961907
3156,6318,0.268193
3157,6320,0.504831
3158,6322,1.872046
3159,6324,2.135820
3160,6326,0.961774
3161,6328,0.268619
3162,6330,0.504676
3163,6332,1.871868
3164,6334,2.136304
3165,6336,0.962729
3166,6338,0.268500
3167,6340,0.504286
3168,6342,1.871376
3169,6344,2.136465
3170,6346,0.963324
3171,6348,0.268690
3172,6350,0.504136
3173,6352,1.871104
3174,6354,2.136567
3175,6356,0.963892
3176,6358,0.268962
3177,6360,0.503585
3178,6362,1.870611
3179,6364,2.136389
3180,6366,0.963983
3181,6368,0.269072
3182,6370,0.503092
3183,6372,1.870388
3184,6374,2.136656
3185,6376,0.964365
3186,6378,0.269096
3187,6380,0.502900
3188,6382,1.869993
3189,6384,2.136953
3190,6386,0.964915
3191,6388,0.268975
3192,6390,0.502488
3193,6392,1.869557
3194,6394,2.136787
3195,6396,0.965599
3196,6398,0.269334
3197,6400,0.502341
3198,6402,1.869176
3199,6404,2.136997
3200,6406,0.965855
3201,6408,0.269253
3202,6410,0.501622
3203,6412,1.868931
3204,6414,2.137109
3205,6416,0.966636
3206,6418,0.269735
3207,6420,0.501236
3208,6422,1.868537
3209,6424,2.137134
3210,6426,0.966791
3211,6428,0.269870
3212,6430,0.501329
3213,6432,1.868010
3214,6434,2.137280
3215,6436,0.967526
3216,6438,0.269891
3217,6440,0.500918
3218,6442,1.867504
3219,6444,2.137515
3220,6446,0.968115
3221,6448,0.269888
3222,6450,0.500482
3223,6452,1.867437
3224,6454,2.137483
3225,6456,0.968183
3226,6458,0.269832
3227,6460,0.499748
3228,6462,1.867183
3229,6464,2.137655
3230,6466,0.968988
3231,6468,0.270337
3232,6470,0.499543
3233,6472,1.866659
3234,6474,2.137571
3235,6476,0.969147
3236,6478,0.270558
3237,6480,0.499606
3238,6482,1.866477
3239,6484,2.137938
3240,6486,0.969582
3241,6488,0.270526
3242,6490,0.499124
3243,6492,1.865929
3244,6494,2.137970
3245,6496,0.970542
3246,6498,0.270724
3247,6500,0.498820
3248,6502,1.865728
3249,6504,2.138129
3250,6506,0.970829
3251,6508,0.270744
3252,6510,0.498226
3253,6512,1.865345
3254,6514,2.138113
3255,6516,0.971269
3256,6518,0.271235
3257,6520,0.497991
3258,6522,1.865017
3259,6524,2.138495
3260,6526,0.971535
3261,6528,0.271148
3262,6530,0.497960
3263,6532,1.864491
3264,6534,2.138433
3265,6536,0.972120
3266,6538,0.271213
3267,6540,0.497563
3268,6542,1.864173
3269,6544,2.138531
3270,6546,0.972890
3271,6548,0.271542
3272,6550,0.497030
3273,6552,1.863664
3274,6554,2.138544
3275,6556,0.972924
3276,6558,0.271294
3277,6560,0.496598
3278,6562,1.863533
3279,6564,2.138798
3280,6566,0.973886
3281,6568,0.271941
3282,6570,0.496189
3283,6572,1.863189
3284,6574,2.138680
3285,6576,0.973803
3286,6578,0.271817
3287,6580,0.496076
3288,6582,1.862925
3289,6584,2.139230
3290,6586,0.974320
3291,6588,0.271800
3292,6590,0.495529
3293,6592,1.862453
3294,6594,2.139125
3295,6596,0.975185
3296,6598,0.272058
3297,6600,0.495413
3298,6602,1.862177
3299,6604,2.139299
3300,6606,0.975578
3301,6608,0.272151
3302,6610,0.494933
3303,6612,1.861924
3304,6614,2.139266
3305,6616,0.976038
3306,6618,0.272484
3307,6620,0.494291
3308,6622,1.861268
3309,6624,2.139706
3310,6626,0.976536
3311,6628,0.272667
3312,6630,0.494205
3313,6632,1.860805
3314,6634,2.139411
3315,6636,0.977111
3316,6638,0.272595
3317,6640,0.494238
3318,6642,1.860675
3319,6644,2.139911
3320,6646,0.977693
3321,6648,0.272579
3322,6650,0.493629
3323,6652,1.860164
3324,6654,2.139496
3325,6656,0.977844
3326,6658,0.272760
3327,6660,0.492911
3328,6662,1.859786
3329,6664,2.139678
3330,6666,0.978552
3331,6668,0.273438
3332,6670,0.492920
3333,6672,1.859366
3334,6674,2.140004
3335,6676,0.978779
3336,6678,0.273308
3337,6680,0.492728
3338,6682,1.859073
3339,6684,2.140206
3340,6686,0.979326
3341,6688,0.273043
3342,6690,0.492320
3343,6692,1.858778
3344,6694,2.140325
3345,6696,0.980154
3346,6698,0.273545
3347,6700,0.491932
3348,6702,1.858595
3349,6704,2.140386
3350,6706,0.980446
3351,6708,0.273726
3352,6710,0.491315
3353,6712,1.857982
3354,6714,2.140434
3355,6716,0.980767
3356,6718,0.273941
3357,6720,0.491058
3358,6722,1.857697
3359,6724,2.140676
3360,6726,0.981283
3361,6728,0.274308
3362,6730,0.490898
3363,6732,1.857217
3364,6734,2.140498
3365,6736,0.981545
3366,6738,0.273725
3367,6740,0.490483
3368,6742,1.856875
3369,6744,2.140945
3370,6746,0.982460
3371,6748,0.274290
3372,6750,0.490299
3373,6752,1.856550
3374,6754,2.140722
3375,6756,0.982966
3376,6758,0.274490
3377,6760,0.489801
3378,6762,1.856421
3379,6764,2.141000
3380,6766,0.983276
3381,6768,0.274823
3382,6770,0.489683
3383,6772,1.855832
3384,6774,2.141191
3385,6776,0.983532
3386,6778,0.274835
3387,6780,0.489423
3388,6782,1.855797
3389,6784,2.141451
3390,6786,0.984401
3391,6788,0.274768
3392,6790,0.488862
3393,6792,1.855182
3394,6794,2.141608
3395,6796,0.985017
3396,6798,0.275007
3397,6800,0.488606
3398,6802,1.855073
3399,6804,2.141527
3400,6806,0.985359
3401,6808,0.275095
3402,6810,0.488008
3403,6812,1.854731
3404,6814,2.141753
3405,6816,0.985822
3406,6818,0.275638
3407,6820,0.487888
3408,6822,1.854156
3409,6824,2.141711
3410,6826,0.986042
3411,6828,0.275499
3412,6830,0.487729
3413,6832,1.853761
3414,6834,2.141600
3415,6836,0.986509
3416,6838,0.275527
3417,6840,0.487253
3418,6842,1.853158
3419,6844,2.141887
3420,6846,0.987093
3421,6848,0.275949
3422,6850,0.487137
3423,6852,1.853055
3424,6854,2.141902
3425,6856,0.987663
3426,6858,0.275730
3427,6860,0.486154
3428,6862,1.852584
3429,6864,2.142223
3430,6866,0.988246
3431,6868,0.276234
3432,6870,0.486166
3433,6872,1.852183
3434,6874,2.142348
3435,6876,0.988727
3436,6878,0.276518
3437,6880,0.485997
3438,6882,1.851718
3439,6884,2.142296
3440,6886,0.989115
3441,6888,0.276211
3442,6890,0.485524
3443,6892,1.851388
3444,6894,2.142491
3445,6896,0.989821
3446,6898,0.276647
3447,6900,0.485287
3448,6902,1.851293
3449,6904,2.142685
3450,6906,0.990213
3451,6908,0.276729
3452,6910,0.484803
3453,6912,1.850964
3454,6914,2.142737
3455,6917,0.546532
3456,6919,0.254230
3457,6921,1.406029
3458,6923,2.120345
3459,6925,1.912684
3460,6927,0.546358
3461,6929,0.254144
3462,6931,1.405411
3463,6933,2.119856
3464,6935,1.913068
3465,6937,0.546687
3466,6939,0.253954
3467,6941,1.405254
3468,6943,2.119696
3469,6945,1.913280
3470,6947,0.547589
3471,6949,0.253873
3472,6951,1.404570
3473,6953,2.119469
3474,6955,1.913636
3475,6957,0.547740
3476,6959,0.253421
3477,6961,1.404341
3478,6963,2.119692
3479,6965,1.914115
3480,6967,0.548270
3481,6969,0.253592
3482,6971,1.403412
3483,6973,2.119325
3484,6975,1.914111
3485,6977,0.548357
3486,6979,0.253516
3487,6981,1.403177
3488,6983,2.119336
3489,6985,1.914916
3490,6987,0.548651
3491,6989,0.253054
3492,6991,1.402673
3493,6993,2.118863
3494,6995,1.915116
3495,6997,0.549080
3496,6999,0.253229
3497,7001,1.402243
3498,7003,2.118715
3499,7005,1.915017
3500,7007,0.549523
3501,7009,0.252862
3502,7011,1.401810
3503,7013,2.118809
3504,7015,1.915588
3505,7017,0.550209
3506,7019,0.253188
3507,7021,1.401121
3508,7023,2.118459
3509,7025,1.915947
3510,7027,0.550238
3511,7029,0.253262
3512,7031,1.400534
3513,7033,2.118300
3514,7035,1.916380
3515,7037,0.550439
3516,7039,0.252680
3517,7041,1.400143
3518,7043,2.118083
3519,7045,1.916703
3520,7047,0.550873
3521,7049,0.252494
3522,7051,1.400021
3523,7053,2.117989
3524,7055,1.916772
3525,7057,0.551512
3526,7059,0.252597
3527,7061,1.399602
3528,7063,2.118130
3529,7065,1.917358
3530,7067,0.551960
3531,7069,0.252608
3532,7071,1.398842
3533,7073,2.117666
3534,7075,1.917379
3535,7077,0.552114
3536,7079,0.252749
3537,7081,1.398324
3538,7083,2.117565
3539,7085,1.918044
3540,7087,0.552455
3541,7089,0.252362
3542,7091,1.397855
3543,7093,2.117333
3544,7095,1.918500
3545,7097,0.553051
3546,7099,0.252268
3547,7101,1.397641
3548,7103,2.117158
3549,7105,1.918379
3550,7107,0.553411
3551,7109,0.252126
3552,7111,1.396973
3553,7113,2.117163
3554,7115,1.918782
3555,7117,0.553726
3556,7119,0.252051
3557,7121,1.396201
3558,7123,2.116743
3559,7125,1.919044
3560,7128,0.279818
3561,7130,0.477354
3562,7132,1.842839
3563,7134,2.144659
3564,7136,1.001015
3565,7138,0.279799
3566,7140,0.477153
3567,7142,1.842075
3568,7144,2.144773
3569,7146,1.001583
3570,7148,0.279996
3571,7150,0.476882
3572,7152,1.842104
3573,7154,2.145214
3574,7156,1.002287
3575,7158,0.280552
3576,7160,0.476508
3577,7162,1.841592
3578,7164,2.145045
3579,7166,1.002521
3580,7168,0.280769
3581,7170,0.476106
3582,7172,1.841205
3583,7174,2.145353
3584,7176,1.002792
3585,7178,0.280472
3586,7180,0.475797
3587,7182,1.840801
3588,7184,2.145651
3589,7186,1.003416
3590,7188,0.280644
3591,7190,0.475542
3592,7192,1.840482
3593,7194,2.145553
3594,7196,1.004113
3595,7198,0.281023
3596,7200,0.475279
3597,7202,1.840066
3598,7204,2.145507
3599,7206,1.004573
3600,7208,0.281035
3601,7210,0.474710
3602,7212,1.839782
3603,7214,2.145851
3604,7216,1.005024
3605,7218,0.281388
3606,7220,0.474432
3607,7222,1.839733
3608,7224,2.146031
3609,7226,1.005567
3610,7228,0.281787
3611,7230,0.474481
3612,7232,1.839095
3613,7234,2.146293
3614,7236,1.006009
3615,7238,0.281646
3616,7240,0.473963
3617,7242,1.838872
3618,7244,2.146205
3619,7246,1.006774
3620,7248,0.281890
3621,7250,0.473785
3622,7252,1.838422
3623,7254,2.146150
3624,7256,1.007124
3625,7258,0.281725
3626,7260,0.472980
3627,7262,1.838098
3628,7264,2.146255
3629,7266,1.007717
3630,7268,0.282387
3631,7270,0.472864
3632,7272,1.837491
3633,7274,2.146430
3634,7276,1.007955
3635,7278,0.282607
3636,7280,0.472952
3637,7282,1.837103
3638,7284,2.146266
3639,7286,1.008137
3640,7288,0.282222
3641,7290,0.472149
3642,7292,1.836540
3643,7294,2.146469
3644,7296,1.008948
3645,7298,0.282548
3646,7300,0.472007
3647,7302,1.836556
3648,7304,2.146273
3649,7306,1.009387
3650,7308,0.282770
3651,7310,0.471393
3652,7312,1.836171
3653,7314,2.146683
3654,7316,1.009959
3655,7318,0.283324
3656,7320,0.471187
3657,7322,1.835723
3658,7324,2.146899
3659,7326,1.010284
3660,7328,0.283326
3661,7330,0.471127
3662,7332,1.835344
3663,7334,2.146957
3664,7336,1.010630
3665,7338,0.282788
3666,7340,0.470822
3667,7342,1.834901
3668,7344,2.146781
3669,7346,1.011541
3670,7348,0.283193
3671,7350,0.470165
3672,7352,1.834585
3673,7354,2.147039
3674,7356,1.011814
3675,7358,0.283292
3676,7360,0.469669
3677,7362,1.834024
3678,7364,2.147286
3679,7366,1.012547
3680,7368,0.283867
3681,7370,0.469453
3682,7372,1.833689
3683,7374,2.146977
3684,7376,1.012475
3685,7378,0.283824
3686,7380,0.469389
3687,7382,1.833448
3688,7384,2.147604
3689,7386,1.013152
3690,7388,0.283873
3691,7390,0.469203
3692,7392,1.833158
3693,7394,2.147626
3694,7396,1.013759
3695,7398,0.284037
3696,7400,0.468721
3697,7402,1.832805
3698,7404,2.147502
3699,7406,1.014023
3700,7408,0.284216
3701,7410,0.468078
3702,7412,1.832294
3703,7414,2.147781
3704,7416,1.014880
3705,7418,0.284778
3706,7420,0.468178
3707,7422,1.832075
3708,7424,2.147789
3709,7426,1.015183
3710,7428,0.284934
3711,7430,0.467959
3712,7432,1.831922
3713,7434,2.147999
3714,7436,1.015659
3715,7438,0.284381
3716,7440,0.467410
3717,7442,1.831142
3718,7444,2.148039
3719,7446,1.016303
3720,7448,0.284819
3721,7450,0.467042
3722,7452,1.830636
3723,7454,2.148146
3724,7456,1.016770
3725,7458,0.284998
3726,7460,0.466584
3727,7462,1.830466
3728,7464,2.148249
3729,7466,1.017296
3730,7468,0.285826
3731,7470,0.466528
3732,7472,1.830307
3733,7474,2.148286
3734,7476,1.017595
3735,7478,0.285576
3736,7480,0.466166
3737,7482,1.829797
3738,7484,2.148550
3739,7486,1.018314
3740,7488,0.285645
3741,7490,0.466131
3742,7492,1.829252
3743,7494,2.148306
3744,7496,1.018721
3745,7498,0.285827
3746,7500,0.465677
3747,7502,1.829144
3748,7504,2.148458
3749,7506,1.018883
3750,7508,0.285936
3751,7510,0.464858
3752,7512,1.828708
3753,7514,2.148524
3754,7516,1.019689
3755,7518,0.286265
3756,7520,0.464574
3757,7522,1.828253
3758,7524,2.148692
3759,7526,1.020208
3760,7528,0.286658
3761,7530,0.464706
3762,7532,1.828221
3763,7534,2.148920
3764,7536,1.020765
3765,7538,0.286461
3766,7540,0.464293
3767,7542,1.827364
3768,7544,2.148894
3769,7546,1.021165
3770,7548,0.286452
3771,7550,0.463912
3772,7552,1.827188
3773,7554,2.148906
3774,7556,1.021722
3775,7558,0.286612
3776,7560,0.876031
3777,7562,1.826699
3778,7564,2.149089
3779,7566,1.022078
3780,7568,0.286985
3781,7570,0.463077
3782,7572,1.826404
3783,7574,2.149277
3784,7576,1.022438
3785,7578,0.287291
3786,7580,0.462923
3787,7582,1.826139
3788,7584,2.149439
3789,7586,1.022965
3790,7588,0.287204
3791,7590,0.874887
3792,7592,1.825788
3793,7594,2.149484
3794,7596,1.023668
3795,7598,0.287494
3796,7600,0.462337
3797,7602,1.825287
3798,7604,2.149352
3799,7606,1.024052
3800,7608,0.287418
3801,7610,0.461516
3802,7612,1.825047
3803,7614,2.149683
3804,7616,1.024601
3805,7618,0.287800
3806,7620,0.873050
3807,7622,1.824569
3808,7624,2.149437
3809,7626,1.024780
3810,7628,0.288089
3811,7630,0.461611
3812,7632,1.824172
3813,7634,2.149904
3814,7636,1.025529
3815,7638,0.287929
3816,7640,0.460817
3817,7642,1.823726
3818,7644,2.149768
3819,7646,1.025984
3820,7648,0.288378
3821,7650,0.872156
3822,7652,1.823531
3823,7654,2.149942
3824,7656,1.026577
3825,7658,0.288535
3826,7660,0.460067
3827,7662,1.822999
3828,7664,2.150231
3829,7666,1.027117
3830,7668,0.288849
3831,7670,0.459930
3832,7672,1.822552
3833,7674,2.150028
3834,7676,1.027512
3835,7678,0.289037
3836,7680,0.870753
3837,7682,1.822115
3838,7684,2.149903
3839,7686,1.027808
3840,7688,0.288655
3841,7690,0.459397
3842,7692,1.821684
3843,7694,2.150309
3844,7696,1.028401
3845,7698,0.288905
3846,7700,0.459131
3847,7702,1.821465
3848,7704,2.150349
3849,7706,1.029239
3850,7708,0.289356
3851,7710,0.868900
3852,7712,1.821335
3853,7714,2.150596
3854,7716,1.029467
3855,7718,0.289678
3856,7720,0.458429
3857,7722,1.820633
3858,7724,2.150621
3859,7726,1.029703
3860,7728,0.289899
3861,7730,0.458543
3862,7732,1.820343
3863,7734,2.150676
3864,7736,1.030500
3865,7738,0.289616
3866,7740,0.867837
3867,7742,1.819927
3868,7744,2.150606
3869,7746,1.030916
3870,7748,0.289917
3871,7750,0.867350
3872,7752,1.819628
3873,7754,2.150446
3874,7756,1.031418
3875,7758,0.290132
3876,7760,0.456703
3877,7762,1.819298
3878,7764,2.150803
3879,7766,1.032108
3880,7768,0.290533
3881,7770,0.866204
3882,7772,1.818952
3883,7774,2.151022
3884,7776,1.032192
3885,7778,0.290590
3886,7780,0.865950
3887,7782,1.818349
3888,7784,2.150954
3889,7786,1.033001
3890,7788,0.290528
3891,7790,0.865263
3892,7792,1.817905
3893,7794,2.150943
3894,7796,1.033477
3895,7798,0.290770
3896,7800,0.865092
3897,7802,1.817628
3898,7804,2.151133
3899,7806,1.033847
3900,7808,0.291011
3901,7810,0.864334
3902,7812,1.817418
3903,7814,2.151190
3904,7816,1.034267
3905,7818,0.291564
3906,7820,0.864151
3907,7822,1.816736
3908,7824,2.151280
3909,7826,1.034658
3910,7828,0.291445
3911,7830,0.863599
3912,7832,1.816417
3913,7834,2.151500
3914,7836,1.035040
3915,7838,0.291252
3916,7840,0.862954
3917,7842,1.816027
3918,7844,2.151408
3919,7846,1.035756
3920,7848,0.291508
3921,7850,0.862584
3922,7852,1.815732
3923,7854,2.151423
3924,7856,1.036014
3925,7858,0.291597
3926,7860,0.862000
3927,7862,1.815246
3928,7864,2.151605
3929,7866,1.036777
3930,7868,0.292141
3931,7870,0.861782
3932,7872,1.815110
3933,7874,2.151754
3934,7876,1.036906
3935,7878,0.292159
3936,7880,0.861363
3937,7882,1.814452
3938,7884,2.151715
3939,7886,1.037561
3940,7888,0.292289
3941,7890,0.860659
3942,7892,1.814090
3943,7894,2.151881
3944,7896,1.038295
3945,7898,0.292653
3946,7900,0.860569
3947,7902,1.813997
3948,7904,2.152047
3949,7906,1.038719
3950,7908,0.292838
3951,7910,0.859682
3952,7912,1.813823
3953,7914,2.152308
3954,7916,1.039182
3955,7918,0.293087
3956,7920,0.859029
3957,7922,1.813098
3958,7924,2.152176
3959,7926,1.039490
3960,7928,0.293085
3961,7930,0.858320
3962,7932,1.812511
3963,7934,2.152496
3964,7936,1.040056
3965,7938,0.293180
3966,7940,0.858562
3967,7942,1.812065
3968,7944,2.152109
3969,7946,1.040581
3970,7948,0.293075
3971,7950,0.858141
3972,7952,1.812022
3973,7954,2.152366
3974,7956,1.041166
3975,7958,0.293573
3976,7960,0.857442
3977,7962,1.811788
3978,7964,2.152737
3979,7966,1.041620
3980,7968,0.293956
3981,7970,0.856927
3982,7972,1.811054
3983,7974,2.152640
3984,7976,1.041853
3985,7978,0.294155
3986,7980,0.856617
3987,7982,1.810809
3988,7984,2.152447
3989,7986,1.042309
3990,7988,0.293828
3991,7990,0.856131
3992,7992,1.810190
3993,7994,2.152507
3994,7996,1.043029
3995,7998,0.294150
3996,8000,0.855708
3997,8002,1.810198
3998,8004,2.152808
3999,8006,1.043569

